split,group,plant_type,sequence_id,identifier,capture,frame,rgb_path
train,Pepper\II\Healthy,Healthy,H_25,25,0,1,Datasets/TOBRFV-LMID/RGB/Pepper/II/Healthy/H_25_RGB_0_1.tiff
train,Pepper\II\Healthy,Healthy,H_25,25,0,10,Datasets/TOBRFV-LMID/RGB/Pepper/II/Healthy/H_25_RGB_0_10.tiff
train,Pepper\II\Healthy,Healthy,H_25,25,0,11,Datasets/TOBRFV-LMID/RGB/Pepper/II/Healthy/H_25_RGB_0_11.tiff
train,Pepper\II\Healthy,Healthy,H_25,25,0,12,Datasets/TOBRFV-LMID/RGB/Pepper/II/Healthy/H_25_RGB_0_12.tiff
train,Pepper\II\Healthy,Healthy,H_25,25,0,13,Datasets/TOBRFV-LMID/RGB/Pepper/II/Healthy/H_25_RGB_0_13.tiff
train,Pepper\II\Healthy,Healthy,H_25,25,0,14,Datasets/TOBRFV-LMID/RGB/Pepper/II/Healthy/H_25_RGB_0_14.tiff
train,Pepper\II\Healthy,Healthy,H_25,25,0,15,Datasets/TOBRFV-LMID/RGB/Pepper/II/Healthy/H_25_RGB_0_15.tiff
train,Pepper\II\Healthy,Healthy,H_25,25,0,16,Datasets/TOBRFV-LMID/RGB/Pepper/II/Healthy/H_25_RGB_0_16.tiff
train,Pepper\II\Healthy,Healthy,H_25,25,0,17,Datasets/TOBRFV-LMID/RGB/Pepper/II/Healthy/H_25_RGB_0_17.tiff
train,Pepper\II\Healthy,Healthy,H_25,25,0,18,Datasets/TOBRFV-LMID/RGB/Pepper/II/Healthy/H_25_RGB_0_18.tiff
train,Pepper\II\Healthy,Healthy,H_25,25,0,19,Datasets/TOBRFV-LMID/RGB/Pepper/II/Healthy/H_25_RGB_0_19.tiff
train,Pepper\II\Healthy,Healthy,H_25,25,0,2,Datasets/TOBRFV-LMID/RGB/Pepper/II/Healthy/H_25_RGB_0_2.tiff
train,Pepper\II\Healthy,Healthy,H_25,25,0,20,Datasets/TOBRFV-LMID/RGB/Pepper/II/Healthy/H_25_RGB_0_20.tiff
train,Pepper\II\Healthy,Healthy,H_25,25,0,21,Datasets/TOBRFV-LMID/RGB/Pepper/II/Healthy/H_25_RGB_0_21.tiff
train,Pepper\II\Healthy,Healthy,H_25,25,0,22,Datasets/TOBRFV-LMID/RGB/Pepper/II/Healthy/H_25_RGB_0_22.tiff
train,Pepper\II\Healthy,Healthy,H_25,25,0,23,Datasets/TOBRFV-LMID/RGB/Pepper/II/Healthy/H_25_RGB_0_23.tiff
train,Pepper\II\Healthy,Healthy,H_25,25,0,24,Datasets/TOBRFV-LMID/RGB/Pepper/II/Healthy/H_25_RGB_0_24.tiff
train,Pepper\II\Healthy,Healthy,H_25,25,0,25,Datasets/TOBRFV-LMID/RGB/Pepper/II/Healthy/H_25_RGB_0_25.tiff
train,Pepper\II\Healthy,Healthy,H_25,25,0,26,Datasets/TOBRFV-LMID/RGB/Pepper/II/Healthy/H_25_RGB_0_26.tiff
train,Pepper\II\Healthy,Healthy,H_25,25,0,27,Datasets/TOBRFV-LMID/RGB/Pepper/II/Healthy/H_25_RGB_0_27.tiff
train,Pepper\II\Healthy,Healthy,H_25,25,0,28,Datasets/TOBRFV-LMID/RGB/Pepper/II/Healthy/H_25_RGB_0_28.tiff
train,Pepper\II\Healthy,Healthy,H_25,25,0,29,Datasets/TOBRFV-LMID/RGB/Pepper/II/Healthy/H_25_RGB_0_29.tiff
train,Pepper\II\Healthy,Healthy,H_25,25,0,3,Datasets/TOBRFV-LMID/RGB/Pepper/II/Healthy/H_25_RGB_0_3.tiff
train,Pepper\II\Healthy,Healthy,H_25,25,0,30,Datasets/TOBRFV-LMID/RGB/Pepper/II/Healthy/H_25_RGB_0_30.tiff
train,Pepper\II\Healthy,Healthy,H_25,25,0,31,Datasets/TOBRFV-LMID/RGB/Pepper/II/Healthy/H_25_RGB_0_31.tiff
train,Pepper\II\Healthy,Healthy,H_25,25,0,32,Datasets/TOBRFV-LMID/RGB/Pepper/II/Healthy/H_25_RGB_0_32.tiff
train,Pepper\II\Healthy,Healthy,H_25,25,0,33,Datasets/TOBRFV-LMID/RGB/Pepper/II/Healthy/H_25_RGB_0_33.tiff
train,Pepper\II\Healthy,Healthy,H_25,25,0,34,Datasets/TOBRFV-LMID/RGB/Pepper/II/Healthy/H_25_RGB_0_34.tiff
train,Pepper\II\Healthy,Healthy,H_25,25,0,35,Datasets/TOBRFV-LMID/RGB/Pepper/II/Healthy/H_25_RGB_0_35.tiff
train,Pepper\II\Healthy,Healthy,H_25,25,0,36,Datasets/TOBRFV-LMID/RGB/Pepper/II/Healthy/H_25_RGB_0_36.tiff
train,Pepper\II\Healthy,Healthy,H_25,25,0,37,Datasets/TOBRFV-LMID/RGB/Pepper/II/Healthy/H_25_RGB_0_37.tiff
train,Pepper\II\Healthy,Healthy,H_25,25,0,38,Datasets/TOBRFV-LMID/RGB/Pepper/II/Healthy/H_25_RGB_0_38.tiff
train,Pepper\II\Healthy,Healthy,H_25,25,0,39,Datasets/TOBRFV-LMID/RGB/Pepper/II/Healthy/H_25_RGB_0_39.tiff
train,Pepper\II\Healthy,Healthy,H_25,25,0,4,Datasets/TOBRFV-LMID/RGB/Pepper/II/Healthy/H_25_RGB_0_4.tiff
train,Pepper\II\Healthy,Healthy,H_25,25,0,40,Datasets/TOBRFV-LMID/RGB/Pepper/II/Healthy/H_25_RGB_0_40.tiff
train,Pepper\II\Healthy,Healthy,H_25,25,0,41,Datasets/TOBRFV-LMID/RGB/Pepper/II/Healthy/H_25_RGB_0_41.tiff
train,Pepper\II\Healthy,Healthy,H_25,25,0,42,Datasets/TOBRFV-LMID/RGB/Pepper/II/Healthy/H_25_RGB_0_42.tiff
train,Pepper\II\Healthy,Healthy,H_25,25,0,43,Datasets/TOBRFV-LMID/RGB/Pepper/II/Healthy/H_25_RGB_0_43.tiff
train,Pepper\II\Healthy,Healthy,H_25,25,0,44,Datasets/TOBRFV-LMID/RGB/Pepper/II/Healthy/H_25_RGB_0_44.tiff
train,Pepper\II\Healthy,Healthy,H_25,25,0,45,Datasets/TOBRFV-LMID/RGB/Pepper/II/Healthy/H_25_RGB_0_45.tiff
train,Pepper\II\Healthy,Healthy,H_25,25,0,5,Datasets/TOBRFV-LMID/RGB/Pepper/II/Healthy/H_25_RGB_0_5.tiff
train,Pepper\II\Healthy,Healthy,H_25,25,0,6,Datasets/TOBRFV-LMID/RGB/Pepper/II/Healthy/H_25_RGB_0_6.tiff
train,Pepper\II\Healthy,Healthy,H_25,25,0,7,Datasets/TOBRFV-LMID/RGB/Pepper/II/Healthy/H_25_RGB_0_7.tiff
train,Pepper\II\Healthy,Healthy,H_25,25,0,8,Datasets/TOBRFV-LMID/RGB/Pepper/II/Healthy/H_25_RGB_0_8.tiff
train,Pepper\II\Healthy,Healthy,H_25,25,0,9,Datasets/TOBRFV-LMID/RGB/Pepper/II/Healthy/H_25_RGB_0_9.tiff
train,Pepper\II\Healthy,Healthy,H_25,25,15,1,Datasets/TOBRFV-LMID/RGB/Pepper/II/Healthy/H_25_RGB_15_1.tiff
train,Pepper\II\Healthy,Healthy,H_25,25,15,10,Datasets/TOBRFV-LMID/RGB/Pepper/II/Healthy/H_25_RGB_15_10.tiff
train,Pepper\II\Healthy,Healthy,H_25,25,15,11,Datasets/TOBRFV-LMID/RGB/Pepper/II/Healthy/H_25_RGB_15_11.tiff
train,Pepper\II\Healthy,Healthy,H_25,25,15,12,Datasets/TOBRFV-LMID/RGB/Pepper/II/Healthy/H_25_RGB_15_12.tiff
train,Pepper\II\Healthy,Healthy,H_25,25,15,13,Datasets/TOBRFV-LMID/RGB/Pepper/II/Healthy/H_25_RGB_15_13.tiff
train,Pepper\II\Healthy,Healthy,H_25,25,15,14,Datasets/TOBRFV-LMID/RGB/Pepper/II/Healthy/H_25_RGB_15_14.tiff
train,Pepper\II\Healthy,Healthy,H_25,25,15,15,Datasets/TOBRFV-LMID/RGB/Pepper/II/Healthy/H_25_RGB_15_15.tiff
train,Pepper\II\Healthy,Healthy,H_25,25,15,16,Datasets/TOBRFV-LMID/RGB/Pepper/II/Healthy/H_25_RGB_15_16.tiff
train,Pepper\II\Healthy,Healthy,H_25,25,15,17,Datasets/TOBRFV-LMID/RGB/Pepper/II/Healthy/H_25_RGB_15_17.tiff
train,Pepper\II\Healthy,Healthy,H_25,25,15,18,Datasets/TOBRFV-LMID/RGB/Pepper/II/Healthy/H_25_RGB_15_18.tiff
train,Pepper\II\Healthy,Healthy,H_25,25,15,19,Datasets/TOBRFV-LMID/RGB/Pepper/II/Healthy/H_25_RGB_15_19.tiff
train,Pepper\II\Healthy,Healthy,H_25,25,15,2,Datasets/TOBRFV-LMID/RGB/Pepper/II/Healthy/H_25_RGB_15_2.tiff
train,Pepper\II\Healthy,Healthy,H_25,25,15,20,Datasets/TOBRFV-LMID/RGB/Pepper/II/Healthy/H_25_RGB_15_20.tiff
train,Pepper\II\Healthy,Healthy,H_25,25,15,21,Datasets/TOBRFV-LMID/RGB/Pepper/II/Healthy/H_25_RGB_15_21.tiff
train,Pepper\II\Healthy,Healthy,H_25,25,15,22,Datasets/TOBRFV-LMID/RGB/Pepper/II/Healthy/H_25_RGB_15_22.tiff
train,Pepper\II\Healthy,Healthy,H_25,25,15,23,Datasets/TOBRFV-LMID/RGB/Pepper/II/Healthy/H_25_RGB_15_23.tiff
train,Pepper\II\Healthy,Healthy,H_25,25,15,24,Datasets/TOBRFV-LMID/RGB/Pepper/II/Healthy/H_25_RGB_15_24.tiff
train,Pepper\II\Healthy,Healthy,H_25,25,15,25,Datasets/TOBRFV-LMID/RGB/Pepper/II/Healthy/H_25_RGB_15_25.tiff
train,Pepper\II\Healthy,Healthy,H_25,25,15,26,Datasets/TOBRFV-LMID/RGB/Pepper/II/Healthy/H_25_RGB_15_26.tiff
train,Pepper\II\Healthy,Healthy,H_25,25,15,27,Datasets/TOBRFV-LMID/RGB/Pepper/II/Healthy/H_25_RGB_15_27.tiff
train,Pepper\II\Healthy,Healthy,H_25,25,15,28,Datasets/TOBRFV-LMID/RGB/Pepper/II/Healthy/H_25_RGB_15_28.tiff
train,Pepper\II\Healthy,Healthy,H_25,25,15,29,Datasets/TOBRFV-LMID/RGB/Pepper/II/Healthy/H_25_RGB_15_29.tiff
train,Pepper\II\Healthy,Healthy,H_25,25,15,3,Datasets/TOBRFV-LMID/RGB/Pepper/II/Healthy/H_25_RGB_15_3.tiff
train,Pepper\II\Healthy,Healthy,H_25,25,15,30,Datasets/TOBRFV-LMID/RGB/Pepper/II/Healthy/H_25_RGB_15_30.tiff
train,Pepper\II\Healthy,Healthy,H_25,25,15,31,Datasets/TOBRFV-LMID/RGB/Pepper/II/Healthy/H_25_RGB_15_31.tiff
train,Pepper\II\Healthy,Healthy,H_25,25,15,32,Datasets/TOBRFV-LMID/RGB/Pepper/II/Healthy/H_25_RGB_15_32.tiff
train,Pepper\II\Healthy,Healthy,H_25,25,15,33,Datasets/TOBRFV-LMID/RGB/Pepper/II/Healthy/H_25_RGB_15_33.tiff
train,Pepper\II\Healthy,Healthy,H_25,25,15,34,Datasets/TOBRFV-LMID/RGB/Pepper/II/Healthy/H_25_RGB_15_34.tiff
train,Pepper\II\Healthy,Healthy,H_25,25,15,35,Datasets/TOBRFV-LMID/RGB/Pepper/II/Healthy/H_25_RGB_15_35.tiff
train,Pepper\II\Healthy,Healthy,H_25,25,15,36,Datasets/TOBRFV-LMID/RGB/Pepper/II/Healthy/H_25_RGB_15_36.tiff
train,Pepper\II\Healthy,Healthy,H_25,25,15,37,Datasets/TOBRFV-LMID/RGB/Pepper/II/Healthy/H_25_RGB_15_37.tiff
train,Pepper\II\Healthy,Healthy,H_25,25,15,38,Datasets/TOBRFV-LMID/RGB/Pepper/II/Healthy/H_25_RGB_15_38.tiff
train,Pepper\II\Healthy,Healthy,H_25,25,15,39,Datasets/TOBRFV-LMID/RGB/Pepper/II/Healthy/H_25_RGB_15_39.tiff
train,Pepper\II\Healthy,Healthy,H_25,25,15,4,Datasets/TOBRFV-LMID/RGB/Pepper/II/Healthy/H_25_RGB_15_4.tiff
train,Pepper\II\Healthy,Healthy,H_25,25,15,40,Datasets/TOBRFV-LMID/RGB/Pepper/II/Healthy/H_25_RGB_15_40.tiff
train,Pepper\II\Healthy,Healthy,H_25,25,15,41,Datasets/TOBRFV-LMID/RGB/Pepper/II/Healthy/H_25_RGB_15_41.tiff
train,Pepper\II\Healthy,Healthy,H_25,25,15,42,Datasets/TOBRFV-LMID/RGB/Pepper/II/Healthy/H_25_RGB_15_42.tiff
train,Pepper\II\Healthy,Healthy,H_25,25,15,43,Datasets/TOBRFV-LMID/RGB/Pepper/II/Healthy/H_25_RGB_15_43.tiff
train,Pepper\II\Healthy,Healthy,H_25,25,15,44,Datasets/TOBRFV-LMID/RGB/Pepper/II/Healthy/H_25_RGB_15_44.tiff
train,Pepper\II\Healthy,Healthy,H_25,25,15,45,Datasets/TOBRFV-LMID/RGB/Pepper/II/Healthy/H_25_RGB_15_45.tiff
train,Pepper\II\Healthy,Healthy,H_25,25,15,5,Datasets/TOBRFV-LMID/RGB/Pepper/II/Healthy/H_25_RGB_15_5.tiff
train,Pepper\II\Healthy,Healthy,H_25,25,15,6,Datasets/TOBRFV-LMID/RGB/Pepper/II/Healthy/H_25_RGB_15_6.tiff
train,Pepper\II\Healthy,Healthy,H_25,25,15,7,Datasets/TOBRFV-LMID/RGB/Pepper/II/Healthy/H_25_RGB_15_7.tiff
train,Pepper\II\Healthy,Healthy,H_25,25,15,8,Datasets/TOBRFV-LMID/RGB/Pepper/II/Healthy/H_25_RGB_15_8.tiff
train,Pepper\II\Healthy,Healthy,H_25,25,15,9,Datasets/TOBRFV-LMID/RGB/Pepper/II/Healthy/H_25_RGB_15_9.tiff
train,Pepper\II\Healthy,Healthy,H_5,5,0,1,Datasets/TOBRFV-LMID/RGB/Pepper/II/Healthy/H_5_RGB_0_1.tiff
train,Pepper\II\Healthy,Healthy,H_5,5,0,10,Datasets/TOBRFV-LMID/RGB/Pepper/II/Healthy/H_5_RGB_0_10.tiff
train,Pepper\II\Healthy,Healthy,H_5,5,0,13,Datasets/TOBRFV-LMID/RGB/Pepper/II/Healthy/H_5_RGB_0_13.tiff
train,Pepper\II\Healthy,Healthy,H_5,5,0,15,Datasets/TOBRFV-LMID/RGB/Pepper/II/Healthy/H_5_RGB_0_15.tiff
train,Pepper\II\Healthy,Healthy,H_5,5,0,16,Datasets/TOBRFV-LMID/RGB/Pepper/II/Healthy/H_5_RGB_0_16.tiff
train,Pepper\II\Healthy,Healthy,H_5,5,0,17,Datasets/TOBRFV-LMID/RGB/Pepper/II/Healthy/H_5_RGB_0_17.tiff
train,Pepper\II\Healthy,Healthy,H_5,5,0,18,Datasets/TOBRFV-LMID/RGB/Pepper/II/Healthy/H_5_RGB_0_18.tiff
train,Pepper\II\Healthy,Healthy,H_5,5,0,19,Datasets/TOBRFV-LMID/RGB/Pepper/II/Healthy/H_5_RGB_0_19.tiff
train,Pepper\II\Healthy,Healthy,H_5,5,0,2,Datasets/TOBRFV-LMID/RGB/Pepper/II/Healthy/H_5_RGB_0_2.tiff
train,Pepper\II\Healthy,Healthy,H_5,5,0,20,Datasets/TOBRFV-LMID/RGB/Pepper/II/Healthy/H_5_RGB_0_20.tiff
train,Pepper\II\Healthy,Healthy,H_5,5,0,21,Datasets/TOBRFV-LMID/RGB/Pepper/II/Healthy/H_5_RGB_0_21.tiff
train,Pepper\II\Healthy,Healthy,H_5,5,0,22,Datasets/TOBRFV-LMID/RGB/Pepper/II/Healthy/H_5_RGB_0_22.tiff
train,Pepper\II\Healthy,Healthy,H_5,5,0,23,Datasets/TOBRFV-LMID/RGB/Pepper/II/Healthy/H_5_RGB_0_23.tiff
train,Pepper\II\Healthy,Healthy,H_5,5,0,25,Datasets/TOBRFV-LMID/RGB/Pepper/II/Healthy/H_5_RGB_0_25.tiff
train,Pepper\II\Healthy,Healthy,H_5,5,0,26,Datasets/TOBRFV-LMID/RGB/Pepper/II/Healthy/H_5_RGB_0_26.tiff
train,Pepper\II\Healthy,Healthy,H_5,5,0,27,Datasets/TOBRFV-LMID/RGB/Pepper/II/Healthy/H_5_RGB_0_27.tiff
train,Pepper\II\Healthy,Healthy,H_5,5,0,28,Datasets/TOBRFV-LMID/RGB/Pepper/II/Healthy/H_5_RGB_0_28.tiff
train,Pepper\II\Healthy,Healthy,H_5,5,0,29,Datasets/TOBRFV-LMID/RGB/Pepper/II/Healthy/H_5_RGB_0_29.tiff
train,Pepper\II\Healthy,Healthy,H_5,5,0,3,Datasets/TOBRFV-LMID/RGB/Pepper/II/Healthy/H_5_RGB_0_3.tiff
train,Pepper\II\Healthy,Healthy,H_5,5,0,30,Datasets/TOBRFV-LMID/RGB/Pepper/II/Healthy/H_5_RGB_0_30.tiff
train,Pepper\II\Healthy,Healthy,H_5,5,0,31,Datasets/TOBRFV-LMID/RGB/Pepper/II/Healthy/H_5_RGB_0_31.tiff
train,Pepper\II\Healthy,Healthy,H_5,5,0,32,Datasets/TOBRFV-LMID/RGB/Pepper/II/Healthy/H_5_RGB_0_32.tiff
train,Pepper\II\Healthy,Healthy,H_5,5,0,33,Datasets/TOBRFV-LMID/RGB/Pepper/II/Healthy/H_5_RGB_0_33.tiff
train,Pepper\II\Healthy,Healthy,H_5,5,0,34,Datasets/TOBRFV-LMID/RGB/Pepper/II/Healthy/H_5_RGB_0_34.tiff
train,Pepper\II\Healthy,Healthy,H_5,5,0,35,Datasets/TOBRFV-LMID/RGB/Pepper/II/Healthy/H_5_RGB_0_35.tiff
train,Pepper\II\Healthy,Healthy,H_5,5,0,36,Datasets/TOBRFV-LMID/RGB/Pepper/II/Healthy/H_5_RGB_0_36.tiff
train,Pepper\II\Healthy,Healthy,H_5,5,0,37,Datasets/TOBRFV-LMID/RGB/Pepper/II/Healthy/H_5_RGB_0_37.tiff
train,Pepper\II\Healthy,Healthy,H_5,5,0,38,Datasets/TOBRFV-LMID/RGB/Pepper/II/Healthy/H_5_RGB_0_38.tiff
train,Pepper\II\Healthy,Healthy,H_5,5,0,39,Datasets/TOBRFV-LMID/RGB/Pepper/II/Healthy/H_5_RGB_0_39.tiff
train,Pepper\II\Healthy,Healthy,H_5,5,0,4,Datasets/TOBRFV-LMID/RGB/Pepper/II/Healthy/H_5_RGB_0_4.tiff
train,Pepper\II\Healthy,Healthy,H_5,5,0,40,Datasets/TOBRFV-LMID/RGB/Pepper/II/Healthy/H_5_RGB_0_40.tiff
train,Pepper\II\Healthy,Healthy,H_5,5,0,41,Datasets/TOBRFV-LMID/RGB/Pepper/II/Healthy/H_5_RGB_0_41.tiff
train,Pepper\II\Healthy,Healthy,H_5,5,0,42,Datasets/TOBRFV-LMID/RGB/Pepper/II/Healthy/H_5_RGB_0_42.tiff
train,Pepper\II\Healthy,Healthy,H_5,5,0,44,Datasets/TOBRFV-LMID/RGB/Pepper/II/Healthy/H_5_RGB_0_44.tiff
train,Pepper\II\Healthy,Healthy,H_5,5,0,45,Datasets/TOBRFV-LMID/RGB/Pepper/II/Healthy/H_5_RGB_0_45.tiff
train,Pepper\II\Healthy,Healthy,H_5,5,0,5,Datasets/TOBRFV-LMID/RGB/Pepper/II/Healthy/H_5_RGB_0_5.tiff
train,Pepper\II\Healthy,Healthy,H_5,5,5,1,Datasets/TOBRFV-LMID/RGB/Pepper/II/Healthy/H_5_RGB_5_1.tiff
train,Pepper\II\Healthy,Healthy,H_5,5,5,10,Datasets/TOBRFV-LMID/RGB/Pepper/II/Healthy/H_5_RGB_5_10.tiff
train,Pepper\II\Healthy,Healthy,H_5,5,5,11,Datasets/TOBRFV-LMID/RGB/Pepper/II/Healthy/H_5_RGB_5_11.tiff
train,Pepper\II\Healthy,Healthy,H_5,5,5,13,Datasets/TOBRFV-LMID/RGB/Pepper/II/Healthy/H_5_RGB_5_13.tiff
train,Pepper\II\Healthy,Healthy,H_5,5,5,15,Datasets/TOBRFV-LMID/RGB/Pepper/II/Healthy/H_5_RGB_5_15.tiff
train,Pepper\II\Healthy,Healthy,H_5,5,5,16,Datasets/TOBRFV-LMID/RGB/Pepper/II/Healthy/H_5_RGB_5_16.tiff
train,Pepper\II\Healthy,Healthy,H_5,5,5,17,Datasets/TOBRFV-LMID/RGB/Pepper/II/Healthy/H_5_RGB_5_17.tiff
train,Pepper\II\Healthy,Healthy,H_5,5,5,18,Datasets/TOBRFV-LMID/RGB/Pepper/II/Healthy/H_5_RGB_5_18.tiff
train,Pepper\II\Healthy,Healthy,H_5,5,5,19,Datasets/TOBRFV-LMID/RGB/Pepper/II/Healthy/H_5_RGB_5_19.tiff
train,Pepper\II\Healthy,Healthy,H_5,5,5,2,Datasets/TOBRFV-LMID/RGB/Pepper/II/Healthy/H_5_RGB_5_2.tiff
train,Pepper\II\Healthy,Healthy,H_5,5,5,20,Datasets/TOBRFV-LMID/RGB/Pepper/II/Healthy/H_5_RGB_5_20.tiff
train,Pepper\II\Healthy,Healthy,H_5,5,5,21,Datasets/TOBRFV-LMID/RGB/Pepper/II/Healthy/H_5_RGB_5_21.tiff
train,Pepper\II\Healthy,Healthy,H_5,5,5,22,Datasets/TOBRFV-LMID/RGB/Pepper/II/Healthy/H_5_RGB_5_22.tiff
train,Pepper\II\Healthy,Healthy,H_5,5,5,23,Datasets/TOBRFV-LMID/RGB/Pepper/II/Healthy/H_5_RGB_5_23.tiff
train,Pepper\II\Healthy,Healthy,H_5,5,5,24,Datasets/TOBRFV-LMID/RGB/Pepper/II/Healthy/H_5_RGB_5_24.tiff
train,Pepper\II\Healthy,Healthy,H_5,5,5,25,Datasets/TOBRFV-LMID/RGB/Pepper/II/Healthy/H_5_RGB_5_25.tiff
train,Pepper\II\Healthy,Healthy,H_5,5,5,26,Datasets/TOBRFV-LMID/RGB/Pepper/II/Healthy/H_5_RGB_5_26.tiff
train,Pepper\II\Healthy,Healthy,H_5,5,5,28,Datasets/TOBRFV-LMID/RGB/Pepper/II/Healthy/H_5_RGB_5_28.tiff
train,Pepper\II\Healthy,Healthy,H_5,5,5,3,Datasets/TOBRFV-LMID/RGB/Pepper/II/Healthy/H_5_RGB_5_3.tiff
train,Pepper\II\Healthy,Healthy,H_5,5,5,30,Datasets/TOBRFV-LMID/RGB/Pepper/II/Healthy/H_5_RGB_5_30.tiff
train,Pepper\II\Healthy,Healthy,H_5,5,5,31,Datasets/TOBRFV-LMID/RGB/Pepper/II/Healthy/H_5_RGB_5_31.tiff
train,Pepper\II\Healthy,Healthy,H_5,5,5,33,Datasets/TOBRFV-LMID/RGB/Pepper/II/Healthy/H_5_RGB_5_33.tiff
train,Pepper\II\Healthy,Healthy,H_5,5,5,34,Datasets/TOBRFV-LMID/RGB/Pepper/II/Healthy/H_5_RGB_5_34.tiff
train,Pepper\II\Healthy,Healthy,H_5,5,5,35,Datasets/TOBRFV-LMID/RGB/Pepper/II/Healthy/H_5_RGB_5_35.tiff
train,Pepper\II\Healthy,Healthy,H_5,5,5,36,Datasets/TOBRFV-LMID/RGB/Pepper/II/Healthy/H_5_RGB_5_36.tiff
train,Pepper\II\Healthy,Healthy,H_5,5,5,37,Datasets/TOBRFV-LMID/RGB/Pepper/II/Healthy/H_5_RGB_5_37.tiff
train,Pepper\II\Healthy,Healthy,H_5,5,5,38,Datasets/TOBRFV-LMID/RGB/Pepper/II/Healthy/H_5_RGB_5_38.tiff
train,Pepper\II\Healthy,Healthy,H_5,5,5,4,Datasets/TOBRFV-LMID/RGB/Pepper/II/Healthy/H_5_RGB_5_4.tiff
train,Pepper\II\Healthy,Healthy,H_5,5,5,40,Datasets/TOBRFV-LMID/RGB/Pepper/II/Healthy/H_5_RGB_5_40.tiff
train,Pepper\II\Healthy,Healthy,H_5,5,5,41,Datasets/TOBRFV-LMID/RGB/Pepper/II/Healthy/H_5_RGB_5_41.tiff
train,Pepper\II\Healthy,Healthy,H_5,5,5,42,Datasets/TOBRFV-LMID/RGB/Pepper/II/Healthy/H_5_RGB_5_42.tiff
train,Pepper\II\Healthy,Healthy,H_5,5,5,44,Datasets/TOBRFV-LMID/RGB/Pepper/II/Healthy/H_5_RGB_5_44.tiff
train,Pepper\II\Healthy,Healthy,H_5,5,5,45,Datasets/TOBRFV-LMID/RGB/Pepper/II/Healthy/H_5_RGB_5_45.tiff
train,Pepper\II\Healthy,Healthy,H_5,5,5,5,Datasets/TOBRFV-LMID/RGB/Pepper/II/Healthy/H_5_RGB_5_5.tiff
train,Pepper\II\Healthy,Healthy,H_5,5,5,6,Datasets/TOBRFV-LMID/RGB/Pepper/II/Healthy/H_5_RGB_5_6.tiff
train,Pepper\II\Healthy,Healthy,H_5,5,5,7,Datasets/TOBRFV-LMID/RGB/Pepper/II/Healthy/H_5_RGB_5_7.tiff
train,Pepper\II\Healthy,Healthy,H_5,5,5,8,Datasets/TOBRFV-LMID/RGB/Pepper/II/Healthy/H_5_RGB_5_8.tiff
train,Pepper\II\Healthy,Healthy,H_23,23,0,10,Datasets/TOBRFV-LMID/RGB/Pepper/II/Healthy/H_23_RGB_0_10.tiff
train,Pepper\II\Healthy,Healthy,H_23,23,0,11,Datasets/TOBRFV-LMID/RGB/Pepper/II/Healthy/H_23_RGB_0_11.tiff
train,Pepper\II\Healthy,Healthy,H_23,23,0,12,Datasets/TOBRFV-LMID/RGB/Pepper/II/Healthy/H_23_RGB_0_12.tiff
train,Pepper\II\Healthy,Healthy,H_23,23,0,13,Datasets/TOBRFV-LMID/RGB/Pepper/II/Healthy/H_23_RGB_0_13.tiff
train,Pepper\II\Healthy,Healthy,H_23,23,0,14,Datasets/TOBRFV-LMID/RGB/Pepper/II/Healthy/H_23_RGB_0_14.tiff
train,Pepper\II\Healthy,Healthy,H_23,23,0,15,Datasets/TOBRFV-LMID/RGB/Pepper/II/Healthy/H_23_RGB_0_15.tiff
train,Pepper\II\Healthy,Healthy,H_23,23,0,16,Datasets/TOBRFV-LMID/RGB/Pepper/II/Healthy/H_23_RGB_0_16.tiff
train,Pepper\II\Healthy,Healthy,H_23,23,0,17,Datasets/TOBRFV-LMID/RGB/Pepper/II/Healthy/H_23_RGB_0_17.tiff
train,Pepper\II\Healthy,Healthy,H_23,23,0,18,Datasets/TOBRFV-LMID/RGB/Pepper/II/Healthy/H_23_RGB_0_18.tiff
train,Pepper\II\Healthy,Healthy,H_23,23,0,19,Datasets/TOBRFV-LMID/RGB/Pepper/II/Healthy/H_23_RGB_0_19.tiff
train,Pepper\II\Healthy,Healthy,H_23,23,0,2,Datasets/TOBRFV-LMID/RGB/Pepper/II/Healthy/H_23_RGB_0_2.tiff
train,Pepper\II\Healthy,Healthy,H_23,23,0,20,Datasets/TOBRFV-LMID/RGB/Pepper/II/Healthy/H_23_RGB_0_20.tiff
train,Pepper\II\Healthy,Healthy,H_23,23,0,21,Datasets/TOBRFV-LMID/RGB/Pepper/II/Healthy/H_23_RGB_0_21.tiff
train,Pepper\II\Healthy,Healthy,H_23,23,0,22,Datasets/TOBRFV-LMID/RGB/Pepper/II/Healthy/H_23_RGB_0_22.tiff
train,Pepper\II\Healthy,Healthy,H_23,23,0,23,Datasets/TOBRFV-LMID/RGB/Pepper/II/Healthy/H_23_RGB_0_23.tiff
train,Pepper\II\Healthy,Healthy,H_23,23,0,24,Datasets/TOBRFV-LMID/RGB/Pepper/II/Healthy/H_23_RGB_0_24.tiff
train,Pepper\II\Healthy,Healthy,H_23,23,0,25,Datasets/TOBRFV-LMID/RGB/Pepper/II/Healthy/H_23_RGB_0_25.tiff
train,Pepper\II\Healthy,Healthy,H_23,23,0,26,Datasets/TOBRFV-LMID/RGB/Pepper/II/Healthy/H_23_RGB_0_26.tiff
train,Pepper\II\Healthy,Healthy,H_23,23,0,27,Datasets/TOBRFV-LMID/RGB/Pepper/II/Healthy/H_23_RGB_0_27.tiff
train,Pepper\II\Healthy,Healthy,H_23,23,0,28,Datasets/TOBRFV-LMID/RGB/Pepper/II/Healthy/H_23_RGB_0_28.tiff
train,Pepper\II\Healthy,Healthy,H_23,23,0,29,Datasets/TOBRFV-LMID/RGB/Pepper/II/Healthy/H_23_RGB_0_29.tiff
train,Pepper\II\Healthy,Healthy,H_23,23,0,3,Datasets/TOBRFV-LMID/RGB/Pepper/II/Healthy/H_23_RGB_0_3.tiff
train,Pepper\II\Healthy,Healthy,H_23,23,0,30,Datasets/TOBRFV-LMID/RGB/Pepper/II/Healthy/H_23_RGB_0_30.tiff
train,Pepper\II\Healthy,Healthy,H_23,23,0,31,Datasets/TOBRFV-LMID/RGB/Pepper/II/Healthy/H_23_RGB_0_31.tiff
train,Pepper\II\Healthy,Healthy,H_23,23,0,32,Datasets/TOBRFV-LMID/RGB/Pepper/II/Healthy/H_23_RGB_0_32.tiff
train,Pepper\II\Healthy,Healthy,H_23,23,0,33,Datasets/TOBRFV-LMID/RGB/Pepper/II/Healthy/H_23_RGB_0_33.tiff
train,Pepper\II\Healthy,Healthy,H_23,23,0,34,Datasets/TOBRFV-LMID/RGB/Pepper/II/Healthy/H_23_RGB_0_34.tiff
train,Pepper\II\Healthy,Healthy,H_23,23,0,35,Datasets/TOBRFV-LMID/RGB/Pepper/II/Healthy/H_23_RGB_0_35.tiff
train,Pepper\II\Healthy,Healthy,H_23,23,0,36,Datasets/TOBRFV-LMID/RGB/Pepper/II/Healthy/H_23_RGB_0_36.tiff
train,Pepper\II\Healthy,Healthy,H_23,23,0,37,Datasets/TOBRFV-LMID/RGB/Pepper/II/Healthy/H_23_RGB_0_37.tiff
train,Pepper\II\Healthy,Healthy,H_23,23,0,38,Datasets/TOBRFV-LMID/RGB/Pepper/II/Healthy/H_23_RGB_0_38.tiff
train,Pepper\II\Healthy,Healthy,H_23,23,0,39,Datasets/TOBRFV-LMID/RGB/Pepper/II/Healthy/H_23_RGB_0_39.tiff
train,Pepper\II\Healthy,Healthy,H_23,23,0,4,Datasets/TOBRFV-LMID/RGB/Pepper/II/Healthy/H_23_RGB_0_4.tiff
train,Pepper\II\Healthy,Healthy,H_23,23,0,40,Datasets/TOBRFV-LMID/RGB/Pepper/II/Healthy/H_23_RGB_0_40.tiff
train,Pepper\II\Healthy,Healthy,H_23,23,0,41,Datasets/TOBRFV-LMID/RGB/Pepper/II/Healthy/H_23_RGB_0_41.tiff
train,Pepper\II\Healthy,Healthy,H_23,23,0,42,Datasets/TOBRFV-LMID/RGB/Pepper/II/Healthy/H_23_RGB_0_42.tiff
train,Pepper\II\Healthy,Healthy,H_23,23,0,43,Datasets/TOBRFV-LMID/RGB/Pepper/II/Healthy/H_23_RGB_0_43.tiff
train,Pepper\II\Healthy,Healthy,H_23,23,0,44,Datasets/TOBRFV-LMID/RGB/Pepper/II/Healthy/H_23_RGB_0_44.tiff
train,Pepper\II\Healthy,Healthy,H_23,23,0,45,Datasets/TOBRFV-LMID/RGB/Pepper/II/Healthy/H_23_RGB_0_45.tiff
train,Pepper\II\Healthy,Healthy,H_23,23,0,5,Datasets/TOBRFV-LMID/RGB/Pepper/II/Healthy/H_23_RGB_0_5.tiff
train,Pepper\II\Healthy,Healthy,H_23,23,0,6,Datasets/TOBRFV-LMID/RGB/Pepper/II/Healthy/H_23_RGB_0_6.tiff
train,Pepper\II\Healthy,Healthy,H_23,23,0,7,Datasets/TOBRFV-LMID/RGB/Pepper/II/Healthy/H_23_RGB_0_7.tiff
train,Pepper\II\Healthy,Healthy,H_23,23,0,8,Datasets/TOBRFV-LMID/RGB/Pepper/II/Healthy/H_23_RGB_0_8.tiff
train,Pepper\II\Healthy,Healthy,H_23,23,0,9,Datasets/TOBRFV-LMID/RGB/Pepper/II/Healthy/H_23_RGB_0_9.tiff
train,Pepper\II\Healthy,Healthy,H_23,23,15,1,Datasets/TOBRFV-LMID/RGB/Pepper/II/Healthy/H_23_RGB_15_1.tiff
train,Pepper\II\Healthy,Healthy,H_23,23,15,10,Datasets/TOBRFV-LMID/RGB/Pepper/II/Healthy/H_23_RGB_15_10.tiff
train,Pepper\II\Healthy,Healthy,H_23,23,15,11,Datasets/TOBRFV-LMID/RGB/Pepper/II/Healthy/H_23_RGB_15_11.tiff
train,Pepper\II\Healthy,Healthy,H_23,23,15,12,Datasets/TOBRFV-LMID/RGB/Pepper/II/Healthy/H_23_RGB_15_12.tiff
train,Pepper\II\Healthy,Healthy,H_23,23,15,13,Datasets/TOBRFV-LMID/RGB/Pepper/II/Healthy/H_23_RGB_15_13.tiff
train,Pepper\II\Healthy,Healthy,H_23,23,15,15,Datasets/TOBRFV-LMID/RGB/Pepper/II/Healthy/H_23_RGB_15_15.tiff
train,Pepper\II\Healthy,Healthy,H_23,23,15,16,Datasets/TOBRFV-LMID/RGB/Pepper/II/Healthy/H_23_RGB_15_16.tiff
train,Pepper\II\Healthy,Healthy,H_23,23,15,17,Datasets/TOBRFV-LMID/RGB/Pepper/II/Healthy/H_23_RGB_15_17.tiff
train,Pepper\II\Healthy,Healthy,H_23,23,15,18,Datasets/TOBRFV-LMID/RGB/Pepper/II/Healthy/H_23_RGB_15_18.tiff
train,Pepper\II\Healthy,Healthy,H_23,23,15,19,Datasets/TOBRFV-LMID/RGB/Pepper/II/Healthy/H_23_RGB_15_19.tiff
train,Pepper\II\Healthy,Healthy,H_23,23,15,2,Datasets/TOBRFV-LMID/RGB/Pepper/II/Healthy/H_23_RGB_15_2.tiff
train,Pepper\II\Healthy,Healthy,H_23,23,15,20,Datasets/TOBRFV-LMID/RGB/Pepper/II/Healthy/H_23_RGB_15_20.tiff
train,Pepper\II\Healthy,Healthy,H_23,23,15,21,Datasets/TOBRFV-LMID/RGB/Pepper/II/Healthy/H_23_RGB_15_21.tiff
train,Pepper\II\Healthy,Healthy,H_23,23,15,22,Datasets/TOBRFV-LMID/RGB/Pepper/II/Healthy/H_23_RGB_15_22.tiff
train,Pepper\II\Healthy,Healthy,H_23,23,15,23,Datasets/TOBRFV-LMID/RGB/Pepper/II/Healthy/H_23_RGB_15_23.tiff
train,Pepper\II\Healthy,Healthy,H_23,23,15,24,Datasets/TOBRFV-LMID/RGB/Pepper/II/Healthy/H_23_RGB_15_24.tiff
train,Pepper\II\Healthy,Healthy,H_23,23,15,25,Datasets/TOBRFV-LMID/RGB/Pepper/II/Healthy/H_23_RGB_15_25.tiff
train,Pepper\II\Healthy,Healthy,H_23,23,15,26,Datasets/TOBRFV-LMID/RGB/Pepper/II/Healthy/H_23_RGB_15_26.tiff
train,Pepper\II\Healthy,Healthy,H_23,23,15,27,Datasets/TOBRFV-LMID/RGB/Pepper/II/Healthy/H_23_RGB_15_27.tiff
train,Pepper\II\Healthy,Healthy,H_23,23,15,28,Datasets/TOBRFV-LMID/RGB/Pepper/II/Healthy/H_23_RGB_15_28.tiff
train,Pepper\II\Healthy,Healthy,H_23,23,15,29,Datasets/TOBRFV-LMID/RGB/Pepper/II/Healthy/H_23_RGB_15_29.tiff
train,Pepper\II\Healthy,Healthy,H_23,23,15,3,Datasets/TOBRFV-LMID/RGB/Pepper/II/Healthy/H_23_RGB_15_3.tiff
train,Pepper\II\Healthy,Healthy,H_23,23,15,30,Datasets/TOBRFV-LMID/RGB/Pepper/II/Healthy/H_23_RGB_15_30.tiff
train,Pepper\II\Healthy,Healthy,H_23,23,15,31,Datasets/TOBRFV-LMID/RGB/Pepper/II/Healthy/H_23_RGB_15_31.tiff
train,Pepper\II\Healthy,Healthy,H_23,23,15,32,Datasets/TOBRFV-LMID/RGB/Pepper/II/Healthy/H_23_RGB_15_32.tiff
train,Pepper\II\Healthy,Healthy,H_23,23,15,33,Datasets/TOBRFV-LMID/RGB/Pepper/II/Healthy/H_23_RGB_15_33.tiff
train,Pepper\II\Healthy,Healthy,H_23,23,15,34,Datasets/TOBRFV-LMID/RGB/Pepper/II/Healthy/H_23_RGB_15_34.tiff
train,Pepper\II\Healthy,Healthy,H_23,23,15,35,Datasets/TOBRFV-LMID/RGB/Pepper/II/Healthy/H_23_RGB_15_35.tiff
train,Pepper\II\Healthy,Healthy,H_23,23,15,36,Datasets/TOBRFV-LMID/RGB/Pepper/II/Healthy/H_23_RGB_15_36.tiff
train,Pepper\II\Healthy,Healthy,H_23,23,15,37,Datasets/TOBRFV-LMID/RGB/Pepper/II/Healthy/H_23_RGB_15_37.tiff
train,Pepper\II\Healthy,Healthy,H_23,23,15,38,Datasets/TOBRFV-LMID/RGB/Pepper/II/Healthy/H_23_RGB_15_38.tiff
train,Pepper\II\Healthy,Healthy,H_23,23,15,39,Datasets/TOBRFV-LMID/RGB/Pepper/II/Healthy/H_23_RGB_15_39.tiff
train,Pepper\II\Healthy,Healthy,H_23,23,15,4,Datasets/TOBRFV-LMID/RGB/Pepper/II/Healthy/H_23_RGB_15_4.tiff
train,Pepper\II\Healthy,Healthy,H_23,23,15,40,Datasets/TOBRFV-LMID/RGB/Pepper/II/Healthy/H_23_RGB_15_40.tiff
train,Pepper\II\Healthy,Healthy,H_23,23,15,41,Datasets/TOBRFV-LMID/RGB/Pepper/II/Healthy/H_23_RGB_15_41.tiff
train,Pepper\II\Healthy,Healthy,H_23,23,15,42,Datasets/TOBRFV-LMID/RGB/Pepper/II/Healthy/H_23_RGB_15_42.tiff
train,Pepper\II\Healthy,Healthy,H_23,23,15,43,Datasets/TOBRFV-LMID/RGB/Pepper/II/Healthy/H_23_RGB_15_43.tiff
train,Pepper\II\Healthy,Healthy,H_23,23,15,44,Datasets/TOBRFV-LMID/RGB/Pepper/II/Healthy/H_23_RGB_15_44.tiff
train,Pepper\II\Healthy,Healthy,H_23,23,15,45,Datasets/TOBRFV-LMID/RGB/Pepper/II/Healthy/H_23_RGB_15_45.tiff
train,Pepper\II\Healthy,Healthy,H_23,23,15,5,Datasets/TOBRFV-LMID/RGB/Pepper/II/Healthy/H_23_RGB_15_5.tiff
train,Pepper\II\Healthy,Healthy,H_23,23,15,6,Datasets/TOBRFV-LMID/RGB/Pepper/II/Healthy/H_23_RGB_15_6.tiff
train,Pepper\II\Healthy,Healthy,H_23,23,15,7,Datasets/TOBRFV-LMID/RGB/Pepper/II/Healthy/H_23_RGB_15_7.tiff
train,Pepper\II\Healthy,Healthy,H_23,23,15,8,Datasets/TOBRFV-LMID/RGB/Pepper/II/Healthy/H_23_RGB_15_8.tiff
train,Pepper\II\Healthy,Healthy,H_23,23,15,9,Datasets/TOBRFV-LMID/RGB/Pepper/II/Healthy/H_23_RGB_15_9.tiff
train,Pepper\II\Healthy,Healthy,H_21,21,0,1,Datasets/TOBRFV-LMID/RGB/Pepper/II/Healthy/H_21_RGB_0_1.tiff
train,Pepper\II\Healthy,Healthy,H_21,21,0,10,Datasets/TOBRFV-LMID/RGB/Pepper/II/Healthy/H_21_RGB_0_10.tiff
train,Pepper\II\Healthy,Healthy,H_21,21,0,11,Datasets/TOBRFV-LMID/RGB/Pepper/II/Healthy/H_21_RGB_0_11.tiff
train,Pepper\II\Healthy,Healthy,H_21,21,0,12,Datasets/TOBRFV-LMID/RGB/Pepper/II/Healthy/H_21_RGB_0_12.tiff
train,Pepper\II\Healthy,Healthy,H_21,21,0,13,Datasets/TOBRFV-LMID/RGB/Pepper/II/Healthy/H_21_RGB_0_13.tiff
train,Pepper\II\Healthy,Healthy,H_21,21,0,14,Datasets/TOBRFV-LMID/RGB/Pepper/II/Healthy/H_21_RGB_0_14.tiff
train,Pepper\II\Healthy,Healthy,H_21,21,0,15,Datasets/TOBRFV-LMID/RGB/Pepper/II/Healthy/H_21_RGB_0_15.tiff
train,Pepper\II\Healthy,Healthy,H_21,21,0,16,Datasets/TOBRFV-LMID/RGB/Pepper/II/Healthy/H_21_RGB_0_16.tiff
train,Pepper\II\Healthy,Healthy,H_21,21,0,17,Datasets/TOBRFV-LMID/RGB/Pepper/II/Healthy/H_21_RGB_0_17.tiff
train,Pepper\II\Healthy,Healthy,H_21,21,0,18,Datasets/TOBRFV-LMID/RGB/Pepper/II/Healthy/H_21_RGB_0_18.tiff
train,Pepper\II\Healthy,Healthy,H_21,21,0,19,Datasets/TOBRFV-LMID/RGB/Pepper/II/Healthy/H_21_RGB_0_19.tiff
train,Pepper\II\Healthy,Healthy,H_21,21,0,2,Datasets/TOBRFV-LMID/RGB/Pepper/II/Healthy/H_21_RGB_0_2.tiff
train,Pepper\II\Healthy,Healthy,H_21,21,0,20,Datasets/TOBRFV-LMID/RGB/Pepper/II/Healthy/H_21_RGB_0_20.tiff
train,Pepper\II\Healthy,Healthy,H_21,21,0,21,Datasets/TOBRFV-LMID/RGB/Pepper/II/Healthy/H_21_RGB_0_21.tiff
train,Pepper\II\Healthy,Healthy,H_21,21,0,22,Datasets/TOBRFV-LMID/RGB/Pepper/II/Healthy/H_21_RGB_0_22.tiff
train,Pepper\II\Healthy,Healthy,H_21,21,0,23,Datasets/TOBRFV-LMID/RGB/Pepper/II/Healthy/H_21_RGB_0_23.tiff
train,Pepper\II\Healthy,Healthy,H_21,21,0,24,Datasets/TOBRFV-LMID/RGB/Pepper/II/Healthy/H_21_RGB_0_24.tiff
train,Pepper\II\Healthy,Healthy,H_21,21,0,25,Datasets/TOBRFV-LMID/RGB/Pepper/II/Healthy/H_21_RGB_0_25.tiff
train,Pepper\II\Healthy,Healthy,H_21,21,0,26,Datasets/TOBRFV-LMID/RGB/Pepper/II/Healthy/H_21_RGB_0_26.tiff
train,Pepper\II\Healthy,Healthy,H_21,21,0,27,Datasets/TOBRFV-LMID/RGB/Pepper/II/Healthy/H_21_RGB_0_27.tiff
train,Pepper\II\Healthy,Healthy,H_21,21,0,28,Datasets/TOBRFV-LMID/RGB/Pepper/II/Healthy/H_21_RGB_0_28.tiff
train,Pepper\II\Healthy,Healthy,H_21,21,0,29,Datasets/TOBRFV-LMID/RGB/Pepper/II/Healthy/H_21_RGB_0_29.tiff
train,Pepper\II\Healthy,Healthy,H_21,21,0,3,Datasets/TOBRFV-LMID/RGB/Pepper/II/Healthy/H_21_RGB_0_3.tiff
train,Pepper\II\Healthy,Healthy,H_21,21,0,30,Datasets/TOBRFV-LMID/RGB/Pepper/II/Healthy/H_21_RGB_0_30.tiff
train,Pepper\II\Healthy,Healthy,H_21,21,0,31,Datasets/TOBRFV-LMID/RGB/Pepper/II/Healthy/H_21_RGB_0_31.tiff
train,Pepper\II\Healthy,Healthy,H_21,21,0,32,Datasets/TOBRFV-LMID/RGB/Pepper/II/Healthy/H_21_RGB_0_32.tiff
train,Pepper\II\Healthy,Healthy,H_21,21,0,33,Datasets/TOBRFV-LMID/RGB/Pepper/II/Healthy/H_21_RGB_0_33.tiff
train,Pepper\II\Healthy,Healthy,H_21,21,0,34,Datasets/TOBRFV-LMID/RGB/Pepper/II/Healthy/H_21_RGB_0_34.tiff
train,Pepper\II\Healthy,Healthy,H_21,21,0,35,Datasets/TOBRFV-LMID/RGB/Pepper/II/Healthy/H_21_RGB_0_35.tiff
train,Pepper\II\Healthy,Healthy,H_21,21,0,36,Datasets/TOBRFV-LMID/RGB/Pepper/II/Healthy/H_21_RGB_0_36.tiff
train,Pepper\II\Healthy,Healthy,H_21,21,0,37,Datasets/TOBRFV-LMID/RGB/Pepper/II/Healthy/H_21_RGB_0_37.tiff
train,Pepper\II\Healthy,Healthy,H_21,21,0,38,Datasets/TOBRFV-LMID/RGB/Pepper/II/Healthy/H_21_RGB_0_38.tiff
train,Pepper\II\Healthy,Healthy,H_21,21,0,39,Datasets/TOBRFV-LMID/RGB/Pepper/II/Healthy/H_21_RGB_0_39.tiff
train,Pepper\II\Healthy,Healthy,H_21,21,0,4,Datasets/TOBRFV-LMID/RGB/Pepper/II/Healthy/H_21_RGB_0_4.tiff
train,Pepper\II\Healthy,Healthy,H_21,21,0,40,Datasets/TOBRFV-LMID/RGB/Pepper/II/Healthy/H_21_RGB_0_40.tiff
train,Pepper\II\Healthy,Healthy,H_21,21,0,41,Datasets/TOBRFV-LMID/RGB/Pepper/II/Healthy/H_21_RGB_0_41.tiff
train,Pepper\II\Healthy,Healthy,H_21,21,0,42,Datasets/TOBRFV-LMID/RGB/Pepper/II/Healthy/H_21_RGB_0_42.tiff
train,Pepper\II\Healthy,Healthy,H_21,21,0,43,Datasets/TOBRFV-LMID/RGB/Pepper/II/Healthy/H_21_RGB_0_43.tiff
train,Pepper\II\Healthy,Healthy,H_21,21,0,5,Datasets/TOBRFV-LMID/RGB/Pepper/II/Healthy/H_21_RGB_0_5.tiff
train,Pepper\II\Healthy,Healthy,H_21,21,0,6,Datasets/TOBRFV-LMID/RGB/Pepper/II/Healthy/H_21_RGB_0_6.tiff
train,Pepper\II\Healthy,Healthy,H_21,21,0,7,Datasets/TOBRFV-LMID/RGB/Pepper/II/Healthy/H_21_RGB_0_7.tiff
train,Pepper\II\Healthy,Healthy,H_21,21,0,8,Datasets/TOBRFV-LMID/RGB/Pepper/II/Healthy/H_21_RGB_0_8.tiff
train,Pepper\II\Healthy,Healthy,H_21,21,0,9,Datasets/TOBRFV-LMID/RGB/Pepper/II/Healthy/H_21_RGB_0_9.tiff
train,Pepper\II\Healthy,Healthy,H_21,21,15,1,Datasets/TOBRFV-LMID/RGB/Pepper/II/Healthy/H_21_RGB_15_1.tiff
train,Pepper\II\Healthy,Healthy,H_21,21,15,10,Datasets/TOBRFV-LMID/RGB/Pepper/II/Healthy/H_21_RGB_15_10.tiff
train,Pepper\II\Healthy,Healthy,H_21,21,15,11,Datasets/TOBRFV-LMID/RGB/Pepper/II/Healthy/H_21_RGB_15_11.tiff
train,Pepper\II\Healthy,Healthy,H_21,21,15,12,Datasets/TOBRFV-LMID/RGB/Pepper/II/Healthy/H_21_RGB_15_12.tiff
train,Pepper\II\Healthy,Healthy,H_21,21,15,13,Datasets/TOBRFV-LMID/RGB/Pepper/II/Healthy/H_21_RGB_15_13.tiff
train,Pepper\II\Healthy,Healthy,H_21,21,15,14,Datasets/TOBRFV-LMID/RGB/Pepper/II/Healthy/H_21_RGB_15_14.tiff
train,Pepper\II\Healthy,Healthy,H_21,21,15,15,Datasets/TOBRFV-LMID/RGB/Pepper/II/Healthy/H_21_RGB_15_15.tiff
train,Pepper\II\Healthy,Healthy,H_21,21,15,16,Datasets/TOBRFV-LMID/RGB/Pepper/II/Healthy/H_21_RGB_15_16.tiff
train,Pepper\II\Healthy,Healthy,H_21,21,15,17,Datasets/TOBRFV-LMID/RGB/Pepper/II/Healthy/H_21_RGB_15_17.tiff
train,Pepper\II\Healthy,Healthy,H_21,21,15,18,Datasets/TOBRFV-LMID/RGB/Pepper/II/Healthy/H_21_RGB_15_18.tiff
train,Pepper\II\Healthy,Healthy,H_21,21,15,19,Datasets/TOBRFV-LMID/RGB/Pepper/II/Healthy/H_21_RGB_15_19.tiff
train,Pepper\II\Healthy,Healthy,H_21,21,15,2,Datasets/TOBRFV-LMID/RGB/Pepper/II/Healthy/H_21_RGB_15_2.tiff
train,Pepper\II\Healthy,Healthy,H_21,21,15,20,Datasets/TOBRFV-LMID/RGB/Pepper/II/Healthy/H_21_RGB_15_20.tiff
train,Pepper\II\Healthy,Healthy,H_21,21,15,21,Datasets/TOBRFV-LMID/RGB/Pepper/II/Healthy/H_21_RGB_15_21.tiff
train,Pepper\II\Healthy,Healthy,H_21,21,15,22,Datasets/TOBRFV-LMID/RGB/Pepper/II/Healthy/H_21_RGB_15_22.tiff
train,Pepper\II\Healthy,Healthy,H_21,21,15,23,Datasets/TOBRFV-LMID/RGB/Pepper/II/Healthy/H_21_RGB_15_23.tiff
train,Pepper\II\Healthy,Healthy,H_21,21,15,24,Datasets/TOBRFV-LMID/RGB/Pepper/II/Healthy/H_21_RGB_15_24.tiff
train,Pepper\II\Healthy,Healthy,H_21,21,15,25,Datasets/TOBRFV-LMID/RGB/Pepper/II/Healthy/H_21_RGB_15_25.tiff
train,Pepper\II\Healthy,Healthy,H_21,21,15,26,Datasets/TOBRFV-LMID/RGB/Pepper/II/Healthy/H_21_RGB_15_26.tiff
train,Pepper\II\Healthy,Healthy,H_21,21,15,27,Datasets/TOBRFV-LMID/RGB/Pepper/II/Healthy/H_21_RGB_15_27.tiff
train,Pepper\II\Healthy,Healthy,H_21,21,15,28,Datasets/TOBRFV-LMID/RGB/Pepper/II/Healthy/H_21_RGB_15_28.tiff
train,Pepper\II\Healthy,Healthy,H_21,21,15,29,Datasets/TOBRFV-LMID/RGB/Pepper/II/Healthy/H_21_RGB_15_29.tiff
train,Pepper\II\Healthy,Healthy,H_21,21,15,3,Datasets/TOBRFV-LMID/RGB/Pepper/II/Healthy/H_21_RGB_15_3.tiff
train,Pepper\II\Healthy,Healthy,H_21,21,15,30,Datasets/TOBRFV-LMID/RGB/Pepper/II/Healthy/H_21_RGB_15_30.tiff
train,Pepper\II\Healthy,Healthy,H_21,21,15,31,Datasets/TOBRFV-LMID/RGB/Pepper/II/Healthy/H_21_RGB_15_31.tiff
train,Pepper\II\Healthy,Healthy,H_21,21,15,32,Datasets/TOBRFV-LMID/RGB/Pepper/II/Healthy/H_21_RGB_15_32.tiff
train,Pepper\II\Healthy,Healthy,H_21,21,15,33,Datasets/TOBRFV-LMID/RGB/Pepper/II/Healthy/H_21_RGB_15_33.tiff
train,Pepper\II\Healthy,Healthy,H_21,21,15,34,Datasets/TOBRFV-LMID/RGB/Pepper/II/Healthy/H_21_RGB_15_34.tiff
train,Pepper\II\Healthy,Healthy,H_21,21,15,35,Datasets/TOBRFV-LMID/RGB/Pepper/II/Healthy/H_21_RGB_15_35.tiff
train,Pepper\II\Healthy,Healthy,H_21,21,15,36,Datasets/TOBRFV-LMID/RGB/Pepper/II/Healthy/H_21_RGB_15_36.tiff
train,Pepper\II\Healthy,Healthy,H_21,21,15,37,Datasets/TOBRFV-LMID/RGB/Pepper/II/Healthy/H_21_RGB_15_37.tiff
train,Pepper\II\Healthy,Healthy,H_21,21,15,38,Datasets/TOBRFV-LMID/RGB/Pepper/II/Healthy/H_21_RGB_15_38.tiff
train,Pepper\II\Healthy,Healthy,H_21,21,15,39,Datasets/TOBRFV-LMID/RGB/Pepper/II/Healthy/H_21_RGB_15_39.tiff
train,Pepper\II\Healthy,Healthy,H_21,21,15,4,Datasets/TOBRFV-LMID/RGB/Pepper/II/Healthy/H_21_RGB_15_4.tiff
train,Pepper\II\Healthy,Healthy,H_21,21,15,40,Datasets/TOBRFV-LMID/RGB/Pepper/II/Healthy/H_21_RGB_15_40.tiff
train,Pepper\II\Healthy,Healthy,H_21,21,15,41,Datasets/TOBRFV-LMID/RGB/Pepper/II/Healthy/H_21_RGB_15_41.tiff
train,Pepper\II\Healthy,Healthy,H_21,21,15,42,Datasets/TOBRFV-LMID/RGB/Pepper/II/Healthy/H_21_RGB_15_42.tiff
train,Pepper\II\Healthy,Healthy,H_21,21,15,43,Datasets/TOBRFV-LMID/RGB/Pepper/II/Healthy/H_21_RGB_15_43.tiff
train,Pepper\II\Healthy,Healthy,H_21,21,15,44,Datasets/TOBRFV-LMID/RGB/Pepper/II/Healthy/H_21_RGB_15_44.tiff
train,Pepper\II\Healthy,Healthy,H_21,21,15,45,Datasets/TOBRFV-LMID/RGB/Pepper/II/Healthy/H_21_RGB_15_45.tiff
train,Pepper\II\Healthy,Healthy,H_21,21,15,5,Datasets/TOBRFV-LMID/RGB/Pepper/II/Healthy/H_21_RGB_15_5.tiff
train,Pepper\II\Healthy,Healthy,H_21,21,15,6,Datasets/TOBRFV-LMID/RGB/Pepper/II/Healthy/H_21_RGB_15_6.tiff
train,Pepper\II\Healthy,Healthy,H_21,21,15,7,Datasets/TOBRFV-LMID/RGB/Pepper/II/Healthy/H_21_RGB_15_7.tiff
train,Pepper\II\Healthy,Healthy,H_21,21,15,8,Datasets/TOBRFV-LMID/RGB/Pepper/II/Healthy/H_21_RGB_15_8.tiff
train,Pepper\II\Healthy,Healthy,H_21,21,15,9,Datasets/TOBRFV-LMID/RGB/Pepper/II/Healthy/H_21_RGB_15_9.tiff
train,Pepper\II\Healthy,Healthy,H_9,9,0,1,Datasets/TOBRFV-LMID/RGB/Pepper/II/Healthy/H_9_RGB_0_1.tiff
train,Pepper\II\Healthy,Healthy,H_9,9,0,10,Datasets/TOBRFV-LMID/RGB/Pepper/II/Healthy/H_9_RGB_0_10.tiff
train,Pepper\II\Healthy,Healthy,H_9,9,0,11,Datasets/TOBRFV-LMID/RGB/Pepper/II/Healthy/H_9_RGB_0_11.tiff
train,Pepper\II\Healthy,Healthy,H_9,9,0,13,Datasets/TOBRFV-LMID/RGB/Pepper/II/Healthy/H_9_RGB_0_13.tiff
train,Pepper\II\Healthy,Healthy,H_9,9,0,15,Datasets/TOBRFV-LMID/RGB/Pepper/II/Healthy/H_9_RGB_0_15.tiff
train,Pepper\II\Healthy,Healthy,H_9,9,0,16,Datasets/TOBRFV-LMID/RGB/Pepper/II/Healthy/H_9_RGB_0_16.tiff
train,Pepper\II\Healthy,Healthy,H_9,9,0,17,Datasets/TOBRFV-LMID/RGB/Pepper/II/Healthy/H_9_RGB_0_17.tiff
train,Pepper\II\Healthy,Healthy,H_9,9,0,18,Datasets/TOBRFV-LMID/RGB/Pepper/II/Healthy/H_9_RGB_0_18.tiff
train,Pepper\II\Healthy,Healthy,H_9,9,0,19,Datasets/TOBRFV-LMID/RGB/Pepper/II/Healthy/H_9_RGB_0_19.tiff
train,Pepper\II\Healthy,Healthy,H_9,9,0,2,Datasets/TOBRFV-LMID/RGB/Pepper/II/Healthy/H_9_RGB_0_2.tiff
train,Pepper\II\Healthy,Healthy,H_9,9,0,20,Datasets/TOBRFV-LMID/RGB/Pepper/II/Healthy/H_9_RGB_0_20.tiff
train,Pepper\II\Healthy,Healthy,H_9,9,0,21,Datasets/TOBRFV-LMID/RGB/Pepper/II/Healthy/H_9_RGB_0_21.tiff
train,Pepper\II\Healthy,Healthy,H_9,9,0,22,Datasets/TOBRFV-LMID/RGB/Pepper/II/Healthy/H_9_RGB_0_22.tiff
train,Pepper\II\Healthy,Healthy,H_9,9,0,23,Datasets/TOBRFV-LMID/RGB/Pepper/II/Healthy/H_9_RGB_0_23.tiff
train,Pepper\II\Healthy,Healthy,H_9,9,0,26,Datasets/TOBRFV-LMID/RGB/Pepper/II/Healthy/H_9_RGB_0_26.tiff
train,Pepper\II\Healthy,Healthy,H_9,9,0,27,Datasets/TOBRFV-LMID/RGB/Pepper/II/Healthy/H_9_RGB_0_27.tiff
train,Pepper\II\Healthy,Healthy,H_9,9,0,28,Datasets/TOBRFV-LMID/RGB/Pepper/II/Healthy/H_9_RGB_0_28.tiff
train,Pepper\II\Healthy,Healthy,H_9,9,0,29,Datasets/TOBRFV-LMID/RGB/Pepper/II/Healthy/H_9_RGB_0_29.tiff
train,Pepper\II\Healthy,Healthy,H_9,9,0,3,Datasets/TOBRFV-LMID/RGB/Pepper/II/Healthy/H_9_RGB_0_3.tiff
train,Pepper\II\Healthy,Healthy,H_9,9,0,31,Datasets/TOBRFV-LMID/RGB/Pepper/II/Healthy/H_9_RGB_0_31.tiff
train,Pepper\II\Healthy,Healthy,H_9,9,0,32,Datasets/TOBRFV-LMID/RGB/Pepper/II/Healthy/H_9_RGB_0_32.tiff
train,Pepper\II\Healthy,Healthy,H_9,9,0,33,Datasets/TOBRFV-LMID/RGB/Pepper/II/Healthy/H_9_RGB_0_33.tiff
train,Pepper\II\Healthy,Healthy,H_9,9,0,34,Datasets/TOBRFV-LMID/RGB/Pepper/II/Healthy/H_9_RGB_0_34.tiff
train,Pepper\II\Healthy,Healthy,H_9,9,0,35,Datasets/TOBRFV-LMID/RGB/Pepper/II/Healthy/H_9_RGB_0_35.tiff
train,Pepper\II\Healthy,Healthy,H_9,9,0,36,Datasets/TOBRFV-LMID/RGB/Pepper/II/Healthy/H_9_RGB_0_36.tiff
train,Pepper\II\Healthy,Healthy,H_9,9,0,37,Datasets/TOBRFV-LMID/RGB/Pepper/II/Healthy/H_9_RGB_0_37.tiff
train,Pepper\II\Healthy,Healthy,H_9,9,0,38,Datasets/TOBRFV-LMID/RGB/Pepper/II/Healthy/H_9_RGB_0_38.tiff
train,Pepper\II\Healthy,Healthy,H_9,9,0,39,Datasets/TOBRFV-LMID/RGB/Pepper/II/Healthy/H_9_RGB_0_39.tiff
train,Pepper\II\Healthy,Healthy,H_9,9,0,4,Datasets/TOBRFV-LMID/RGB/Pepper/II/Healthy/H_9_RGB_0_4.tiff
train,Pepper\II\Healthy,Healthy,H_9,9,0,40,Datasets/TOBRFV-LMID/RGB/Pepper/II/Healthy/H_9_RGB_0_40.tiff
train,Pepper\II\Healthy,Healthy,H_9,9,0,41,Datasets/TOBRFV-LMID/RGB/Pepper/II/Healthy/H_9_RGB_0_41.tiff
train,Pepper\II\Healthy,Healthy,H_9,9,0,42,Datasets/TOBRFV-LMID/RGB/Pepper/II/Healthy/H_9_RGB_0_42.tiff
train,Pepper\II\Healthy,Healthy,H_9,9,0,44,Datasets/TOBRFV-LMID/RGB/Pepper/II/Healthy/H_9_RGB_0_44.tiff
train,Pepper\II\Healthy,Healthy,H_9,9,0,45,Datasets/TOBRFV-LMID/RGB/Pepper/II/Healthy/H_9_RGB_0_45.tiff
train,Pepper\II\Healthy,Healthy,H_9,9,0,5,Datasets/TOBRFV-LMID/RGB/Pepper/II/Healthy/H_9_RGB_0_5.tiff
train,Pepper\II\Healthy,Healthy,H_9,9,0,6,Datasets/TOBRFV-LMID/RGB/Pepper/II/Healthy/H_9_RGB_0_6.tiff
train,Pepper\II\Healthy,Healthy,H_9,9,0,7,Datasets/TOBRFV-LMID/RGB/Pepper/II/Healthy/H_9_RGB_0_7.tiff
train,Pepper\II\Healthy,Healthy,H_9,9,0,8,Datasets/TOBRFV-LMID/RGB/Pepper/II/Healthy/H_9_RGB_0_8.tiff
train,Pepper\II\Healthy,Healthy,H_9,9,0,9,Datasets/TOBRFV-LMID/RGB/Pepper/II/Healthy/H_9_RGB_0_9.tiff
train,Pepper\II\Healthy,Healthy,H_9,9,5,1,Datasets/TOBRFV-LMID/RGB/Pepper/II/Healthy/H_9_RGB_5_1.tiff
train,Pepper\II\Healthy,Healthy,H_9,9,5,10,Datasets/TOBRFV-LMID/RGB/Pepper/II/Healthy/H_9_RGB_5_10.tiff
train,Pepper\II\Healthy,Healthy,H_9,9,5,11,Datasets/TOBRFV-LMID/RGB/Pepper/II/Healthy/H_9_RGB_5_11.tiff
train,Pepper\II\Healthy,Healthy,H_9,9,5,12,Datasets/TOBRFV-LMID/RGB/Pepper/II/Healthy/H_9_RGB_5_12.tiff
train,Pepper\II\Healthy,Healthy,H_9,9,5,13,Datasets/TOBRFV-LMID/RGB/Pepper/II/Healthy/H_9_RGB_5_13.tiff
train,Pepper\II\Healthy,Healthy,H_9,9,5,15,Datasets/TOBRFV-LMID/RGB/Pepper/II/Healthy/H_9_RGB_5_15.tiff
train,Pepper\II\Healthy,Healthy,H_9,9,5,16,Datasets/TOBRFV-LMID/RGB/Pepper/II/Healthy/H_9_RGB_5_16.tiff
train,Pepper\II\Healthy,Healthy,H_9,9,5,17,Datasets/TOBRFV-LMID/RGB/Pepper/II/Healthy/H_9_RGB_5_17.tiff
train,Pepper\II\Healthy,Healthy,H_9,9,5,18,Datasets/TOBRFV-LMID/RGB/Pepper/II/Healthy/H_9_RGB_5_18.tiff
train,Pepper\II\Healthy,Healthy,H_9,9,5,2,Datasets/TOBRFV-LMID/RGB/Pepper/II/Healthy/H_9_RGB_5_2.tiff
train,Pepper\II\Healthy,Healthy,H_9,9,5,21,Datasets/TOBRFV-LMID/RGB/Pepper/II/Healthy/H_9_RGB_5_21.tiff
train,Pepper\II\Healthy,Healthy,H_9,9,5,22,Datasets/TOBRFV-LMID/RGB/Pepper/II/Healthy/H_9_RGB_5_22.tiff
train,Pepper\II\Healthy,Healthy,H_9,9,5,23,Datasets/TOBRFV-LMID/RGB/Pepper/II/Healthy/H_9_RGB_5_23.tiff
train,Pepper\II\Healthy,Healthy,H_9,9,5,24,Datasets/TOBRFV-LMID/RGB/Pepper/II/Healthy/H_9_RGB_5_24.tiff
train,Pepper\II\Healthy,Healthy,H_9,9,5,25,Datasets/TOBRFV-LMID/RGB/Pepper/II/Healthy/H_9_RGB_5_25.tiff
train,Pepper\II\Healthy,Healthy,H_9,9,5,26,Datasets/TOBRFV-LMID/RGB/Pepper/II/Healthy/H_9_RGB_5_26.tiff
train,Pepper\II\Healthy,Healthy,H_9,9,5,27,Datasets/TOBRFV-LMID/RGB/Pepper/II/Healthy/H_9_RGB_5_27.tiff
train,Pepper\II\Healthy,Healthy,H_9,9,5,28,Datasets/TOBRFV-LMID/RGB/Pepper/II/Healthy/H_9_RGB_5_28.tiff
train,Pepper\II\Healthy,Healthy,H_9,9,5,29,Datasets/TOBRFV-LMID/RGB/Pepper/II/Healthy/H_9_RGB_5_29.tiff
train,Pepper\II\Healthy,Healthy,H_9,9,5,3,Datasets/TOBRFV-LMID/RGB/Pepper/II/Healthy/H_9_RGB_5_3.tiff
train,Pepper\II\Healthy,Healthy,H_9,9,5,30,Datasets/TOBRFV-LMID/RGB/Pepper/II/Healthy/H_9_RGB_5_30.tiff
train,Pepper\II\Healthy,Healthy,H_9,9,5,31,Datasets/TOBRFV-LMID/RGB/Pepper/II/Healthy/H_9_RGB_5_31.tiff
train,Pepper\II\Healthy,Healthy,H_9,9,5,32,Datasets/TOBRFV-LMID/RGB/Pepper/II/Healthy/H_9_RGB_5_32.tiff
train,Pepper\II\Healthy,Healthy,H_9,9,5,33,Datasets/TOBRFV-LMID/RGB/Pepper/II/Healthy/H_9_RGB_5_33.tiff
train,Pepper\II\Healthy,Healthy,H_9,9,5,34,Datasets/TOBRFV-LMID/RGB/Pepper/II/Healthy/H_9_RGB_5_34.tiff
train,Pepper\II\Healthy,Healthy,H_9,9,5,35,Datasets/TOBRFV-LMID/RGB/Pepper/II/Healthy/H_9_RGB_5_35.tiff
train,Pepper\II\Healthy,Healthy,H_9,9,5,36,Datasets/TOBRFV-LMID/RGB/Pepper/II/Healthy/H_9_RGB_5_36.tiff
train,Pepper\II\Healthy,Healthy,H_9,9,5,37,Datasets/TOBRFV-LMID/RGB/Pepper/II/Healthy/H_9_RGB_5_37.tiff
train,Pepper\II\Healthy,Healthy,H_9,9,5,38,Datasets/TOBRFV-LMID/RGB/Pepper/II/Healthy/H_9_RGB_5_38.tiff
train,Pepper\II\Healthy,Healthy,H_9,9,5,4,Datasets/TOBRFV-LMID/RGB/Pepper/II/Healthy/H_9_RGB_5_4.tiff
train,Pepper\II\Healthy,Healthy,H_9,9,5,40,Datasets/TOBRFV-LMID/RGB/Pepper/II/Healthy/H_9_RGB_5_40.tiff
train,Pepper\II\Healthy,Healthy,H_9,9,5,41,Datasets/TOBRFV-LMID/RGB/Pepper/II/Healthy/H_9_RGB_5_41.tiff
train,Pepper\II\Healthy,Healthy,H_9,9,5,42,Datasets/TOBRFV-LMID/RGB/Pepper/II/Healthy/H_9_RGB_5_42.tiff
train,Pepper\II\Healthy,Healthy,H_9,9,5,43,Datasets/TOBRFV-LMID/RGB/Pepper/II/Healthy/H_9_RGB_5_43.tiff
train,Pepper\II\Healthy,Healthy,H_9,9,5,44,Datasets/TOBRFV-LMID/RGB/Pepper/II/Healthy/H_9_RGB_5_44.tiff
train,Pepper\II\Healthy,Healthy,H_9,9,5,45,Datasets/TOBRFV-LMID/RGB/Pepper/II/Healthy/H_9_RGB_5_45.tiff
train,Pepper\II\Healthy,Healthy,H_9,9,5,5,Datasets/TOBRFV-LMID/RGB/Pepper/II/Healthy/H_9_RGB_5_5.tiff
train,Pepper\II\Healthy,Healthy,H_9,9,5,6,Datasets/TOBRFV-LMID/RGB/Pepper/II/Healthy/H_9_RGB_5_6.tiff
train,Pepper\II\Healthy,Healthy,H_9,9,5,7,Datasets/TOBRFV-LMID/RGB/Pepper/II/Healthy/H_9_RGB_5_7.tiff
train,Pepper\II\Healthy,Healthy,H_9,9,5,8,Datasets/TOBRFV-LMID/RGB/Pepper/II/Healthy/H_9_RGB_5_8.tiff
train,Pepper\II\Healthy,Healthy,H_3,3,5,1,Datasets/TOBRFV-LMID/RGB/Pepper/II/Healthy/H_3_RGB_5_1.tiff
train,Pepper\II\Healthy,Healthy,H_3,3,5,10,Datasets/TOBRFV-LMID/RGB/Pepper/II/Healthy/H_3_RGB_5_10.tiff
train,Pepper\II\Healthy,Healthy,H_3,3,5,11,Datasets/TOBRFV-LMID/RGB/Pepper/II/Healthy/H_3_RGB_5_11.tiff
train,Pepper\II\Healthy,Healthy,H_3,3,5,13,Datasets/TOBRFV-LMID/RGB/Pepper/II/Healthy/H_3_RGB_5_13.tiff
train,Pepper\II\Healthy,Healthy,H_3,3,5,14,Datasets/TOBRFV-LMID/RGB/Pepper/II/Healthy/H_3_RGB_5_14.tiff
train,Pepper\II\Healthy,Healthy,H_3,3,5,15,Datasets/TOBRFV-LMID/RGB/Pepper/II/Healthy/H_3_RGB_5_15.tiff
train,Pepper\II\Healthy,Healthy,H_3,3,5,16,Datasets/TOBRFV-LMID/RGB/Pepper/II/Healthy/H_3_RGB_5_16.tiff
train,Pepper\II\Healthy,Healthy,H_3,3,5,17,Datasets/TOBRFV-LMID/RGB/Pepper/II/Healthy/H_3_RGB_5_17.tiff
train,Pepper\II\Healthy,Healthy,H_3,3,5,18,Datasets/TOBRFV-LMID/RGB/Pepper/II/Healthy/H_3_RGB_5_18.tiff
train,Pepper\II\Healthy,Healthy,H_3,3,5,19,Datasets/TOBRFV-LMID/RGB/Pepper/II/Healthy/H_3_RGB_5_19.tiff
train,Pepper\II\Healthy,Healthy,H_3,3,5,2,Datasets/TOBRFV-LMID/RGB/Pepper/II/Healthy/H_3_RGB_5_2.tiff
train,Pepper\II\Healthy,Healthy,H_3,3,5,21,Datasets/TOBRFV-LMID/RGB/Pepper/II/Healthy/H_3_RGB_5_21.tiff
train,Pepper\II\Healthy,Healthy,H_3,3,5,22,Datasets/TOBRFV-LMID/RGB/Pepper/II/Healthy/H_3_RGB_5_22.tiff
train,Pepper\II\Healthy,Healthy,H_3,3,5,23,Datasets/TOBRFV-LMID/RGB/Pepper/II/Healthy/H_3_RGB_5_23.tiff
train,Pepper\II\Healthy,Healthy,H_3,3,5,24,Datasets/TOBRFV-LMID/RGB/Pepper/II/Healthy/H_3_RGB_5_24.tiff
train,Pepper\II\Healthy,Healthy,H_3,3,5,25,Datasets/TOBRFV-LMID/RGB/Pepper/II/Healthy/H_3_RGB_5_25.tiff
train,Pepper\II\Healthy,Healthy,H_3,3,5,26,Datasets/TOBRFV-LMID/RGB/Pepper/II/Healthy/H_3_RGB_5_26.tiff
train,Pepper\II\Healthy,Healthy,H_3,3,5,27,Datasets/TOBRFV-LMID/RGB/Pepper/II/Healthy/H_3_RGB_5_27.tiff
train,Pepper\II\Healthy,Healthy,H_3,3,5,28,Datasets/TOBRFV-LMID/RGB/Pepper/II/Healthy/H_3_RGB_5_28.tiff
train,Pepper\II\Healthy,Healthy,H_3,3,5,3,Datasets/TOBRFV-LMID/RGB/Pepper/II/Healthy/H_3_RGB_5_3.tiff
train,Pepper\II\Healthy,Healthy,H_3,3,5,30,Datasets/TOBRFV-LMID/RGB/Pepper/II/Healthy/H_3_RGB_5_30.tiff
train,Pepper\II\Healthy,Healthy,H_3,3,5,31,Datasets/TOBRFV-LMID/RGB/Pepper/II/Healthy/H_3_RGB_5_31.tiff
train,Pepper\II\Healthy,Healthy,H_3,3,5,32,Datasets/TOBRFV-LMID/RGB/Pepper/II/Healthy/H_3_RGB_5_32.tiff
train,Pepper\II\Healthy,Healthy,H_3,3,5,33,Datasets/TOBRFV-LMID/RGB/Pepper/II/Healthy/H_3_RGB_5_33.tiff
train,Pepper\II\Healthy,Healthy,H_3,3,5,34,Datasets/TOBRFV-LMID/RGB/Pepper/II/Healthy/H_3_RGB_5_34.tiff
train,Pepper\II\Healthy,Healthy,H_3,3,5,35,Datasets/TOBRFV-LMID/RGB/Pepper/II/Healthy/H_3_RGB_5_35.tiff
train,Pepper\II\Healthy,Healthy,H_3,3,5,36,Datasets/TOBRFV-LMID/RGB/Pepper/II/Healthy/H_3_RGB_5_36.tiff
train,Pepper\II\Healthy,Healthy,H_3,3,5,37,Datasets/TOBRFV-LMID/RGB/Pepper/II/Healthy/H_3_RGB_5_37.tiff
train,Pepper\II\Healthy,Healthy,H_3,3,5,38,Datasets/TOBRFV-LMID/RGB/Pepper/II/Healthy/H_3_RGB_5_38.tiff
train,Pepper\II\Healthy,Healthy,H_3,3,5,39,Datasets/TOBRFV-LMID/RGB/Pepper/II/Healthy/H_3_RGB_5_39.tiff
train,Pepper\II\Healthy,Healthy,H_3,3,5,4,Datasets/TOBRFV-LMID/RGB/Pepper/II/Healthy/H_3_RGB_5_4.tiff
train,Pepper\II\Healthy,Healthy,H_3,3,5,40,Datasets/TOBRFV-LMID/RGB/Pepper/II/Healthy/H_3_RGB_5_40.tiff
train,Pepper\II\Healthy,Healthy,H_3,3,5,41,Datasets/TOBRFV-LMID/RGB/Pepper/II/Healthy/H_3_RGB_5_41.tiff
train,Pepper\II\Healthy,Healthy,H_3,3,5,42,Datasets/TOBRFV-LMID/RGB/Pepper/II/Healthy/H_3_RGB_5_42.tiff
train,Pepper\II\Healthy,Healthy,H_3,3,5,43,Datasets/TOBRFV-LMID/RGB/Pepper/II/Healthy/H_3_RGB_5_43.tiff
train,Pepper\II\Healthy,Healthy,H_3,3,5,44,Datasets/TOBRFV-LMID/RGB/Pepper/II/Healthy/H_3_RGB_5_44.tiff
train,Pepper\II\Healthy,Healthy,H_3,3,5,45,Datasets/TOBRFV-LMID/RGB/Pepper/II/Healthy/H_3_RGB_5_45.tiff
train,Pepper\II\Healthy,Healthy,H_3,3,5,5,Datasets/TOBRFV-LMID/RGB/Pepper/II/Healthy/H_3_RGB_5_5.tiff
train,Pepper\II\Healthy,Healthy,H_3,3,5,6,Datasets/TOBRFV-LMID/RGB/Pepper/II/Healthy/H_3_RGB_5_6.tiff
train,Pepper\II\Healthy,Healthy,H_3,3,5,7,Datasets/TOBRFV-LMID/RGB/Pepper/II/Healthy/H_3_RGB_5_7.tiff
train,Pepper\II\Healthy,Healthy,H_1,1,0,1,Datasets/TOBRFV-LMID/RGB/Pepper/II/Healthy/H_1_RGB_0_1.tiff
train,Pepper\II\Healthy,Healthy,H_1,1,0,10,Datasets/TOBRFV-LMID/RGB/Pepper/II/Healthy/H_1_RGB_0_10.tiff
train,Pepper\II\Healthy,Healthy,H_1,1,0,11,Datasets/TOBRFV-LMID/RGB/Pepper/II/Healthy/H_1_RGB_0_11.tiff
train,Pepper\II\Healthy,Healthy,H_1,1,0,13,Datasets/TOBRFV-LMID/RGB/Pepper/II/Healthy/H_1_RGB_0_13.tiff
train,Pepper\II\Healthy,Healthy,H_1,1,0,14,Datasets/TOBRFV-LMID/RGB/Pepper/II/Healthy/H_1_RGB_0_14.tiff
train,Pepper\II\Healthy,Healthy,H_1,1,0,15,Datasets/TOBRFV-LMID/RGB/Pepper/II/Healthy/H_1_RGB_0_15.tiff
train,Pepper\II\Healthy,Healthy,H_1,1,0,16,Datasets/TOBRFV-LMID/RGB/Pepper/II/Healthy/H_1_RGB_0_16.tiff
train,Pepper\II\Healthy,Healthy,H_1,1,0,17,Datasets/TOBRFV-LMID/RGB/Pepper/II/Healthy/H_1_RGB_0_17.tiff
train,Pepper\II\Healthy,Healthy,H_1,1,0,18,Datasets/TOBRFV-LMID/RGB/Pepper/II/Healthy/H_1_RGB_0_18.tiff
train,Pepper\II\Healthy,Healthy,H_1,1,0,19,Datasets/TOBRFV-LMID/RGB/Pepper/II/Healthy/H_1_RGB_0_19.tiff
train,Pepper\II\Healthy,Healthy,H_1,1,0,2,Datasets/TOBRFV-LMID/RGB/Pepper/II/Healthy/H_1_RGB_0_2.tiff
train,Pepper\II\Healthy,Healthy,H_1,1,0,20,Datasets/TOBRFV-LMID/RGB/Pepper/II/Healthy/H_1_RGB_0_20.tiff
train,Pepper\II\Healthy,Healthy,H_1,1,0,21,Datasets/TOBRFV-LMID/RGB/Pepper/II/Healthy/H_1_RGB_0_21.tiff
train,Pepper\II\Healthy,Healthy,H_1,1,0,22,Datasets/TOBRFV-LMID/RGB/Pepper/II/Healthy/H_1_RGB_0_22.tiff
train,Pepper\II\Healthy,Healthy,H_1,1,0,23,Datasets/TOBRFV-LMID/RGB/Pepper/II/Healthy/H_1_RGB_0_23.tiff
train,Pepper\II\Healthy,Healthy,H_1,1,0,24,Datasets/TOBRFV-LMID/RGB/Pepper/II/Healthy/H_1_RGB_0_24.tiff
train,Pepper\II\Healthy,Healthy,H_1,1,0,25,Datasets/TOBRFV-LMID/RGB/Pepper/II/Healthy/H_1_RGB_0_25.tiff
train,Pepper\II\Healthy,Healthy,H_1,1,0,26,Datasets/TOBRFV-LMID/RGB/Pepper/II/Healthy/H_1_RGB_0_26.tiff
train,Pepper\II\Healthy,Healthy,H_1,1,0,27,Datasets/TOBRFV-LMID/RGB/Pepper/II/Healthy/H_1_RGB_0_27.tiff
train,Pepper\II\Healthy,Healthy,H_1,1,0,28,Datasets/TOBRFV-LMID/RGB/Pepper/II/Healthy/H_1_RGB_0_28.tiff
train,Pepper\II\Healthy,Healthy,H_1,1,0,29,Datasets/TOBRFV-LMID/RGB/Pepper/II/Healthy/H_1_RGB_0_29.tiff
train,Pepper\II\Healthy,Healthy,H_1,1,0,3,Datasets/TOBRFV-LMID/RGB/Pepper/II/Healthy/H_1_RGB_0_3.tiff
train,Pepper\II\Healthy,Healthy,H_1,1,0,30,Datasets/TOBRFV-LMID/RGB/Pepper/II/Healthy/H_1_RGB_0_30.tiff
train,Pepper\II\Healthy,Healthy,H_1,1,0,31,Datasets/TOBRFV-LMID/RGB/Pepper/II/Healthy/H_1_RGB_0_31.tiff
train,Pepper\II\Healthy,Healthy,H_1,1,0,32,Datasets/TOBRFV-LMID/RGB/Pepper/II/Healthy/H_1_RGB_0_32.tiff
train,Pepper\II\Healthy,Healthy,H_1,1,0,33,Datasets/TOBRFV-LMID/RGB/Pepper/II/Healthy/H_1_RGB_0_33.tiff
train,Pepper\II\Healthy,Healthy,H_1,1,0,34,Datasets/TOBRFV-LMID/RGB/Pepper/II/Healthy/H_1_RGB_0_34.tiff
train,Pepper\II\Healthy,Healthy,H_1,1,0,35,Datasets/TOBRFV-LMID/RGB/Pepper/II/Healthy/H_1_RGB_0_35.tiff
train,Pepper\II\Healthy,Healthy,H_1,1,0,36,Datasets/TOBRFV-LMID/RGB/Pepper/II/Healthy/H_1_RGB_0_36.tiff
train,Pepper\II\Healthy,Healthy,H_1,1,0,37,Datasets/TOBRFV-LMID/RGB/Pepper/II/Healthy/H_1_RGB_0_37.tiff
train,Pepper\II\Healthy,Healthy,H_1,1,0,38,Datasets/TOBRFV-LMID/RGB/Pepper/II/Healthy/H_1_RGB_0_38.tiff
train,Pepper\II\Healthy,Healthy,H_1,1,0,39,Datasets/TOBRFV-LMID/RGB/Pepper/II/Healthy/H_1_RGB_0_39.tiff
train,Pepper\II\Healthy,Healthy,H_1,1,0,4,Datasets/TOBRFV-LMID/RGB/Pepper/II/Healthy/H_1_RGB_0_4.tiff
train,Pepper\II\Healthy,Healthy,H_1,1,0,40,Datasets/TOBRFV-LMID/RGB/Pepper/II/Healthy/H_1_RGB_0_40.tiff
train,Pepper\II\Healthy,Healthy,H_1,1,0,41,Datasets/TOBRFV-LMID/RGB/Pepper/II/Healthy/H_1_RGB_0_41.tiff
train,Pepper\II\Healthy,Healthy,H_1,1,0,42,Datasets/TOBRFV-LMID/RGB/Pepper/II/Healthy/H_1_RGB_0_42.tiff
train,Pepper\II\Healthy,Healthy,H_1,1,0,43,Datasets/TOBRFV-LMID/RGB/Pepper/II/Healthy/H_1_RGB_0_43.tiff
train,Pepper\II\Healthy,Healthy,H_1,1,0,44,Datasets/TOBRFV-LMID/RGB/Pepper/II/Healthy/H_1_RGB_0_44.tiff
train,Pepper\II\Healthy,Healthy,H_1,1,0,45,Datasets/TOBRFV-LMID/RGB/Pepper/II/Healthy/H_1_RGB_0_45.tiff
train,Pepper\II\Healthy,Healthy,H_1,1,0,5,Datasets/TOBRFV-LMID/RGB/Pepper/II/Healthy/H_1_RGB_0_5.tiff
train,Pepper\II\Healthy,Healthy,H_1,1,0,6,Datasets/TOBRFV-LMID/RGB/Pepper/II/Healthy/H_1_RGB_0_6.tiff
train,Pepper\II\Healthy,Healthy,H_1,1,0,7,Datasets/TOBRFV-LMID/RGB/Pepper/II/Healthy/H_1_RGB_0_7.tiff
train,Pepper\II\Healthy,Healthy,H_1,1,0,8,Datasets/TOBRFV-LMID/RGB/Pepper/II/Healthy/H_1_RGB_0_8.tiff
train,Pepper\II\Healthy,Healthy,H_1,1,0,9,Datasets/TOBRFV-LMID/RGB/Pepper/II/Healthy/H_1_RGB_0_9.tiff
train,Pepper\II\Healthy,Healthy,H_15,15,0,1,Datasets/TOBRFV-LMID/RGB/Pepper/II/Healthy/H_15_RGB_0_1.tiff
train,Pepper\II\Healthy,Healthy,H_15,15,0,10,Datasets/TOBRFV-LMID/RGB/Pepper/II/Healthy/H_15_RGB_0_10.tiff
train,Pepper\II\Healthy,Healthy,H_15,15,0,11,Datasets/TOBRFV-LMID/RGB/Pepper/II/Healthy/H_15_RGB_0_11.tiff
train,Pepper\II\Healthy,Healthy,H_15,15,0,12,Datasets/TOBRFV-LMID/RGB/Pepper/II/Healthy/H_15_RGB_0_12.tiff
train,Pepper\II\Healthy,Healthy,H_15,15,0,13,Datasets/TOBRFV-LMID/RGB/Pepper/II/Healthy/H_15_RGB_0_13.tiff
train,Pepper\II\Healthy,Healthy,H_15,15,0,14,Datasets/TOBRFV-LMID/RGB/Pepper/II/Healthy/H_15_RGB_0_14.tiff
train,Pepper\II\Healthy,Healthy,H_15,15,0,15,Datasets/TOBRFV-LMID/RGB/Pepper/II/Healthy/H_15_RGB_0_15.tiff
train,Pepper\II\Healthy,Healthy,H_15,15,0,16,Datasets/TOBRFV-LMID/RGB/Pepper/II/Healthy/H_15_RGB_0_16.tiff
train,Pepper\II\Healthy,Healthy,H_15,15,0,17,Datasets/TOBRFV-LMID/RGB/Pepper/II/Healthy/H_15_RGB_0_17.tiff
train,Pepper\II\Healthy,Healthy,H_15,15,0,18,Datasets/TOBRFV-LMID/RGB/Pepper/II/Healthy/H_15_RGB_0_18.tiff
train,Pepper\II\Healthy,Healthy,H_15,15,0,19,Datasets/TOBRFV-LMID/RGB/Pepper/II/Healthy/H_15_RGB_0_19.tiff
train,Pepper\II\Healthy,Healthy,H_15,15,0,2,Datasets/TOBRFV-LMID/RGB/Pepper/II/Healthy/H_15_RGB_0_2.tiff
train,Pepper\II\Healthy,Healthy,H_15,15,0,20,Datasets/TOBRFV-LMID/RGB/Pepper/II/Healthy/H_15_RGB_0_20.tiff
train,Pepper\II\Healthy,Healthy,H_15,15,0,21,Datasets/TOBRFV-LMID/RGB/Pepper/II/Healthy/H_15_RGB_0_21.tiff
train,Pepper\II\Healthy,Healthy,H_15,15,0,22,Datasets/TOBRFV-LMID/RGB/Pepper/II/Healthy/H_15_RGB_0_22.tiff
train,Pepper\II\Healthy,Healthy,H_15,15,0,23,Datasets/TOBRFV-LMID/RGB/Pepper/II/Healthy/H_15_RGB_0_23.tiff
train,Pepper\II\Healthy,Healthy,H_15,15,0,24,Datasets/TOBRFV-LMID/RGB/Pepper/II/Healthy/H_15_RGB_0_24.tiff
train,Pepper\II\Healthy,Healthy,H_15,15,0,25,Datasets/TOBRFV-LMID/RGB/Pepper/II/Healthy/H_15_RGB_0_25.tiff
train,Pepper\II\Healthy,Healthy,H_15,15,0,26,Datasets/TOBRFV-LMID/RGB/Pepper/II/Healthy/H_15_RGB_0_26.tiff
train,Pepper\II\Healthy,Healthy,H_15,15,0,27,Datasets/TOBRFV-LMID/RGB/Pepper/II/Healthy/H_15_RGB_0_27.tiff
train,Pepper\II\Healthy,Healthy,H_15,15,0,28,Datasets/TOBRFV-LMID/RGB/Pepper/II/Healthy/H_15_RGB_0_28.tiff
train,Pepper\II\Healthy,Healthy,H_15,15,0,29,Datasets/TOBRFV-LMID/RGB/Pepper/II/Healthy/H_15_RGB_0_29.tiff
train,Pepper\II\Healthy,Healthy,H_15,15,0,3,Datasets/TOBRFV-LMID/RGB/Pepper/II/Healthy/H_15_RGB_0_3.tiff
train,Pepper\II\Healthy,Healthy,H_15,15,0,30,Datasets/TOBRFV-LMID/RGB/Pepper/II/Healthy/H_15_RGB_0_30.tiff
train,Pepper\II\Healthy,Healthy,H_15,15,0,31,Datasets/TOBRFV-LMID/RGB/Pepper/II/Healthy/H_15_RGB_0_31.tiff
train,Pepper\II\Healthy,Healthy,H_15,15,0,32,Datasets/TOBRFV-LMID/RGB/Pepper/II/Healthy/H_15_RGB_0_32.tiff
train,Pepper\II\Healthy,Healthy,H_15,15,0,33,Datasets/TOBRFV-LMID/RGB/Pepper/II/Healthy/H_15_RGB_0_33.tiff
train,Pepper\II\Healthy,Healthy,H_15,15,0,34,Datasets/TOBRFV-LMID/RGB/Pepper/II/Healthy/H_15_RGB_0_34.tiff
train,Pepper\II\Healthy,Healthy,H_15,15,0,35,Datasets/TOBRFV-LMID/RGB/Pepper/II/Healthy/H_15_RGB_0_35.tiff
train,Pepper\II\Healthy,Healthy,H_15,15,0,36,Datasets/TOBRFV-LMID/RGB/Pepper/II/Healthy/H_15_RGB_0_36.tiff
train,Pepper\II\Healthy,Healthy,H_15,15,0,38,Datasets/TOBRFV-LMID/RGB/Pepper/II/Healthy/H_15_RGB_0_38.tiff
train,Pepper\II\Healthy,Healthy,H_15,15,0,39,Datasets/TOBRFV-LMID/RGB/Pepper/II/Healthy/H_15_RGB_0_39.tiff
train,Pepper\II\Healthy,Healthy,H_15,15,0,4,Datasets/TOBRFV-LMID/RGB/Pepper/II/Healthy/H_15_RGB_0_4.tiff
train,Pepper\II\Healthy,Healthy,H_15,15,0,40,Datasets/TOBRFV-LMID/RGB/Pepper/II/Healthy/H_15_RGB_0_40.tiff
train,Pepper\II\Healthy,Healthy,H_15,15,0,41,Datasets/TOBRFV-LMID/RGB/Pepper/II/Healthy/H_15_RGB_0_41.tiff
train,Pepper\II\Healthy,Healthy,H_15,15,0,42,Datasets/TOBRFV-LMID/RGB/Pepper/II/Healthy/H_15_RGB_0_42.tiff
train,Pepper\II\Healthy,Healthy,H_15,15,0,43,Datasets/TOBRFV-LMID/RGB/Pepper/II/Healthy/H_15_RGB_0_43.tiff
train,Pepper\II\Healthy,Healthy,H_15,15,0,44,Datasets/TOBRFV-LMID/RGB/Pepper/II/Healthy/H_15_RGB_0_44.tiff
train,Pepper\II\Healthy,Healthy,H_15,15,0,45,Datasets/TOBRFV-LMID/RGB/Pepper/II/Healthy/H_15_RGB_0_45.tiff
train,Pepper\II\Healthy,Healthy,H_15,15,0,5,Datasets/TOBRFV-LMID/RGB/Pepper/II/Healthy/H_15_RGB_0_5.tiff
train,Pepper\II\Healthy,Healthy,H_15,15,0,6,Datasets/TOBRFV-LMID/RGB/Pepper/II/Healthy/H_15_RGB_0_6.tiff
train,Pepper\II\Healthy,Healthy,H_15,15,0,7,Datasets/TOBRFV-LMID/RGB/Pepper/II/Healthy/H_15_RGB_0_7.tiff
train,Pepper\II\Healthy,Healthy,H_15,15,0,8,Datasets/TOBRFV-LMID/RGB/Pepper/II/Healthy/H_15_RGB_0_8.tiff
train,Pepper\II\Healthy,Healthy,H_15,15,0,9,Datasets/TOBRFV-LMID/RGB/Pepper/II/Healthy/H_15_RGB_0_9.tiff
train,Pepper\II\Healthy,Healthy,H_15,15,5,1,Datasets/TOBRFV-LMID/RGB/Pepper/II/Healthy/H_15_RGB_5_1.tiff
train,Pepper\II\Healthy,Healthy,H_15,15,5,10,Datasets/TOBRFV-LMID/RGB/Pepper/II/Healthy/H_15_RGB_5_10.tiff
train,Pepper\II\Healthy,Healthy,H_15,15,5,11,Datasets/TOBRFV-LMID/RGB/Pepper/II/Healthy/H_15_RGB_5_11.tiff
train,Pepper\II\Healthy,Healthy,H_15,15,5,12,Datasets/TOBRFV-LMID/RGB/Pepper/II/Healthy/H_15_RGB_5_12.tiff
train,Pepper\II\Healthy,Healthy,H_15,15,5,13,Datasets/TOBRFV-LMID/RGB/Pepper/II/Healthy/H_15_RGB_5_13.tiff
train,Pepper\II\Healthy,Healthy,H_15,15,5,14,Datasets/TOBRFV-LMID/RGB/Pepper/II/Healthy/H_15_RGB_5_14.tiff
train,Pepper\II\Healthy,Healthy,H_15,15,5,15,Datasets/TOBRFV-LMID/RGB/Pepper/II/Healthy/H_15_RGB_5_15.tiff
train,Pepper\II\Healthy,Healthy,H_15,15,5,17,Datasets/TOBRFV-LMID/RGB/Pepper/II/Healthy/H_15_RGB_5_17.tiff
train,Pepper\II\Healthy,Healthy,H_15,15,5,18,Datasets/TOBRFV-LMID/RGB/Pepper/II/Healthy/H_15_RGB_5_18.tiff
train,Pepper\II\Healthy,Healthy,H_15,15,5,19,Datasets/TOBRFV-LMID/RGB/Pepper/II/Healthy/H_15_RGB_5_19.tiff
train,Pepper\II\Healthy,Healthy,H_15,15,5,2,Datasets/TOBRFV-LMID/RGB/Pepper/II/Healthy/H_15_RGB_5_2.tiff
train,Pepper\II\Healthy,Healthy,H_15,15,5,20,Datasets/TOBRFV-LMID/RGB/Pepper/II/Healthy/H_15_RGB_5_20.tiff
train,Pepper\II\Healthy,Healthy,H_15,15,5,21,Datasets/TOBRFV-LMID/RGB/Pepper/II/Healthy/H_15_RGB_5_21.tiff
train,Pepper\II\Healthy,Healthy,H_15,15,5,22,Datasets/TOBRFV-LMID/RGB/Pepper/II/Healthy/H_15_RGB_5_22.tiff
train,Pepper\II\Healthy,Healthy,H_15,15,5,23,Datasets/TOBRFV-LMID/RGB/Pepper/II/Healthy/H_15_RGB_5_23.tiff
train,Pepper\II\Healthy,Healthy,H_15,15,5,24,Datasets/TOBRFV-LMID/RGB/Pepper/II/Healthy/H_15_RGB_5_24.tiff
train,Pepper\II\Healthy,Healthy,H_15,15,5,25,Datasets/TOBRFV-LMID/RGB/Pepper/II/Healthy/H_15_RGB_5_25.tiff
train,Pepper\II\Healthy,Healthy,H_15,15,5,26,Datasets/TOBRFV-LMID/RGB/Pepper/II/Healthy/H_15_RGB_5_26.tiff
train,Pepper\II\Healthy,Healthy,H_15,15,5,27,Datasets/TOBRFV-LMID/RGB/Pepper/II/Healthy/H_15_RGB_5_27.tiff
train,Pepper\II\Healthy,Healthy,H_15,15,5,28,Datasets/TOBRFV-LMID/RGB/Pepper/II/Healthy/H_15_RGB_5_28.tiff
train,Pepper\II\Healthy,Healthy,H_15,15,5,29,Datasets/TOBRFV-LMID/RGB/Pepper/II/Healthy/H_15_RGB_5_29.tiff
train,Pepper\II\Healthy,Healthy,H_15,15,5,3,Datasets/TOBRFV-LMID/RGB/Pepper/II/Healthy/H_15_RGB_5_3.tiff
train,Pepper\II\Healthy,Healthy,H_15,15,5,30,Datasets/TOBRFV-LMID/RGB/Pepper/II/Healthy/H_15_RGB_5_30.tiff
train,Pepper\II\Healthy,Healthy,H_15,15,5,31,Datasets/TOBRFV-LMID/RGB/Pepper/II/Healthy/H_15_RGB_5_31.tiff
train,Pepper\II\Healthy,Healthy,H_15,15,5,32,Datasets/TOBRFV-LMID/RGB/Pepper/II/Healthy/H_15_RGB_5_32.tiff
train,Pepper\II\Healthy,Healthy,H_15,15,5,33,Datasets/TOBRFV-LMID/RGB/Pepper/II/Healthy/H_15_RGB_5_33.tiff
train,Pepper\II\Healthy,Healthy,H_15,15,5,34,Datasets/TOBRFV-LMID/RGB/Pepper/II/Healthy/H_15_RGB_5_34.tiff
train,Pepper\II\Healthy,Healthy,H_15,15,5,35,Datasets/TOBRFV-LMID/RGB/Pepper/II/Healthy/H_15_RGB_5_35.tiff
train,Pepper\II\Healthy,Healthy,H_15,15,5,36,Datasets/TOBRFV-LMID/RGB/Pepper/II/Healthy/H_15_RGB_5_36.tiff
train,Pepper\II\Healthy,Healthy,H_15,15,5,37,Datasets/TOBRFV-LMID/RGB/Pepper/II/Healthy/H_15_RGB_5_37.tiff
train,Pepper\II\Healthy,Healthy,H_15,15,5,38,Datasets/TOBRFV-LMID/RGB/Pepper/II/Healthy/H_15_RGB_5_38.tiff
train,Pepper\II\Healthy,Healthy,H_15,15,5,39,Datasets/TOBRFV-LMID/RGB/Pepper/II/Healthy/H_15_RGB_5_39.tiff
train,Pepper\II\Healthy,Healthy,H_15,15,5,4,Datasets/TOBRFV-LMID/RGB/Pepper/II/Healthy/H_15_RGB_5_4.tiff
train,Pepper\II\Healthy,Healthy,H_15,15,5,40,Datasets/TOBRFV-LMID/RGB/Pepper/II/Healthy/H_15_RGB_5_40.tiff
train,Pepper\II\Healthy,Healthy,H_15,15,5,41,Datasets/TOBRFV-LMID/RGB/Pepper/II/Healthy/H_15_RGB_5_41.tiff
train,Pepper\II\Healthy,Healthy,H_15,15,5,42,Datasets/TOBRFV-LMID/RGB/Pepper/II/Healthy/H_15_RGB_5_42.tiff
train,Pepper\II\Healthy,Healthy,H_15,15,5,43,Datasets/TOBRFV-LMID/RGB/Pepper/II/Healthy/H_15_RGB_5_43.tiff
train,Pepper\II\Healthy,Healthy,H_15,15,5,44,Datasets/TOBRFV-LMID/RGB/Pepper/II/Healthy/H_15_RGB_5_44.tiff
train,Pepper\II\Healthy,Healthy,H_15,15,5,45,Datasets/TOBRFV-LMID/RGB/Pepper/II/Healthy/H_15_RGB_5_45.tiff
train,Pepper\II\Healthy,Healthy,H_15,15,5,5,Datasets/TOBRFV-LMID/RGB/Pepper/II/Healthy/H_15_RGB_5_5.tiff
train,Pepper\II\Healthy,Healthy,H_15,15,5,6,Datasets/TOBRFV-LMID/RGB/Pepper/II/Healthy/H_15_RGB_5_6.tiff
train,Pepper\II\Healthy,Healthy,H_15,15,5,7,Datasets/TOBRFV-LMID/RGB/Pepper/II/Healthy/H_15_RGB_5_7.tiff
train,Pepper\II\Healthy,Healthy,H_15,15,5,8,Datasets/TOBRFV-LMID/RGB/Pepper/II/Healthy/H_15_RGB_5_8.tiff
train,Pepper\II\Healthy,Healthy,H_15,15,5,9,Datasets/TOBRFV-LMID/RGB/Pepper/II/Healthy/H_15_RGB_5_9.tiff
train,Pepper\II\Healthy,Healthy,H_27,27,0,1,Datasets/TOBRFV-LMID/RGB/Pepper/II/Healthy/H_27_RGB_0_1.tiff
train,Pepper\II\Healthy,Healthy,H_27,27,0,10,Datasets/TOBRFV-LMID/RGB/Pepper/II/Healthy/H_27_RGB_0_10.tiff
train,Pepper\II\Healthy,Healthy,H_27,27,0,11,Datasets/TOBRFV-LMID/RGB/Pepper/II/Healthy/H_27_RGB_0_11.tiff
train,Pepper\II\Healthy,Healthy,H_27,27,0,13,Datasets/TOBRFV-LMID/RGB/Pepper/II/Healthy/H_27_RGB_0_13.tiff
train,Pepper\II\Healthy,Healthy,H_27,27,0,14,Datasets/TOBRFV-LMID/RGB/Pepper/II/Healthy/H_27_RGB_0_14.tiff
train,Pepper\II\Healthy,Healthy,H_27,27,0,15,Datasets/TOBRFV-LMID/RGB/Pepper/II/Healthy/H_27_RGB_0_15.tiff
train,Pepper\II\Healthy,Healthy,H_27,27,0,16,Datasets/TOBRFV-LMID/RGB/Pepper/II/Healthy/H_27_RGB_0_16.tiff
train,Pepper\II\Healthy,Healthy,H_27,27,0,17,Datasets/TOBRFV-LMID/RGB/Pepper/II/Healthy/H_27_RGB_0_17.tiff
train,Pepper\II\Healthy,Healthy,H_27,27,0,18,Datasets/TOBRFV-LMID/RGB/Pepper/II/Healthy/H_27_RGB_0_18.tiff
train,Pepper\II\Healthy,Healthy,H_27,27,0,19,Datasets/TOBRFV-LMID/RGB/Pepper/II/Healthy/H_27_RGB_0_19.tiff
train,Pepper\II\Healthy,Healthy,H_27,27,0,2,Datasets/TOBRFV-LMID/RGB/Pepper/II/Healthy/H_27_RGB_0_2.tiff
train,Pepper\II\Healthy,Healthy,H_27,27,0,20,Datasets/TOBRFV-LMID/RGB/Pepper/II/Healthy/H_27_RGB_0_20.tiff
train,Pepper\II\Healthy,Healthy,H_27,27,0,21,Datasets/TOBRFV-LMID/RGB/Pepper/II/Healthy/H_27_RGB_0_21.tiff
train,Pepper\II\Healthy,Healthy,H_27,27,0,22,Datasets/TOBRFV-LMID/RGB/Pepper/II/Healthy/H_27_RGB_0_22.tiff
train,Pepper\II\Healthy,Healthy,H_27,27,0,23,Datasets/TOBRFV-LMID/RGB/Pepper/II/Healthy/H_27_RGB_0_23.tiff
train,Pepper\II\Healthy,Healthy,H_27,27,0,24,Datasets/TOBRFV-LMID/RGB/Pepper/II/Healthy/H_27_RGB_0_24.tiff
train,Pepper\II\Healthy,Healthy,H_27,27,0,25,Datasets/TOBRFV-LMID/RGB/Pepper/II/Healthy/H_27_RGB_0_25.tiff
train,Pepper\II\Healthy,Healthy,H_27,27,0,26,Datasets/TOBRFV-LMID/RGB/Pepper/II/Healthy/H_27_RGB_0_26.tiff
train,Pepper\II\Healthy,Healthy,H_27,27,0,27,Datasets/TOBRFV-LMID/RGB/Pepper/II/Healthy/H_27_RGB_0_27.tiff
train,Pepper\II\Healthy,Healthy,H_27,27,0,28,Datasets/TOBRFV-LMID/RGB/Pepper/II/Healthy/H_27_RGB_0_28.tiff
train,Pepper\II\Healthy,Healthy,H_27,27,0,29,Datasets/TOBRFV-LMID/RGB/Pepper/II/Healthy/H_27_RGB_0_29.tiff
train,Pepper\II\Healthy,Healthy,H_27,27,0,3,Datasets/TOBRFV-LMID/RGB/Pepper/II/Healthy/H_27_RGB_0_3.tiff
train,Pepper\II\Healthy,Healthy,H_27,27,0,30,Datasets/TOBRFV-LMID/RGB/Pepper/II/Healthy/H_27_RGB_0_30.tiff
train,Pepper\II\Healthy,Healthy,H_27,27,0,31,Datasets/TOBRFV-LMID/RGB/Pepper/II/Healthy/H_27_RGB_0_31.tiff
train,Pepper\II\Healthy,Healthy,H_27,27,0,32,Datasets/TOBRFV-LMID/RGB/Pepper/II/Healthy/H_27_RGB_0_32.tiff
train,Pepper\II\Healthy,Healthy,H_27,27,0,33,Datasets/TOBRFV-LMID/RGB/Pepper/II/Healthy/H_27_RGB_0_33.tiff
train,Pepper\II\Healthy,Healthy,H_27,27,0,34,Datasets/TOBRFV-LMID/RGB/Pepper/II/Healthy/H_27_RGB_0_34.tiff
train,Pepper\II\Healthy,Healthy,H_27,27,0,35,Datasets/TOBRFV-LMID/RGB/Pepper/II/Healthy/H_27_RGB_0_35.tiff
train,Pepper\II\Healthy,Healthy,H_27,27,0,36,Datasets/TOBRFV-LMID/RGB/Pepper/II/Healthy/H_27_RGB_0_36.tiff
train,Pepper\II\Healthy,Healthy,H_27,27,0,37,Datasets/TOBRFV-LMID/RGB/Pepper/II/Healthy/H_27_RGB_0_37.tiff
train,Pepper\II\Healthy,Healthy,H_27,27,0,38,Datasets/TOBRFV-LMID/RGB/Pepper/II/Healthy/H_27_RGB_0_38.tiff
train,Pepper\II\Healthy,Healthy,H_27,27,0,39,Datasets/TOBRFV-LMID/RGB/Pepper/II/Healthy/H_27_RGB_0_39.tiff
train,Pepper\II\Healthy,Healthy,H_27,27,0,4,Datasets/TOBRFV-LMID/RGB/Pepper/II/Healthy/H_27_RGB_0_4.tiff
train,Pepper\II\Healthy,Healthy,H_27,27,0,40,Datasets/TOBRFV-LMID/RGB/Pepper/II/Healthy/H_27_RGB_0_40.tiff
train,Pepper\II\Healthy,Healthy,H_27,27,0,41,Datasets/TOBRFV-LMID/RGB/Pepper/II/Healthy/H_27_RGB_0_41.tiff
train,Pepper\II\Healthy,Healthy,H_27,27,0,42,Datasets/TOBRFV-LMID/RGB/Pepper/II/Healthy/H_27_RGB_0_42.tiff
train,Pepper\II\Healthy,Healthy,H_27,27,0,43,Datasets/TOBRFV-LMID/RGB/Pepper/II/Healthy/H_27_RGB_0_43.tiff
train,Pepper\II\Healthy,Healthy,H_27,27,0,44,Datasets/TOBRFV-LMID/RGB/Pepper/II/Healthy/H_27_RGB_0_44.tiff
train,Pepper\II\Healthy,Healthy,H_27,27,0,45,Datasets/TOBRFV-LMID/RGB/Pepper/II/Healthy/H_27_RGB_0_45.tiff
train,Pepper\II\Healthy,Healthy,H_27,27,0,5,Datasets/TOBRFV-LMID/RGB/Pepper/II/Healthy/H_27_RGB_0_5.tiff
train,Pepper\II\Healthy,Healthy,H_27,27,0,6,Datasets/TOBRFV-LMID/RGB/Pepper/II/Healthy/H_27_RGB_0_6.tiff
train,Pepper\II\Healthy,Healthy,H_27,27,0,7,Datasets/TOBRFV-LMID/RGB/Pepper/II/Healthy/H_27_RGB_0_7.tiff
train,Pepper\II\Healthy,Healthy,H_27,27,0,8,Datasets/TOBRFV-LMID/RGB/Pepper/II/Healthy/H_27_RGB_0_8.tiff
train,Pepper\II\Healthy,Healthy,H_27,27,0,9,Datasets/TOBRFV-LMID/RGB/Pepper/II/Healthy/H_27_RGB_0_9.tiff
train,Pepper\II\Healthy,Healthy,H_27,27,15,1,Datasets/TOBRFV-LMID/RGB/Pepper/II/Healthy/H_27_RGB_15_1.tiff
train,Pepper\II\Healthy,Healthy,H_27,27,15,10,Datasets/TOBRFV-LMID/RGB/Pepper/II/Healthy/H_27_RGB_15_10.tiff
train,Pepper\II\Healthy,Healthy,H_27,27,15,11,Datasets/TOBRFV-LMID/RGB/Pepper/II/Healthy/H_27_RGB_15_11.tiff
train,Pepper\II\Healthy,Healthy,H_27,27,15,12,Datasets/TOBRFV-LMID/RGB/Pepper/II/Healthy/H_27_RGB_15_12.tiff
train,Pepper\II\Healthy,Healthy,H_27,27,15,13,Datasets/TOBRFV-LMID/RGB/Pepper/II/Healthy/H_27_RGB_15_13.tiff
train,Pepper\II\Healthy,Healthy,H_27,27,15,14,Datasets/TOBRFV-LMID/RGB/Pepper/II/Healthy/H_27_RGB_15_14.tiff
train,Pepper\II\Healthy,Healthy,H_27,27,15,15,Datasets/TOBRFV-LMID/RGB/Pepper/II/Healthy/H_27_RGB_15_15.tiff
train,Pepper\II\Healthy,Healthy,H_27,27,15,16,Datasets/TOBRFV-LMID/RGB/Pepper/II/Healthy/H_27_RGB_15_16.tiff
train,Pepper\II\Healthy,Healthy,H_27,27,15,18,Datasets/TOBRFV-LMID/RGB/Pepper/II/Healthy/H_27_RGB_15_18.tiff
train,Pepper\II\Healthy,Healthy,H_27,27,15,19,Datasets/TOBRFV-LMID/RGB/Pepper/II/Healthy/H_27_RGB_15_19.tiff
train,Pepper\II\Healthy,Healthy,H_27,27,15,2,Datasets/TOBRFV-LMID/RGB/Pepper/II/Healthy/H_27_RGB_15_2.tiff
train,Pepper\II\Healthy,Healthy,H_27,27,15,20,Datasets/TOBRFV-LMID/RGB/Pepper/II/Healthy/H_27_RGB_15_20.tiff
train,Pepper\II\Healthy,Healthy,H_27,27,15,21,Datasets/TOBRFV-LMID/RGB/Pepper/II/Healthy/H_27_RGB_15_21.tiff
train,Pepper\II\Healthy,Healthy,H_27,27,15,22,Datasets/TOBRFV-LMID/RGB/Pepper/II/Healthy/H_27_RGB_15_22.tiff
train,Pepper\II\Healthy,Healthy,H_27,27,15,23,Datasets/TOBRFV-LMID/RGB/Pepper/II/Healthy/H_27_RGB_15_23.tiff
train,Pepper\II\Healthy,Healthy,H_27,27,15,24,Datasets/TOBRFV-LMID/RGB/Pepper/II/Healthy/H_27_RGB_15_24.tiff
train,Pepper\II\Healthy,Healthy,H_27,27,15,25,Datasets/TOBRFV-LMID/RGB/Pepper/II/Healthy/H_27_RGB_15_25.tiff
train,Pepper\II\Healthy,Healthy,H_27,27,15,26,Datasets/TOBRFV-LMID/RGB/Pepper/II/Healthy/H_27_RGB_15_26.tiff
train,Pepper\II\Healthy,Healthy,H_27,27,15,27,Datasets/TOBRFV-LMID/RGB/Pepper/II/Healthy/H_27_RGB_15_27.tiff
train,Pepper\II\Healthy,Healthy,H_27,27,15,28,Datasets/TOBRFV-LMID/RGB/Pepper/II/Healthy/H_27_RGB_15_28.tiff
train,Pepper\II\Healthy,Healthy,H_27,27,15,29,Datasets/TOBRFV-LMID/RGB/Pepper/II/Healthy/H_27_RGB_15_29.tiff
train,Pepper\II\Healthy,Healthy,H_27,27,15,3,Datasets/TOBRFV-LMID/RGB/Pepper/II/Healthy/H_27_RGB_15_3.tiff
train,Pepper\II\Healthy,Healthy,H_27,27,15,30,Datasets/TOBRFV-LMID/RGB/Pepper/II/Healthy/H_27_RGB_15_30.tiff
train,Pepper\II\Healthy,Healthy,H_27,27,15,31,Datasets/TOBRFV-LMID/RGB/Pepper/II/Healthy/H_27_RGB_15_31.tiff
train,Pepper\II\Healthy,Healthy,H_27,27,15,32,Datasets/TOBRFV-LMID/RGB/Pepper/II/Healthy/H_27_RGB_15_32.tiff
train,Pepper\II\Healthy,Healthy,H_27,27,15,33,Datasets/TOBRFV-LMID/RGB/Pepper/II/Healthy/H_27_RGB_15_33.tiff
train,Pepper\II\Healthy,Healthy,H_27,27,15,34,Datasets/TOBRFV-LMID/RGB/Pepper/II/Healthy/H_27_RGB_15_34.tiff
train,Pepper\II\Healthy,Healthy,H_27,27,15,35,Datasets/TOBRFV-LMID/RGB/Pepper/II/Healthy/H_27_RGB_15_35.tiff
train,Pepper\II\Healthy,Healthy,H_27,27,15,36,Datasets/TOBRFV-LMID/RGB/Pepper/II/Healthy/H_27_RGB_15_36.tiff
train,Pepper\II\Healthy,Healthy,H_27,27,15,37,Datasets/TOBRFV-LMID/RGB/Pepper/II/Healthy/H_27_RGB_15_37.tiff
train,Pepper\II\Healthy,Healthy,H_27,27,15,38,Datasets/TOBRFV-LMID/RGB/Pepper/II/Healthy/H_27_RGB_15_38.tiff
train,Pepper\II\Healthy,Healthy,H_27,27,15,39,Datasets/TOBRFV-LMID/RGB/Pepper/II/Healthy/H_27_RGB_15_39.tiff
train,Pepper\II\Healthy,Healthy,H_27,27,15,4,Datasets/TOBRFV-LMID/RGB/Pepper/II/Healthy/H_27_RGB_15_4.tiff
train,Pepper\II\Healthy,Healthy,H_27,27,15,40,Datasets/TOBRFV-LMID/RGB/Pepper/II/Healthy/H_27_RGB_15_40.tiff
train,Pepper\II\Healthy,Healthy,H_27,27,15,41,Datasets/TOBRFV-LMID/RGB/Pepper/II/Healthy/H_27_RGB_15_41.tiff
train,Pepper\II\Healthy,Healthy,H_27,27,15,42,Datasets/TOBRFV-LMID/RGB/Pepper/II/Healthy/H_27_RGB_15_42.tiff
train,Pepper\II\Healthy,Healthy,H_27,27,15,43,Datasets/TOBRFV-LMID/RGB/Pepper/II/Healthy/H_27_RGB_15_43.tiff
train,Pepper\II\Healthy,Healthy,H_27,27,15,44,Datasets/TOBRFV-LMID/RGB/Pepper/II/Healthy/H_27_RGB_15_44.tiff
train,Pepper\II\Healthy,Healthy,H_27,27,15,45,Datasets/TOBRFV-LMID/RGB/Pepper/II/Healthy/H_27_RGB_15_45.tiff
train,Pepper\II\Healthy,Healthy,H_27,27,15,5,Datasets/TOBRFV-LMID/RGB/Pepper/II/Healthy/H_27_RGB_15_5.tiff
train,Pepper\II\Healthy,Healthy,H_27,27,15,6,Datasets/TOBRFV-LMID/RGB/Pepper/II/Healthy/H_27_RGB_15_6.tiff
train,Pepper\II\Healthy,Healthy,H_27,27,15,7,Datasets/TOBRFV-LMID/RGB/Pepper/II/Healthy/H_27_RGB_15_7.tiff
train,Pepper\II\Healthy,Healthy,H_27,27,15,8,Datasets/TOBRFV-LMID/RGB/Pepper/II/Healthy/H_27_RGB_15_8.tiff
train,Pepper\II\Healthy,Healthy,H_27,27,15,9,Datasets/TOBRFV-LMID/RGB/Pepper/II/Healthy/H_27_RGB_15_9.tiff
train,Pepper\II\Healthy,Healthy,H_17,17,0,1,Datasets/TOBRFV-LMID/RGB/Pepper/II/Healthy/H_17_RGB_0_1.tiff
train,Pepper\II\Healthy,Healthy,H_17,17,0,10,Datasets/TOBRFV-LMID/RGB/Pepper/II/Healthy/H_17_RGB_0_10.tiff
train,Pepper\II\Healthy,Healthy,H_17,17,0,11,Datasets/TOBRFV-LMID/RGB/Pepper/II/Healthy/H_17_RGB_0_11.tiff
train,Pepper\II\Healthy,Healthy,H_17,17,0,12,Datasets/TOBRFV-LMID/RGB/Pepper/II/Healthy/H_17_RGB_0_12.tiff
train,Pepper\II\Healthy,Healthy,H_17,17,0,13,Datasets/TOBRFV-LMID/RGB/Pepper/II/Healthy/H_17_RGB_0_13.tiff
train,Pepper\II\Healthy,Healthy,H_17,17,0,14,Datasets/TOBRFV-LMID/RGB/Pepper/II/Healthy/H_17_RGB_0_14.tiff
train,Pepper\II\Healthy,Healthy,H_17,17,0,15,Datasets/TOBRFV-LMID/RGB/Pepper/II/Healthy/H_17_RGB_0_15.tiff
train,Pepper\II\Healthy,Healthy,H_17,17,0,16,Datasets/TOBRFV-LMID/RGB/Pepper/II/Healthy/H_17_RGB_0_16.tiff
train,Pepper\II\Healthy,Healthy,H_17,17,0,17,Datasets/TOBRFV-LMID/RGB/Pepper/II/Healthy/H_17_RGB_0_17.tiff
train,Pepper\II\Healthy,Healthy,H_17,17,0,18,Datasets/TOBRFV-LMID/RGB/Pepper/II/Healthy/H_17_RGB_0_18.tiff
train,Pepper\II\Healthy,Healthy,H_17,17,0,19,Datasets/TOBRFV-LMID/RGB/Pepper/II/Healthy/H_17_RGB_0_19.tiff
train,Pepper\II\Healthy,Healthy,H_17,17,0,2,Datasets/TOBRFV-LMID/RGB/Pepper/II/Healthy/H_17_RGB_0_2.tiff
train,Pepper\II\Healthy,Healthy,H_17,17,0,20,Datasets/TOBRFV-LMID/RGB/Pepper/II/Healthy/H_17_RGB_0_20.tiff
train,Pepper\II\Healthy,Healthy,H_17,17,0,21,Datasets/TOBRFV-LMID/RGB/Pepper/II/Healthy/H_17_RGB_0_21.tiff
train,Pepper\II\Healthy,Healthy,H_17,17,0,22,Datasets/TOBRFV-LMID/RGB/Pepper/II/Healthy/H_17_RGB_0_22.tiff
train,Pepper\II\Healthy,Healthy,H_17,17,0,23,Datasets/TOBRFV-LMID/RGB/Pepper/II/Healthy/H_17_RGB_0_23.tiff
train,Pepper\II\Healthy,Healthy,H_17,17,0,24,Datasets/TOBRFV-LMID/RGB/Pepper/II/Healthy/H_17_RGB_0_24.tiff
train,Pepper\II\Healthy,Healthy,H_17,17,0,25,Datasets/TOBRFV-LMID/RGB/Pepper/II/Healthy/H_17_RGB_0_25.tiff
train,Pepper\II\Healthy,Healthy,H_17,17,0,26,Datasets/TOBRFV-LMID/RGB/Pepper/II/Healthy/H_17_RGB_0_26.tiff
train,Pepper\II\Healthy,Healthy,H_17,17,0,27,Datasets/TOBRFV-LMID/RGB/Pepper/II/Healthy/H_17_RGB_0_27.tiff
train,Pepper\II\Healthy,Healthy,H_17,17,0,28,Datasets/TOBRFV-LMID/RGB/Pepper/II/Healthy/H_17_RGB_0_28.tiff
train,Pepper\II\Healthy,Healthy,H_17,17,0,29,Datasets/TOBRFV-LMID/RGB/Pepper/II/Healthy/H_17_RGB_0_29.tiff
train,Pepper\II\Healthy,Healthy,H_17,17,0,3,Datasets/TOBRFV-LMID/RGB/Pepper/II/Healthy/H_17_RGB_0_3.tiff
train,Pepper\II\Healthy,Healthy,H_17,17,0,30,Datasets/TOBRFV-LMID/RGB/Pepper/II/Healthy/H_17_RGB_0_30.tiff
train,Pepper\II\Healthy,Healthy,H_17,17,0,31,Datasets/TOBRFV-LMID/RGB/Pepper/II/Healthy/H_17_RGB_0_31.tiff
train,Pepper\II\Healthy,Healthy,H_17,17,0,32,Datasets/TOBRFV-LMID/RGB/Pepper/II/Healthy/H_17_RGB_0_32.tiff
train,Pepper\II\Healthy,Healthy,H_17,17,0,33,Datasets/TOBRFV-LMID/RGB/Pepper/II/Healthy/H_17_RGB_0_33.tiff
train,Pepper\II\Healthy,Healthy,H_17,17,0,34,Datasets/TOBRFV-LMID/RGB/Pepper/II/Healthy/H_17_RGB_0_34.tiff
train,Pepper\II\Healthy,Healthy,H_17,17,0,35,Datasets/TOBRFV-LMID/RGB/Pepper/II/Healthy/H_17_RGB_0_35.tiff
train,Pepper\II\Healthy,Healthy,H_17,17,0,36,Datasets/TOBRFV-LMID/RGB/Pepper/II/Healthy/H_17_RGB_0_36.tiff
train,Pepper\II\Healthy,Healthy,H_17,17,0,37,Datasets/TOBRFV-LMID/RGB/Pepper/II/Healthy/H_17_RGB_0_37.tiff
train,Pepper\II\Healthy,Healthy,H_17,17,0,38,Datasets/TOBRFV-LMID/RGB/Pepper/II/Healthy/H_17_RGB_0_38.tiff
train,Pepper\II\Healthy,Healthy,H_17,17,0,39,Datasets/TOBRFV-LMID/RGB/Pepper/II/Healthy/H_17_RGB_0_39.tiff
train,Pepper\II\Healthy,Healthy,H_17,17,0,4,Datasets/TOBRFV-LMID/RGB/Pepper/II/Healthy/H_17_RGB_0_4.tiff
train,Pepper\II\Healthy,Healthy,H_17,17,0,40,Datasets/TOBRFV-LMID/RGB/Pepper/II/Healthy/H_17_RGB_0_40.tiff
train,Pepper\II\Healthy,Healthy,H_17,17,0,41,Datasets/TOBRFV-LMID/RGB/Pepper/II/Healthy/H_17_RGB_0_41.tiff
train,Pepper\II\Healthy,Healthy,H_17,17,0,42,Datasets/TOBRFV-LMID/RGB/Pepper/II/Healthy/H_17_RGB_0_42.tiff
train,Pepper\II\Healthy,Healthy,H_17,17,0,43,Datasets/TOBRFV-LMID/RGB/Pepper/II/Healthy/H_17_RGB_0_43.tiff
train,Pepper\II\Healthy,Healthy,H_17,17,0,44,Datasets/TOBRFV-LMID/RGB/Pepper/II/Healthy/H_17_RGB_0_44.tiff
train,Pepper\II\Healthy,Healthy,H_17,17,0,45,Datasets/TOBRFV-LMID/RGB/Pepper/II/Healthy/H_17_RGB_0_45.tiff
train,Pepper\II\Healthy,Healthy,H_17,17,0,5,Datasets/TOBRFV-LMID/RGB/Pepper/II/Healthy/H_17_RGB_0_5.tiff
train,Pepper\II\Healthy,Healthy,H_17,17,0,6,Datasets/TOBRFV-LMID/RGB/Pepper/II/Healthy/H_17_RGB_0_6.tiff
train,Pepper\II\Healthy,Healthy,H_17,17,0,7,Datasets/TOBRFV-LMID/RGB/Pepper/II/Healthy/H_17_RGB_0_7.tiff
train,Pepper\II\Healthy,Healthy,H_17,17,0,8,Datasets/TOBRFV-LMID/RGB/Pepper/II/Healthy/H_17_RGB_0_8.tiff
train,Pepper\II\Healthy,Healthy,H_17,17,0,9,Datasets/TOBRFV-LMID/RGB/Pepper/II/Healthy/H_17_RGB_0_9.tiff
train,Pepper\II\Healthy,Healthy,H_17,17,15,1,Datasets/TOBRFV-LMID/RGB/Pepper/II/Healthy/H_17_RGB_15_1.tiff
train,Pepper\II\Healthy,Healthy,H_17,17,15,10,Datasets/TOBRFV-LMID/RGB/Pepper/II/Healthy/H_17_RGB_15_10.tiff
train,Pepper\II\Healthy,Healthy,H_17,17,15,11,Datasets/TOBRFV-LMID/RGB/Pepper/II/Healthy/H_17_RGB_15_11.tiff
train,Pepper\II\Healthy,Healthy,H_17,17,15,12,Datasets/TOBRFV-LMID/RGB/Pepper/II/Healthy/H_17_RGB_15_12.tiff
train,Pepper\II\Healthy,Healthy,H_17,17,15,13,Datasets/TOBRFV-LMID/RGB/Pepper/II/Healthy/H_17_RGB_15_13.tiff
train,Pepper\II\Healthy,Healthy,H_17,17,15,14,Datasets/TOBRFV-LMID/RGB/Pepper/II/Healthy/H_17_RGB_15_14.tiff
train,Pepper\II\Healthy,Healthy,H_17,17,15,15,Datasets/TOBRFV-LMID/RGB/Pepper/II/Healthy/H_17_RGB_15_15.tiff
train,Pepper\II\Healthy,Healthy,H_17,17,15,16,Datasets/TOBRFV-LMID/RGB/Pepper/II/Healthy/H_17_RGB_15_16.tiff
train,Pepper\II\Healthy,Healthy,H_17,17,15,17,Datasets/TOBRFV-LMID/RGB/Pepper/II/Healthy/H_17_RGB_15_17.tiff
train,Pepper\II\Healthy,Healthy,H_17,17,15,18,Datasets/TOBRFV-LMID/RGB/Pepper/II/Healthy/H_17_RGB_15_18.tiff
train,Pepper\II\Healthy,Healthy,H_17,17,15,19,Datasets/TOBRFV-LMID/RGB/Pepper/II/Healthy/H_17_RGB_15_19.tiff
train,Pepper\II\Healthy,Healthy,H_17,17,15,2,Datasets/TOBRFV-LMID/RGB/Pepper/II/Healthy/H_17_RGB_15_2.tiff
train,Pepper\II\Healthy,Healthy,H_17,17,15,20,Datasets/TOBRFV-LMID/RGB/Pepper/II/Healthy/H_17_RGB_15_20.tiff
train,Pepper\II\Healthy,Healthy,H_17,17,15,21,Datasets/TOBRFV-LMID/RGB/Pepper/II/Healthy/H_17_RGB_15_21.tiff
train,Pepper\II\Healthy,Healthy,H_17,17,15,22,Datasets/TOBRFV-LMID/RGB/Pepper/II/Healthy/H_17_RGB_15_22.tiff
train,Pepper\II\Healthy,Healthy,H_17,17,15,23,Datasets/TOBRFV-LMID/RGB/Pepper/II/Healthy/H_17_RGB_15_23.tiff
train,Pepper\II\Healthy,Healthy,H_17,17,15,24,Datasets/TOBRFV-LMID/RGB/Pepper/II/Healthy/H_17_RGB_15_24.tiff
train,Pepper\II\Healthy,Healthy,H_17,17,15,25,Datasets/TOBRFV-LMID/RGB/Pepper/II/Healthy/H_17_RGB_15_25.tiff
train,Pepper\II\Healthy,Healthy,H_17,17,15,26,Datasets/TOBRFV-LMID/RGB/Pepper/II/Healthy/H_17_RGB_15_26.tiff
train,Pepper\II\Healthy,Healthy,H_17,17,15,27,Datasets/TOBRFV-LMID/RGB/Pepper/II/Healthy/H_17_RGB_15_27.tiff
train,Pepper\II\Healthy,Healthy,H_17,17,15,28,Datasets/TOBRFV-LMID/RGB/Pepper/II/Healthy/H_17_RGB_15_28.tiff
train,Pepper\II\Healthy,Healthy,H_17,17,15,29,Datasets/TOBRFV-LMID/RGB/Pepper/II/Healthy/H_17_RGB_15_29.tiff
train,Pepper\II\Healthy,Healthy,H_17,17,15,3,Datasets/TOBRFV-LMID/RGB/Pepper/II/Healthy/H_17_RGB_15_3.tiff
train,Pepper\II\Healthy,Healthy,H_17,17,15,30,Datasets/TOBRFV-LMID/RGB/Pepper/II/Healthy/H_17_RGB_15_30.tiff
train,Pepper\II\Healthy,Healthy,H_17,17,15,31,Datasets/TOBRFV-LMID/RGB/Pepper/II/Healthy/H_17_RGB_15_31.tiff
train,Pepper\II\Healthy,Healthy,H_17,17,15,32,Datasets/TOBRFV-LMID/RGB/Pepper/II/Healthy/H_17_RGB_15_32.tiff
train,Pepper\II\Healthy,Healthy,H_17,17,15,33,Datasets/TOBRFV-LMID/RGB/Pepper/II/Healthy/H_17_RGB_15_33.tiff
train,Pepper\II\Healthy,Healthy,H_17,17,15,34,Datasets/TOBRFV-LMID/RGB/Pepper/II/Healthy/H_17_RGB_15_34.tiff
train,Pepper\II\Healthy,Healthy,H_17,17,15,35,Datasets/TOBRFV-LMID/RGB/Pepper/II/Healthy/H_17_RGB_15_35.tiff
train,Pepper\II\Healthy,Healthy,H_17,17,15,36,Datasets/TOBRFV-LMID/RGB/Pepper/II/Healthy/H_17_RGB_15_36.tiff
train,Pepper\II\Healthy,Healthy,H_17,17,15,37,Datasets/TOBRFV-LMID/RGB/Pepper/II/Healthy/H_17_RGB_15_37.tiff
train,Pepper\II\Healthy,Healthy,H_17,17,15,38,Datasets/TOBRFV-LMID/RGB/Pepper/II/Healthy/H_17_RGB_15_38.tiff
train,Pepper\II\Healthy,Healthy,H_17,17,15,39,Datasets/TOBRFV-LMID/RGB/Pepper/II/Healthy/H_17_RGB_15_39.tiff
train,Pepper\II\Healthy,Healthy,H_17,17,15,4,Datasets/TOBRFV-LMID/RGB/Pepper/II/Healthy/H_17_RGB_15_4.tiff
train,Pepper\II\Healthy,Healthy,H_17,17,15,40,Datasets/TOBRFV-LMID/RGB/Pepper/II/Healthy/H_17_RGB_15_40.tiff
train,Pepper\II\Healthy,Healthy,H_17,17,15,41,Datasets/TOBRFV-LMID/RGB/Pepper/II/Healthy/H_17_RGB_15_41.tiff
train,Pepper\II\Healthy,Healthy,H_17,17,15,42,Datasets/TOBRFV-LMID/RGB/Pepper/II/Healthy/H_17_RGB_15_42.tiff
train,Pepper\II\Healthy,Healthy,H_17,17,15,43,Datasets/TOBRFV-LMID/RGB/Pepper/II/Healthy/H_17_RGB_15_43.tiff
train,Pepper\II\Healthy,Healthy,H_17,17,15,44,Datasets/TOBRFV-LMID/RGB/Pepper/II/Healthy/H_17_RGB_15_44.tiff
train,Pepper\II\Healthy,Healthy,H_17,17,15,45,Datasets/TOBRFV-LMID/RGB/Pepper/II/Healthy/H_17_RGB_15_45.tiff
train,Pepper\II\Healthy,Healthy,H_17,17,15,5,Datasets/TOBRFV-LMID/RGB/Pepper/II/Healthy/H_17_RGB_15_5.tiff
train,Pepper\II\Healthy,Healthy,H_17,17,15,6,Datasets/TOBRFV-LMID/RGB/Pepper/II/Healthy/H_17_RGB_15_6.tiff
train,Pepper\II\Healthy,Healthy,H_17,17,15,9,Datasets/TOBRFV-LMID/RGB/Pepper/II/Healthy/H_17_RGB_15_9.tiff
train,Pepper\II\Virus,Virus,V_21,21,0,1,Datasets/TOBRFV-LMID/RGB/Pepper/II/Virus/V_21_RGB_0_1.tiff
train,Pepper\II\Virus,Virus,V_21,21,0,10,Datasets/TOBRFV-LMID/RGB/Pepper/II/Virus/V_21_RGB_0_10.tiff
train,Pepper\II\Virus,Virus,V_21,21,0,11,Datasets/TOBRFV-LMID/RGB/Pepper/II/Virus/V_21_RGB_0_11.tiff
train,Pepper\II\Virus,Virus,V_21,21,0,12,Datasets/TOBRFV-LMID/RGB/Pepper/II/Virus/V_21_RGB_0_12.tiff
train,Pepper\II\Virus,Virus,V_21,21,0,13,Datasets/TOBRFV-LMID/RGB/Pepper/II/Virus/V_21_RGB_0_13.tiff
train,Pepper\II\Virus,Virus,V_21,21,0,14,Datasets/TOBRFV-LMID/RGB/Pepper/II/Virus/V_21_RGB_0_14.tiff
train,Pepper\II\Virus,Virus,V_21,21,0,15,Datasets/TOBRFV-LMID/RGB/Pepper/II/Virus/V_21_RGB_0_15.tiff
train,Pepper\II\Virus,Virus,V_21,21,0,16,Datasets/TOBRFV-LMID/RGB/Pepper/II/Virus/V_21_RGB_0_16.tiff
train,Pepper\II\Virus,Virus,V_21,21,0,17,Datasets/TOBRFV-LMID/RGB/Pepper/II/Virus/V_21_RGB_0_17.tiff
train,Pepper\II\Virus,Virus,V_21,21,0,18,Datasets/TOBRFV-LMID/RGB/Pepper/II/Virus/V_21_RGB_0_18.tiff
train,Pepper\II\Virus,Virus,V_21,21,0,19,Datasets/TOBRFV-LMID/RGB/Pepper/II/Virus/V_21_RGB_0_19.tiff
train,Pepper\II\Virus,Virus,V_21,21,0,2,Datasets/TOBRFV-LMID/RGB/Pepper/II/Virus/V_21_RGB_0_2.tiff
train,Pepper\II\Virus,Virus,V_21,21,0,20,Datasets/TOBRFV-LMID/RGB/Pepper/II/Virus/V_21_RGB_0_20.tiff
train,Pepper\II\Virus,Virus,V_21,21,0,21,Datasets/TOBRFV-LMID/RGB/Pepper/II/Virus/V_21_RGB_0_21.tiff
train,Pepper\II\Virus,Virus,V_21,21,0,22,Datasets/TOBRFV-LMID/RGB/Pepper/II/Virus/V_21_RGB_0_22.tiff
train,Pepper\II\Virus,Virus,V_21,21,0,23,Datasets/TOBRFV-LMID/RGB/Pepper/II/Virus/V_21_RGB_0_23.tiff
train,Pepper\II\Virus,Virus,V_21,21,0,24,Datasets/TOBRFV-LMID/RGB/Pepper/II/Virus/V_21_RGB_0_24.tiff
train,Pepper\II\Virus,Virus,V_21,21,0,25,Datasets/TOBRFV-LMID/RGB/Pepper/II/Virus/V_21_RGB_0_25.tiff
train,Pepper\II\Virus,Virus,V_21,21,0,26,Datasets/TOBRFV-LMID/RGB/Pepper/II/Virus/V_21_RGB_0_26.tiff
train,Pepper\II\Virus,Virus,V_21,21,0,27,Datasets/TOBRFV-LMID/RGB/Pepper/II/Virus/V_21_RGB_0_27.tiff
train,Pepper\II\Virus,Virus,V_21,21,0,28,Datasets/TOBRFV-LMID/RGB/Pepper/II/Virus/V_21_RGB_0_28.tiff
train,Pepper\II\Virus,Virus,V_21,21,0,29,Datasets/TOBRFV-LMID/RGB/Pepper/II/Virus/V_21_RGB_0_29.tiff
train,Pepper\II\Virus,Virus,V_21,21,0,3,Datasets/TOBRFV-LMID/RGB/Pepper/II/Virus/V_21_RGB_0_3.tiff
train,Pepper\II\Virus,Virus,V_21,21,0,30,Datasets/TOBRFV-LMID/RGB/Pepper/II/Virus/V_21_RGB_0_30.tiff
train,Pepper\II\Virus,Virus,V_21,21,0,31,Datasets/TOBRFV-LMID/RGB/Pepper/II/Virus/V_21_RGB_0_31.tiff
train,Pepper\II\Virus,Virus,V_21,21,0,32,Datasets/TOBRFV-LMID/RGB/Pepper/II/Virus/V_21_RGB_0_32.tiff
train,Pepper\II\Virus,Virus,V_21,21,0,33,Datasets/TOBRFV-LMID/RGB/Pepper/II/Virus/V_21_RGB_0_33.tiff
train,Pepper\II\Virus,Virus,V_21,21,0,34,Datasets/TOBRFV-LMID/RGB/Pepper/II/Virus/V_21_RGB_0_34.tiff
train,Pepper\II\Virus,Virus,V_21,21,0,35,Datasets/TOBRFV-LMID/RGB/Pepper/II/Virus/V_21_RGB_0_35.tiff
train,Pepper\II\Virus,Virus,V_21,21,0,36,Datasets/TOBRFV-LMID/RGB/Pepper/II/Virus/V_21_RGB_0_36.tiff
train,Pepper\II\Virus,Virus,V_21,21,0,37,Datasets/TOBRFV-LMID/RGB/Pepper/II/Virus/V_21_RGB_0_37.tiff
train,Pepper\II\Virus,Virus,V_21,21,0,38,Datasets/TOBRFV-LMID/RGB/Pepper/II/Virus/V_21_RGB_0_38.tiff
train,Pepper\II\Virus,Virus,V_21,21,0,39,Datasets/TOBRFV-LMID/RGB/Pepper/II/Virus/V_21_RGB_0_39.tiff
train,Pepper\II\Virus,Virus,V_21,21,0,4,Datasets/TOBRFV-LMID/RGB/Pepper/II/Virus/V_21_RGB_0_4.tiff
train,Pepper\II\Virus,Virus,V_21,21,0,40,Datasets/TOBRFV-LMID/RGB/Pepper/II/Virus/V_21_RGB_0_40.tiff
train,Pepper\II\Virus,Virus,V_21,21,0,41,Datasets/TOBRFV-LMID/RGB/Pepper/II/Virus/V_21_RGB_0_41.tiff
train,Pepper\II\Virus,Virus,V_21,21,0,42,Datasets/TOBRFV-LMID/RGB/Pepper/II/Virus/V_21_RGB_0_42.tiff
train,Pepper\II\Virus,Virus,V_21,21,0,43,Datasets/TOBRFV-LMID/RGB/Pepper/II/Virus/V_21_RGB_0_43.tiff
train,Pepper\II\Virus,Virus,V_21,21,0,44,Datasets/TOBRFV-LMID/RGB/Pepper/II/Virus/V_21_RGB_0_44.tiff
train,Pepper\II\Virus,Virus,V_21,21,0,45,Datasets/TOBRFV-LMID/RGB/Pepper/II/Virus/V_21_RGB_0_45.tiff
train,Pepper\II\Virus,Virus,V_21,21,0,5,Datasets/TOBRFV-LMID/RGB/Pepper/II/Virus/V_21_RGB_0_5.tiff
train,Pepper\II\Virus,Virus,V_21,21,0,6,Datasets/TOBRFV-LMID/RGB/Pepper/II/Virus/V_21_RGB_0_6.tiff
train,Pepper\II\Virus,Virus,V_21,21,0,7,Datasets/TOBRFV-LMID/RGB/Pepper/II/Virus/V_21_RGB_0_7.tiff
train,Pepper\II\Virus,Virus,V_21,21,0,8,Datasets/TOBRFV-LMID/RGB/Pepper/II/Virus/V_21_RGB_0_8.tiff
train,Pepper\II\Virus,Virus,V_21,21,0,9,Datasets/TOBRFV-LMID/RGB/Pepper/II/Virus/V_21_RGB_0_9.tiff
train,Pepper\II\Virus,Virus,V_24,24,0,1,Datasets/TOBRFV-LMID/RGB/Pepper/II/Virus/V_24_RGB_0_1.tiff
train,Pepper\II\Virus,Virus,V_24,24,0,10,Datasets/TOBRFV-LMID/RGB/Pepper/II/Virus/V_24_RGB_0_10.tiff
train,Pepper\II\Virus,Virus,V_24,24,0,11,Datasets/TOBRFV-LMID/RGB/Pepper/II/Virus/V_24_RGB_0_11.tiff
train,Pepper\II\Virus,Virus,V_24,24,0,12,Datasets/TOBRFV-LMID/RGB/Pepper/II/Virus/V_24_RGB_0_12.tiff
train,Pepper\II\Virus,Virus,V_24,24,0,13,Datasets/TOBRFV-LMID/RGB/Pepper/II/Virus/V_24_RGB_0_13.tiff
train,Pepper\II\Virus,Virus,V_24,24,0,14,Datasets/TOBRFV-LMID/RGB/Pepper/II/Virus/V_24_RGB_0_14.tiff
train,Pepper\II\Virus,Virus,V_24,24,0,15,Datasets/TOBRFV-LMID/RGB/Pepper/II/Virus/V_24_RGB_0_15.tiff
train,Pepper\II\Virus,Virus,V_24,24,0,16,Datasets/TOBRFV-LMID/RGB/Pepper/II/Virus/V_24_RGB_0_16.tiff
train,Pepper\II\Virus,Virus,V_24,24,0,17,Datasets/TOBRFV-LMID/RGB/Pepper/II/Virus/V_24_RGB_0_17.tiff
train,Pepper\II\Virus,Virus,V_24,24,0,18,Datasets/TOBRFV-LMID/RGB/Pepper/II/Virus/V_24_RGB_0_18.tiff
train,Pepper\II\Virus,Virus,V_24,24,0,19,Datasets/TOBRFV-LMID/RGB/Pepper/II/Virus/V_24_RGB_0_19.tiff
train,Pepper\II\Virus,Virus,V_24,24,0,2,Datasets/TOBRFV-LMID/RGB/Pepper/II/Virus/V_24_RGB_0_2.tiff
train,Pepper\II\Virus,Virus,V_24,24,0,20,Datasets/TOBRFV-LMID/RGB/Pepper/II/Virus/V_24_RGB_0_20.tiff
train,Pepper\II\Virus,Virus,V_24,24,0,21,Datasets/TOBRFV-LMID/RGB/Pepper/II/Virus/V_24_RGB_0_21.tiff
train,Pepper\II\Virus,Virus,V_24,24,0,22,Datasets/TOBRFV-LMID/RGB/Pepper/II/Virus/V_24_RGB_0_22.tiff
train,Pepper\II\Virus,Virus,V_24,24,0,23,Datasets/TOBRFV-LMID/RGB/Pepper/II/Virus/V_24_RGB_0_23.tiff
train,Pepper\II\Virus,Virus,V_24,24,0,24,Datasets/TOBRFV-LMID/RGB/Pepper/II/Virus/V_24_RGB_0_24.tiff
train,Pepper\II\Virus,Virus,V_24,24,0,25,Datasets/TOBRFV-LMID/RGB/Pepper/II/Virus/V_24_RGB_0_25.tiff
train,Pepper\II\Virus,Virus,V_24,24,0,26,Datasets/TOBRFV-LMID/RGB/Pepper/II/Virus/V_24_RGB_0_26.tiff
train,Pepper\II\Virus,Virus,V_24,24,0,27,Datasets/TOBRFV-LMID/RGB/Pepper/II/Virus/V_24_RGB_0_27.tiff
train,Pepper\II\Virus,Virus,V_24,24,0,28,Datasets/TOBRFV-LMID/RGB/Pepper/II/Virus/V_24_RGB_0_28.tiff
train,Pepper\II\Virus,Virus,V_24,24,0,29,Datasets/TOBRFV-LMID/RGB/Pepper/II/Virus/V_24_RGB_0_29.tiff
train,Pepper\II\Virus,Virus,V_24,24,0,3,Datasets/TOBRFV-LMID/RGB/Pepper/II/Virus/V_24_RGB_0_3.tiff
train,Pepper\II\Virus,Virus,V_24,24,0,30,Datasets/TOBRFV-LMID/RGB/Pepper/II/Virus/V_24_RGB_0_30.tiff
train,Pepper\II\Virus,Virus,V_24,24,0,31,Datasets/TOBRFV-LMID/RGB/Pepper/II/Virus/V_24_RGB_0_31.tiff
train,Pepper\II\Virus,Virus,V_24,24,0,32,Datasets/TOBRFV-LMID/RGB/Pepper/II/Virus/V_24_RGB_0_32.tiff
train,Pepper\II\Virus,Virus,V_24,24,0,33,Datasets/TOBRFV-LMID/RGB/Pepper/II/Virus/V_24_RGB_0_33.tiff
train,Pepper\II\Virus,Virus,V_24,24,0,34,Datasets/TOBRFV-LMID/RGB/Pepper/II/Virus/V_24_RGB_0_34.tiff
train,Pepper\II\Virus,Virus,V_24,24,0,35,Datasets/TOBRFV-LMID/RGB/Pepper/II/Virus/V_24_RGB_0_35.tiff
train,Pepper\II\Virus,Virus,V_24,24,0,36,Datasets/TOBRFV-LMID/RGB/Pepper/II/Virus/V_24_RGB_0_36.tiff
train,Pepper\II\Virus,Virus,V_24,24,0,37,Datasets/TOBRFV-LMID/RGB/Pepper/II/Virus/V_24_RGB_0_37.tiff
train,Pepper\II\Virus,Virus,V_24,24,0,38,Datasets/TOBRFV-LMID/RGB/Pepper/II/Virus/V_24_RGB_0_38.tiff
train,Pepper\II\Virus,Virus,V_24,24,0,39,Datasets/TOBRFV-LMID/RGB/Pepper/II/Virus/V_24_RGB_0_39.tiff
train,Pepper\II\Virus,Virus,V_24,24,0,4,Datasets/TOBRFV-LMID/RGB/Pepper/II/Virus/V_24_RGB_0_4.tiff
train,Pepper\II\Virus,Virus,V_24,24,0,40,Datasets/TOBRFV-LMID/RGB/Pepper/II/Virus/V_24_RGB_0_40.tiff
train,Pepper\II\Virus,Virus,V_24,24,0,41,Datasets/TOBRFV-LMID/RGB/Pepper/II/Virus/V_24_RGB_0_41.tiff
train,Pepper\II\Virus,Virus,V_24,24,0,42,Datasets/TOBRFV-LMID/RGB/Pepper/II/Virus/V_24_RGB_0_42.tiff
train,Pepper\II\Virus,Virus,V_24,24,0,43,Datasets/TOBRFV-LMID/RGB/Pepper/II/Virus/V_24_RGB_0_43.tiff
train,Pepper\II\Virus,Virus,V_24,24,0,44,Datasets/TOBRFV-LMID/RGB/Pepper/II/Virus/V_24_RGB_0_44.tiff
train,Pepper\II\Virus,Virus,V_24,24,0,45,Datasets/TOBRFV-LMID/RGB/Pepper/II/Virus/V_24_RGB_0_45.tiff
train,Pepper\II\Virus,Virus,V_24,24,0,5,Datasets/TOBRFV-LMID/RGB/Pepper/II/Virus/V_24_RGB_0_5.tiff
train,Pepper\II\Virus,Virus,V_24,24,0,6,Datasets/TOBRFV-LMID/RGB/Pepper/II/Virus/V_24_RGB_0_6.tiff
train,Pepper\II\Virus,Virus,V_24,24,0,7,Datasets/TOBRFV-LMID/RGB/Pepper/II/Virus/V_24_RGB_0_7.tiff
train,Pepper\II\Virus,Virus,V_24,24,0,8,Datasets/TOBRFV-LMID/RGB/Pepper/II/Virus/V_24_RGB_0_8.tiff
train,Pepper\II\Virus,Virus,V_24,24,0,9,Datasets/TOBRFV-LMID/RGB/Pepper/II/Virus/V_24_RGB_0_9.tiff
train,Pepper\II\Virus,Virus,V_24,24,15,1,Datasets/TOBRFV-LMID/RGB/Pepper/II/Virus/V_24_RGB_15_1.tiff
train,Pepper\II\Virus,Virus,V_24,24,15,10,Datasets/TOBRFV-LMID/RGB/Pepper/II/Virus/V_24_RGB_15_10.tiff
train,Pepper\II\Virus,Virus,V_24,24,15,12,Datasets/TOBRFV-LMID/RGB/Pepper/II/Virus/V_24_RGB_15_12.tiff
train,Pepper\II\Virus,Virus,V_24,24,15,13,Datasets/TOBRFV-LMID/RGB/Pepper/II/Virus/V_24_RGB_15_13.tiff
train,Pepper\II\Virus,Virus,V_24,24,15,14,Datasets/TOBRFV-LMID/RGB/Pepper/II/Virus/V_24_RGB_15_14.tiff
train,Pepper\II\Virus,Virus,V_24,24,15,15,Datasets/TOBRFV-LMID/RGB/Pepper/II/Virus/V_24_RGB_15_15.tiff
train,Pepper\II\Virus,Virus,V_24,24,15,16,Datasets/TOBRFV-LMID/RGB/Pepper/II/Virus/V_24_RGB_15_16.tiff
train,Pepper\II\Virus,Virus,V_24,24,15,17,Datasets/TOBRFV-LMID/RGB/Pepper/II/Virus/V_24_RGB_15_17.tiff
train,Pepper\II\Virus,Virus,V_24,24,15,18,Datasets/TOBRFV-LMID/RGB/Pepper/II/Virus/V_24_RGB_15_18.tiff
train,Pepper\II\Virus,Virus,V_24,24,15,19,Datasets/TOBRFV-LMID/RGB/Pepper/II/Virus/V_24_RGB_15_19.tiff
train,Pepper\II\Virus,Virus,V_24,24,15,2,Datasets/TOBRFV-LMID/RGB/Pepper/II/Virus/V_24_RGB_15_2.tiff
train,Pepper\II\Virus,Virus,V_24,24,15,20,Datasets/TOBRFV-LMID/RGB/Pepper/II/Virus/V_24_RGB_15_20.tiff
train,Pepper\II\Virus,Virus,V_24,24,15,21,Datasets/TOBRFV-LMID/RGB/Pepper/II/Virus/V_24_RGB_15_21.tiff
train,Pepper\II\Virus,Virus,V_24,24,15,22,Datasets/TOBRFV-LMID/RGB/Pepper/II/Virus/V_24_RGB_15_22.tiff
train,Pepper\II\Virus,Virus,V_24,24,15,23,Datasets/TOBRFV-LMID/RGB/Pepper/II/Virus/V_24_RGB_15_23.tiff
train,Pepper\II\Virus,Virus,V_24,24,15,24,Datasets/TOBRFV-LMID/RGB/Pepper/II/Virus/V_24_RGB_15_24.tiff
train,Pepper\II\Virus,Virus,V_24,24,15,25,Datasets/TOBRFV-LMID/RGB/Pepper/II/Virus/V_24_RGB_15_25.tiff
train,Pepper\II\Virus,Virus,V_24,24,15,26,Datasets/TOBRFV-LMID/RGB/Pepper/II/Virus/V_24_RGB_15_26.tiff
train,Pepper\II\Virus,Virus,V_24,24,15,27,Datasets/TOBRFV-LMID/RGB/Pepper/II/Virus/V_24_RGB_15_27.tiff
train,Pepper\II\Virus,Virus,V_24,24,15,28,Datasets/TOBRFV-LMID/RGB/Pepper/II/Virus/V_24_RGB_15_28.tiff
train,Pepper\II\Virus,Virus,V_24,24,15,29,Datasets/TOBRFV-LMID/RGB/Pepper/II/Virus/V_24_RGB_15_29.tiff
train,Pepper\II\Virus,Virus,V_24,24,15,3,Datasets/TOBRFV-LMID/RGB/Pepper/II/Virus/V_24_RGB_15_3.tiff
train,Pepper\II\Virus,Virus,V_24,24,15,30,Datasets/TOBRFV-LMID/RGB/Pepper/II/Virus/V_24_RGB_15_30.tiff
train,Pepper\II\Virus,Virus,V_24,24,15,31,Datasets/TOBRFV-LMID/RGB/Pepper/II/Virus/V_24_RGB_15_31.tiff
train,Pepper\II\Virus,Virus,V_24,24,15,32,Datasets/TOBRFV-LMID/RGB/Pepper/II/Virus/V_24_RGB_15_32.tiff
train,Pepper\II\Virus,Virus,V_24,24,15,33,Datasets/TOBRFV-LMID/RGB/Pepper/II/Virus/V_24_RGB_15_33.tiff
train,Pepper\II\Virus,Virus,V_24,24,15,34,Datasets/TOBRFV-LMID/RGB/Pepper/II/Virus/V_24_RGB_15_34.tiff
train,Pepper\II\Virus,Virus,V_24,24,15,35,Datasets/TOBRFV-LMID/RGB/Pepper/II/Virus/V_24_RGB_15_35.tiff
train,Pepper\II\Virus,Virus,V_24,24,15,36,Datasets/TOBRFV-LMID/RGB/Pepper/II/Virus/V_24_RGB_15_36.tiff
train,Pepper\II\Virus,Virus,V_24,24,15,37,Datasets/TOBRFV-LMID/RGB/Pepper/II/Virus/V_24_RGB_15_37.tiff
train,Pepper\II\Virus,Virus,V_24,24,15,38,Datasets/TOBRFV-LMID/RGB/Pepper/II/Virus/V_24_RGB_15_38.tiff
train,Pepper\II\Virus,Virus,V_24,24,15,39,Datasets/TOBRFV-LMID/RGB/Pepper/II/Virus/V_24_RGB_15_39.tiff
train,Pepper\II\Virus,Virus,V_24,24,15,4,Datasets/TOBRFV-LMID/RGB/Pepper/II/Virus/V_24_RGB_15_4.tiff
train,Pepper\II\Virus,Virus,V_24,24,15,40,Datasets/TOBRFV-LMID/RGB/Pepper/II/Virus/V_24_RGB_15_40.tiff
train,Pepper\II\Virus,Virus,V_24,24,15,41,Datasets/TOBRFV-LMID/RGB/Pepper/II/Virus/V_24_RGB_15_41.tiff
train,Pepper\II\Virus,Virus,V_24,24,15,42,Datasets/TOBRFV-LMID/RGB/Pepper/II/Virus/V_24_RGB_15_42.tiff
train,Pepper\II\Virus,Virus,V_24,24,15,43,Datasets/TOBRFV-LMID/RGB/Pepper/II/Virus/V_24_RGB_15_43.tiff
train,Pepper\II\Virus,Virus,V_24,24,15,44,Datasets/TOBRFV-LMID/RGB/Pepper/II/Virus/V_24_RGB_15_44.tiff
train,Pepper\II\Virus,Virus,V_24,24,15,45,Datasets/TOBRFV-LMID/RGB/Pepper/II/Virus/V_24_RGB_15_45.tiff
train,Pepper\II\Virus,Virus,V_24,24,15,5,Datasets/TOBRFV-LMID/RGB/Pepper/II/Virus/V_24_RGB_15_5.tiff
train,Pepper\II\Virus,Virus,V_24,24,15,6,Datasets/TOBRFV-LMID/RGB/Pepper/II/Virus/V_24_RGB_15_6.tiff
train,Pepper\II\Virus,Virus,V_24,24,15,7,Datasets/TOBRFV-LMID/RGB/Pepper/II/Virus/V_24_RGB_15_7.tiff
train,Pepper\II\Virus,Virus,V_24,24,15,8,Datasets/TOBRFV-LMID/RGB/Pepper/II/Virus/V_24_RGB_15_8.tiff
train,Pepper\II\Virus,Virus,V_24,24,15,9,Datasets/TOBRFV-LMID/RGB/Pepper/II/Virus/V_24_RGB_15_9.tiff
train,Pepper\II\Virus,Virus,V_20,20,0,10,Datasets/TOBRFV-LMID/RGB/Pepper/II/Virus/V_20_RGB_0_10.tiff
train,Pepper\II\Virus,Virus,V_20,20,0,11,Datasets/TOBRFV-LMID/RGB/Pepper/II/Virus/V_20_RGB_0_11.tiff
train,Pepper\II\Virus,Virus,V_20,20,0,12,Datasets/TOBRFV-LMID/RGB/Pepper/II/Virus/V_20_RGB_0_12.tiff
train,Pepper\II\Virus,Virus,V_20,20,0,13,Datasets/TOBRFV-LMID/RGB/Pepper/II/Virus/V_20_RGB_0_13.tiff
train,Pepper\II\Virus,Virus,V_20,20,0,14,Datasets/TOBRFV-LMID/RGB/Pepper/II/Virus/V_20_RGB_0_14.tiff
train,Pepper\II\Virus,Virus,V_20,20,0,15,Datasets/TOBRFV-LMID/RGB/Pepper/II/Virus/V_20_RGB_0_15.tiff
train,Pepper\II\Virus,Virus,V_20,20,0,16,Datasets/TOBRFV-LMID/RGB/Pepper/II/Virus/V_20_RGB_0_16.tiff
train,Pepper\II\Virus,Virus,V_20,20,0,17,Datasets/TOBRFV-LMID/RGB/Pepper/II/Virus/V_20_RGB_0_17.tiff
train,Pepper\II\Virus,Virus,V_20,20,0,18,Datasets/TOBRFV-LMID/RGB/Pepper/II/Virus/V_20_RGB_0_18.tiff
train,Pepper\II\Virus,Virus,V_20,20,0,19,Datasets/TOBRFV-LMID/RGB/Pepper/II/Virus/V_20_RGB_0_19.tiff
train,Pepper\II\Virus,Virus,V_20,20,0,21,Datasets/TOBRFV-LMID/RGB/Pepper/II/Virus/V_20_RGB_0_21.tiff
train,Pepper\II\Virus,Virus,V_20,20,0,22,Datasets/TOBRFV-LMID/RGB/Pepper/II/Virus/V_20_RGB_0_22.tiff
train,Pepper\II\Virus,Virus,V_20,20,0,23,Datasets/TOBRFV-LMID/RGB/Pepper/II/Virus/V_20_RGB_0_23.tiff
train,Pepper\II\Virus,Virus,V_20,20,0,24,Datasets/TOBRFV-LMID/RGB/Pepper/II/Virus/V_20_RGB_0_24.tiff
train,Pepper\II\Virus,Virus,V_20,20,0,26,Datasets/TOBRFV-LMID/RGB/Pepper/II/Virus/V_20_RGB_0_26.tiff
train,Pepper\II\Virus,Virus,V_20,20,0,27,Datasets/TOBRFV-LMID/RGB/Pepper/II/Virus/V_20_RGB_0_27.tiff
train,Pepper\II\Virus,Virus,V_20,20,0,3,Datasets/TOBRFV-LMID/RGB/Pepper/II/Virus/V_20_RGB_0_3.tiff
train,Pepper\II\Virus,Virus,V_20,20,0,32,Datasets/TOBRFV-LMID/RGB/Pepper/II/Virus/V_20_RGB_0_32.tiff
train,Pepper\II\Virus,Virus,V_20,20,0,33,Datasets/TOBRFV-LMID/RGB/Pepper/II/Virus/V_20_RGB_0_33.tiff
train,Pepper\II\Virus,Virus,V_20,20,0,34,Datasets/TOBRFV-LMID/RGB/Pepper/II/Virus/V_20_RGB_0_34.tiff
train,Pepper\II\Virus,Virus,V_20,20,0,35,Datasets/TOBRFV-LMID/RGB/Pepper/II/Virus/V_20_RGB_0_35.tiff
train,Pepper\II\Virus,Virus,V_20,20,0,36,Datasets/TOBRFV-LMID/RGB/Pepper/II/Virus/V_20_RGB_0_36.tiff
train,Pepper\II\Virus,Virus,V_20,20,0,37,Datasets/TOBRFV-LMID/RGB/Pepper/II/Virus/V_20_RGB_0_37.tiff
train,Pepper\II\Virus,Virus,V_20,20,0,38,Datasets/TOBRFV-LMID/RGB/Pepper/II/Virus/V_20_RGB_0_38.tiff
train,Pepper\II\Virus,Virus,V_20,20,0,39,Datasets/TOBRFV-LMID/RGB/Pepper/II/Virus/V_20_RGB_0_39.tiff
train,Pepper\II\Virus,Virus,V_20,20,0,4,Datasets/TOBRFV-LMID/RGB/Pepper/II/Virus/V_20_RGB_0_4.tiff
train,Pepper\II\Virus,Virus,V_20,20,0,40,Datasets/TOBRFV-LMID/RGB/Pepper/II/Virus/V_20_RGB_0_40.tiff
train,Pepper\II\Virus,Virus,V_20,20,0,42,Datasets/TOBRFV-LMID/RGB/Pepper/II/Virus/V_20_RGB_0_42.tiff
train,Pepper\II\Virus,Virus,V_20,20,0,43,Datasets/TOBRFV-LMID/RGB/Pepper/II/Virus/V_20_RGB_0_43.tiff
train,Pepper\II\Virus,Virus,V_20,20,0,44,Datasets/TOBRFV-LMID/RGB/Pepper/II/Virus/V_20_RGB_0_44.tiff
train,Pepper\II\Virus,Virus,V_20,20,0,45,Datasets/TOBRFV-LMID/RGB/Pepper/II/Virus/V_20_RGB_0_45.tiff
train,Pepper\II\Virus,Virus,V_20,20,0,5,Datasets/TOBRFV-LMID/RGB/Pepper/II/Virus/V_20_RGB_0_5.tiff
train,Pepper\II\Virus,Virus,V_20,20,0,6,Datasets/TOBRFV-LMID/RGB/Pepper/II/Virus/V_20_RGB_0_6.tiff
train,Pepper\II\Virus,Virus,V_20,20,0,7,Datasets/TOBRFV-LMID/RGB/Pepper/II/Virus/V_20_RGB_0_7.tiff
train,Pepper\II\Virus,Virus,V_20,20,0,8,Datasets/TOBRFV-LMID/RGB/Pepper/II/Virus/V_20_RGB_0_8.tiff
train,Pepper\II\Virus,Virus,V_20,20,0,9,Datasets/TOBRFV-LMID/RGB/Pepper/II/Virus/V_20_RGB_0_9.tiff
train,Pepper\II\Virus,Virus,V_20,20,15,10,Datasets/TOBRFV-LMID/RGB/Pepper/II/Virus/V_20_RGB_15_10.tiff
train,Pepper\II\Virus,Virus,V_20,20,15,11,Datasets/TOBRFV-LMID/RGB/Pepper/II/Virus/V_20_RGB_15_11.tiff
train,Pepper\II\Virus,Virus,V_20,20,15,12,Datasets/TOBRFV-LMID/RGB/Pepper/II/Virus/V_20_RGB_15_12.tiff
train,Pepper\II\Virus,Virus,V_20,20,15,13,Datasets/TOBRFV-LMID/RGB/Pepper/II/Virus/V_20_RGB_15_13.tiff
train,Pepper\II\Virus,Virus,V_20,20,15,14,Datasets/TOBRFV-LMID/RGB/Pepper/II/Virus/V_20_RGB_15_14.tiff
train,Pepper\II\Virus,Virus,V_20,20,15,15,Datasets/TOBRFV-LMID/RGB/Pepper/II/Virus/V_20_RGB_15_15.tiff
train,Pepper\II\Virus,Virus,V_20,20,15,16,Datasets/TOBRFV-LMID/RGB/Pepper/II/Virus/V_20_RGB_15_16.tiff
train,Pepper\II\Virus,Virus,V_20,20,15,38,Datasets/TOBRFV-LMID/RGB/Pepper/II/Virus/V_20_RGB_15_38.tiff
train,Pepper\II\Virus,Virus,V_20,20,15,39,Datasets/TOBRFV-LMID/RGB/Pepper/II/Virus/V_20_RGB_15_39.tiff
train,Pepper\II\Virus,Virus,V_20,20,15,4,Datasets/TOBRFV-LMID/RGB/Pepper/II/Virus/V_20_RGB_15_4.tiff
train,Pepper\II\Virus,Virus,V_20,20,15,40,Datasets/TOBRFV-LMID/RGB/Pepper/II/Virus/V_20_RGB_15_40.tiff
train,Pepper\II\Virus,Virus,V_20,20,15,41,Datasets/TOBRFV-LMID/RGB/Pepper/II/Virus/V_20_RGB_15_41.tiff
train,Pepper\II\Virus,Virus,V_20,20,15,42,Datasets/TOBRFV-LMID/RGB/Pepper/II/Virus/V_20_RGB_15_42.tiff
train,Pepper\II\Virus,Virus,V_20,20,15,43,Datasets/TOBRFV-LMID/RGB/Pepper/II/Virus/V_20_RGB_15_43.tiff
train,Pepper\II\Virus,Virus,V_20,20,15,44,Datasets/TOBRFV-LMID/RGB/Pepper/II/Virus/V_20_RGB_15_44.tiff
train,Pepper\II\Virus,Virus,V_20,20,15,45,Datasets/TOBRFV-LMID/RGB/Pepper/II/Virus/V_20_RGB_15_45.tiff
train,Pepper\II\Virus,Virus,V_20,20,15,5,Datasets/TOBRFV-LMID/RGB/Pepper/II/Virus/V_20_RGB_15_5.tiff
train,Pepper\II\Virus,Virus,V_20,20,15,6,Datasets/TOBRFV-LMID/RGB/Pepper/II/Virus/V_20_RGB_15_6.tiff
train,Pepper\II\Virus,Virus,V_20,20,15,8,Datasets/TOBRFV-LMID/RGB/Pepper/II/Virus/V_20_RGB_15_8.tiff
train,Pepper\II\Virus,Virus,V_20,20,15,9,Datasets/TOBRFV-LMID/RGB/Pepper/II/Virus/V_20_RGB_15_9.tiff
train,Pepper\II\Virus,Virus,V_18,18,0,1,Datasets/TOBRFV-LMID/RGB/Pepper/II/Virus/V_18_RGB_0_1.tiff
train,Pepper\II\Virus,Virus,V_18,18,0,10,Datasets/TOBRFV-LMID/RGB/Pepper/II/Virus/V_18_RGB_0_10.tiff
train,Pepper\II\Virus,Virus,V_18,18,0,11,Datasets/TOBRFV-LMID/RGB/Pepper/II/Virus/V_18_RGB_0_11.tiff
train,Pepper\II\Virus,Virus,V_18,18,0,14,Datasets/TOBRFV-LMID/RGB/Pepper/II/Virus/V_18_RGB_0_14.tiff
train,Pepper\II\Virus,Virus,V_18,18,0,15,Datasets/TOBRFV-LMID/RGB/Pepper/II/Virus/V_18_RGB_0_15.tiff
train,Pepper\II\Virus,Virus,V_18,18,0,16,Datasets/TOBRFV-LMID/RGB/Pepper/II/Virus/V_18_RGB_0_16.tiff
train,Pepper\II\Virus,Virus,V_18,18,0,17,Datasets/TOBRFV-LMID/RGB/Pepper/II/Virus/V_18_RGB_0_17.tiff
train,Pepper\II\Virus,Virus,V_18,18,0,18,Datasets/TOBRFV-LMID/RGB/Pepper/II/Virus/V_18_RGB_0_18.tiff
train,Pepper\II\Virus,Virus,V_18,18,0,19,Datasets/TOBRFV-LMID/RGB/Pepper/II/Virus/V_18_RGB_0_19.tiff
train,Pepper\II\Virus,Virus,V_18,18,0,2,Datasets/TOBRFV-LMID/RGB/Pepper/II/Virus/V_18_RGB_0_2.tiff
train,Pepper\II\Virus,Virus,V_18,18,0,20,Datasets/TOBRFV-LMID/RGB/Pepper/II/Virus/V_18_RGB_0_20.tiff
train,Pepper\II\Virus,Virus,V_18,18,0,21,Datasets/TOBRFV-LMID/RGB/Pepper/II/Virus/V_18_RGB_0_21.tiff
train,Pepper\II\Virus,Virus,V_18,18,0,22,Datasets/TOBRFV-LMID/RGB/Pepper/II/Virus/V_18_RGB_0_22.tiff
train,Pepper\II\Virus,Virus,V_18,18,0,23,Datasets/TOBRFV-LMID/RGB/Pepper/II/Virus/V_18_RGB_0_23.tiff
train,Pepper\II\Virus,Virus,V_18,18,0,24,Datasets/TOBRFV-LMID/RGB/Pepper/II/Virus/V_18_RGB_0_24.tiff
train,Pepper\II\Virus,Virus,V_18,18,0,25,Datasets/TOBRFV-LMID/RGB/Pepper/II/Virus/V_18_RGB_0_25.tiff
train,Pepper\II\Virus,Virus,V_18,18,0,26,Datasets/TOBRFV-LMID/RGB/Pepper/II/Virus/V_18_RGB_0_26.tiff
train,Pepper\II\Virus,Virus,V_18,18,0,27,Datasets/TOBRFV-LMID/RGB/Pepper/II/Virus/V_18_RGB_0_27.tiff
train,Pepper\II\Virus,Virus,V_18,18,0,28,Datasets/TOBRFV-LMID/RGB/Pepper/II/Virus/V_18_RGB_0_28.tiff
train,Pepper\II\Virus,Virus,V_18,18,0,29,Datasets/TOBRFV-LMID/RGB/Pepper/II/Virus/V_18_RGB_0_29.tiff
train,Pepper\II\Virus,Virus,V_18,18,0,3,Datasets/TOBRFV-LMID/RGB/Pepper/II/Virus/V_18_RGB_0_3.tiff
train,Pepper\II\Virus,Virus,V_18,18,0,30,Datasets/TOBRFV-LMID/RGB/Pepper/II/Virus/V_18_RGB_0_30.tiff
train,Pepper\II\Virus,Virus,V_18,18,0,31,Datasets/TOBRFV-LMID/RGB/Pepper/II/Virus/V_18_RGB_0_31.tiff
train,Pepper\II\Virus,Virus,V_18,18,0,32,Datasets/TOBRFV-LMID/RGB/Pepper/II/Virus/V_18_RGB_0_32.tiff
train,Pepper\II\Virus,Virus,V_18,18,0,33,Datasets/TOBRFV-LMID/RGB/Pepper/II/Virus/V_18_RGB_0_33.tiff
train,Pepper\II\Virus,Virus,V_18,18,0,34,Datasets/TOBRFV-LMID/RGB/Pepper/II/Virus/V_18_RGB_0_34.tiff
train,Pepper\II\Virus,Virus,V_18,18,0,35,Datasets/TOBRFV-LMID/RGB/Pepper/II/Virus/V_18_RGB_0_35.tiff
train,Pepper\II\Virus,Virus,V_18,18,0,36,Datasets/TOBRFV-LMID/RGB/Pepper/II/Virus/V_18_RGB_0_36.tiff
train,Pepper\II\Virus,Virus,V_18,18,0,37,Datasets/TOBRFV-LMID/RGB/Pepper/II/Virus/V_18_RGB_0_37.tiff
train,Pepper\II\Virus,Virus,V_18,18,0,38,Datasets/TOBRFV-LMID/RGB/Pepper/II/Virus/V_18_RGB_0_38.tiff
train,Pepper\II\Virus,Virus,V_18,18,0,39,Datasets/TOBRFV-LMID/RGB/Pepper/II/Virus/V_18_RGB_0_39.tiff
train,Pepper\II\Virus,Virus,V_18,18,0,4,Datasets/TOBRFV-LMID/RGB/Pepper/II/Virus/V_18_RGB_0_4.tiff
train,Pepper\II\Virus,Virus,V_18,18,0,40,Datasets/TOBRFV-LMID/RGB/Pepper/II/Virus/V_18_RGB_0_40.tiff
train,Pepper\II\Virus,Virus,V_18,18,0,41,Datasets/TOBRFV-LMID/RGB/Pepper/II/Virus/V_18_RGB_0_41.tiff
train,Pepper\II\Virus,Virus,V_18,18,0,42,Datasets/TOBRFV-LMID/RGB/Pepper/II/Virus/V_18_RGB_0_42.tiff
train,Pepper\II\Virus,Virus,V_18,18,0,43,Datasets/TOBRFV-LMID/RGB/Pepper/II/Virus/V_18_RGB_0_43.tiff
train,Pepper\II\Virus,Virus,V_18,18,0,44,Datasets/TOBRFV-LMID/RGB/Pepper/II/Virus/V_18_RGB_0_44.tiff
train,Pepper\II\Virus,Virus,V_18,18,0,45,Datasets/TOBRFV-LMID/RGB/Pepper/II/Virus/V_18_RGB_0_45.tiff
train,Pepper\II\Virus,Virus,V_18,18,0,5,Datasets/TOBRFV-LMID/RGB/Pepper/II/Virus/V_18_RGB_0_5.tiff
train,Pepper\II\Virus,Virus,V_18,18,0,6,Datasets/TOBRFV-LMID/RGB/Pepper/II/Virus/V_18_RGB_0_6.tiff
train,Pepper\II\Virus,Virus,V_18,18,0,7,Datasets/TOBRFV-LMID/RGB/Pepper/II/Virus/V_18_RGB_0_7.tiff
train,Pepper\II\Virus,Virus,V_18,18,0,8,Datasets/TOBRFV-LMID/RGB/Pepper/II/Virus/V_18_RGB_0_8.tiff
train,Pepper\II\Virus,Virus,V_18,18,0,9,Datasets/TOBRFV-LMID/RGB/Pepper/II/Virus/V_18_RGB_0_9.tiff
train,Pepper\II\Virus,Virus,V_18,18,15,1,Datasets/TOBRFV-LMID/RGB/Pepper/II/Virus/V_18_RGB_15_1.tiff
train,Pepper\II\Virus,Virus,V_18,18,15,10,Datasets/TOBRFV-LMID/RGB/Pepper/II/Virus/V_18_RGB_15_10.tiff
train,Pepper\II\Virus,Virus,V_18,18,15,11,Datasets/TOBRFV-LMID/RGB/Pepper/II/Virus/V_18_RGB_15_11.tiff
train,Pepper\II\Virus,Virus,V_18,18,15,12,Datasets/TOBRFV-LMID/RGB/Pepper/II/Virus/V_18_RGB_15_12.tiff
train,Pepper\II\Virus,Virus,V_18,18,15,13,Datasets/TOBRFV-LMID/RGB/Pepper/II/Virus/V_18_RGB_15_13.tiff
train,Pepper\II\Virus,Virus,V_18,18,15,14,Datasets/TOBRFV-LMID/RGB/Pepper/II/Virus/V_18_RGB_15_14.tiff
train,Pepper\II\Virus,Virus,V_18,18,15,15,Datasets/TOBRFV-LMID/RGB/Pepper/II/Virus/V_18_RGB_15_15.tiff
train,Pepper\II\Virus,Virus,V_18,18,15,16,Datasets/TOBRFV-LMID/RGB/Pepper/II/Virus/V_18_RGB_15_16.tiff
train,Pepper\II\Virus,Virus,V_18,18,15,17,Datasets/TOBRFV-LMID/RGB/Pepper/II/Virus/V_18_RGB_15_17.tiff
train,Pepper\II\Virus,Virus,V_18,18,15,18,Datasets/TOBRFV-LMID/RGB/Pepper/II/Virus/V_18_RGB_15_18.tiff
train,Pepper\II\Virus,Virus,V_18,18,15,19,Datasets/TOBRFV-LMID/RGB/Pepper/II/Virus/V_18_RGB_15_19.tiff
train,Pepper\II\Virus,Virus,V_18,18,15,2,Datasets/TOBRFV-LMID/RGB/Pepper/II/Virus/V_18_RGB_15_2.tiff
train,Pepper\II\Virus,Virus,V_18,18,15,20,Datasets/TOBRFV-LMID/RGB/Pepper/II/Virus/V_18_RGB_15_20.tiff
train,Pepper\II\Virus,Virus,V_18,18,15,21,Datasets/TOBRFV-LMID/RGB/Pepper/II/Virus/V_18_RGB_15_21.tiff
train,Pepper\II\Virus,Virus,V_18,18,15,22,Datasets/TOBRFV-LMID/RGB/Pepper/II/Virus/V_18_RGB_15_22.tiff
train,Pepper\II\Virus,Virus,V_18,18,15,23,Datasets/TOBRFV-LMID/RGB/Pepper/II/Virus/V_18_RGB_15_23.tiff
train,Pepper\II\Virus,Virus,V_18,18,15,24,Datasets/TOBRFV-LMID/RGB/Pepper/II/Virus/V_18_RGB_15_24.tiff
train,Pepper\II\Virus,Virus,V_18,18,15,25,Datasets/TOBRFV-LMID/RGB/Pepper/II/Virus/V_18_RGB_15_25.tiff
train,Pepper\II\Virus,Virus,V_18,18,15,26,Datasets/TOBRFV-LMID/RGB/Pepper/II/Virus/V_18_RGB_15_26.tiff
train,Pepper\II\Virus,Virus,V_18,18,15,27,Datasets/TOBRFV-LMID/RGB/Pepper/II/Virus/V_18_RGB_15_27.tiff
train,Pepper\II\Virus,Virus,V_18,18,15,28,Datasets/TOBRFV-LMID/RGB/Pepper/II/Virus/V_18_RGB_15_28.tiff
train,Pepper\II\Virus,Virus,V_18,18,15,29,Datasets/TOBRFV-LMID/RGB/Pepper/II/Virus/V_18_RGB_15_29.tiff
train,Pepper\II\Virus,Virus,V_18,18,15,3,Datasets/TOBRFV-LMID/RGB/Pepper/II/Virus/V_18_RGB_15_3.tiff
train,Pepper\II\Virus,Virus,V_18,18,15,30,Datasets/TOBRFV-LMID/RGB/Pepper/II/Virus/V_18_RGB_15_30.tiff
train,Pepper\II\Virus,Virus,V_18,18,15,31,Datasets/TOBRFV-LMID/RGB/Pepper/II/Virus/V_18_RGB_15_31.tiff
train,Pepper\II\Virus,Virus,V_18,18,15,32,Datasets/TOBRFV-LMID/RGB/Pepper/II/Virus/V_18_RGB_15_32.tiff
train,Pepper\II\Virus,Virus,V_18,18,15,33,Datasets/TOBRFV-LMID/RGB/Pepper/II/Virus/V_18_RGB_15_33.tiff
train,Pepper\II\Virus,Virus,V_18,18,15,34,Datasets/TOBRFV-LMID/RGB/Pepper/II/Virus/V_18_RGB_15_34.tiff
train,Pepper\II\Virus,Virus,V_18,18,15,35,Datasets/TOBRFV-LMID/RGB/Pepper/II/Virus/V_18_RGB_15_35.tiff
train,Pepper\II\Virus,Virus,V_18,18,15,36,Datasets/TOBRFV-LMID/RGB/Pepper/II/Virus/V_18_RGB_15_36.tiff
train,Pepper\II\Virus,Virus,V_18,18,15,37,Datasets/TOBRFV-LMID/RGB/Pepper/II/Virus/V_18_RGB_15_37.tiff
train,Pepper\II\Virus,Virus,V_18,18,15,38,Datasets/TOBRFV-LMID/RGB/Pepper/II/Virus/V_18_RGB_15_38.tiff
train,Pepper\II\Virus,Virus,V_18,18,15,39,Datasets/TOBRFV-LMID/RGB/Pepper/II/Virus/V_18_RGB_15_39.tiff
train,Pepper\II\Virus,Virus,V_18,18,15,4,Datasets/TOBRFV-LMID/RGB/Pepper/II/Virus/V_18_RGB_15_4.tiff
train,Pepper\II\Virus,Virus,V_18,18,15,40,Datasets/TOBRFV-LMID/RGB/Pepper/II/Virus/V_18_RGB_15_40.tiff
train,Pepper\II\Virus,Virus,V_18,18,15,41,Datasets/TOBRFV-LMID/RGB/Pepper/II/Virus/V_18_RGB_15_41.tiff
train,Pepper\II\Virus,Virus,V_18,18,15,42,Datasets/TOBRFV-LMID/RGB/Pepper/II/Virus/V_18_RGB_15_42.tiff
train,Pepper\II\Virus,Virus,V_18,18,15,43,Datasets/TOBRFV-LMID/RGB/Pepper/II/Virus/V_18_RGB_15_43.tiff
train,Pepper\II\Virus,Virus,V_18,18,15,44,Datasets/TOBRFV-LMID/RGB/Pepper/II/Virus/V_18_RGB_15_44.tiff
train,Pepper\II\Virus,Virus,V_18,18,15,45,Datasets/TOBRFV-LMID/RGB/Pepper/II/Virus/V_18_RGB_15_45.tiff
train,Pepper\II\Virus,Virus,V_18,18,15,5,Datasets/TOBRFV-LMID/RGB/Pepper/II/Virus/V_18_RGB_15_5.tiff
train,Pepper\II\Virus,Virus,V_18,18,15,6,Datasets/TOBRFV-LMID/RGB/Pepper/II/Virus/V_18_RGB_15_6.tiff
train,Pepper\II\Virus,Virus,V_18,18,15,7,Datasets/TOBRFV-LMID/RGB/Pepper/II/Virus/V_18_RGB_15_7.tiff
train,Pepper\II\Virus,Virus,V_18,18,15,8,Datasets/TOBRFV-LMID/RGB/Pepper/II/Virus/V_18_RGB_15_8.tiff
train,Pepper\II\Virus,Virus,V_18,18,15,9,Datasets/TOBRFV-LMID/RGB/Pepper/II/Virus/V_18_RGB_15_9.tiff
train,Pepper\II\Virus,Virus,V_25,25,0,1,Datasets/TOBRFV-LMID/RGB/Pepper/II/Virus/V_25_RGB_0_1.tiff
train,Pepper\II\Virus,Virus,V_25,25,0,10,Datasets/TOBRFV-LMID/RGB/Pepper/II/Virus/V_25_RGB_0_10.tiff
train,Pepper\II\Virus,Virus,V_25,25,0,11,Datasets/TOBRFV-LMID/RGB/Pepper/II/Virus/V_25_RGB_0_11.tiff
train,Pepper\II\Virus,Virus,V_25,25,0,12,Datasets/TOBRFV-LMID/RGB/Pepper/II/Virus/V_25_RGB_0_12.tiff
train,Pepper\II\Virus,Virus,V_25,25,0,13,Datasets/TOBRFV-LMID/RGB/Pepper/II/Virus/V_25_RGB_0_13.tiff
train,Pepper\II\Virus,Virus,V_25,25,0,14,Datasets/TOBRFV-LMID/RGB/Pepper/II/Virus/V_25_RGB_0_14.tiff
train,Pepper\II\Virus,Virus,V_25,25,0,15,Datasets/TOBRFV-LMID/RGB/Pepper/II/Virus/V_25_RGB_0_15.tiff
train,Pepper\II\Virus,Virus,V_25,25,0,16,Datasets/TOBRFV-LMID/RGB/Pepper/II/Virus/V_25_RGB_0_16.tiff
train,Pepper\II\Virus,Virus,V_25,25,0,17,Datasets/TOBRFV-LMID/RGB/Pepper/II/Virus/V_25_RGB_0_17.tiff
train,Pepper\II\Virus,Virus,V_25,25,0,18,Datasets/TOBRFV-LMID/RGB/Pepper/II/Virus/V_25_RGB_0_18.tiff
train,Pepper\II\Virus,Virus,V_25,25,0,19,Datasets/TOBRFV-LMID/RGB/Pepper/II/Virus/V_25_RGB_0_19.tiff
train,Pepper\II\Virus,Virus,V_25,25,0,2,Datasets/TOBRFV-LMID/RGB/Pepper/II/Virus/V_25_RGB_0_2.tiff
train,Pepper\II\Virus,Virus,V_25,25,0,20,Datasets/TOBRFV-LMID/RGB/Pepper/II/Virus/V_25_RGB_0_20.tiff
train,Pepper\II\Virus,Virus,V_25,25,0,21,Datasets/TOBRFV-LMID/RGB/Pepper/II/Virus/V_25_RGB_0_21.tiff
train,Pepper\II\Virus,Virus,V_25,25,0,22,Datasets/TOBRFV-LMID/RGB/Pepper/II/Virus/V_25_RGB_0_22.tiff
train,Pepper\II\Virus,Virus,V_25,25,0,23,Datasets/TOBRFV-LMID/RGB/Pepper/II/Virus/V_25_RGB_0_23.tiff
train,Pepper\II\Virus,Virus,V_25,25,0,24,Datasets/TOBRFV-LMID/RGB/Pepper/II/Virus/V_25_RGB_0_24.tiff
train,Pepper\II\Virus,Virus,V_25,25,0,25,Datasets/TOBRFV-LMID/RGB/Pepper/II/Virus/V_25_RGB_0_25.tiff
train,Pepper\II\Virus,Virus,V_25,25,0,26,Datasets/TOBRFV-LMID/RGB/Pepper/II/Virus/V_25_RGB_0_26.tiff
train,Pepper\II\Virus,Virus,V_25,25,0,27,Datasets/TOBRFV-LMID/RGB/Pepper/II/Virus/V_25_RGB_0_27.tiff
train,Pepper\II\Virus,Virus,V_25,25,0,28,Datasets/TOBRFV-LMID/RGB/Pepper/II/Virus/V_25_RGB_0_28.tiff
train,Pepper\II\Virus,Virus,V_25,25,0,29,Datasets/TOBRFV-LMID/RGB/Pepper/II/Virus/V_25_RGB_0_29.tiff
train,Pepper\II\Virus,Virus,V_25,25,0,3,Datasets/TOBRFV-LMID/RGB/Pepper/II/Virus/V_25_RGB_0_3.tiff
train,Pepper\II\Virus,Virus,V_25,25,0,30,Datasets/TOBRFV-LMID/RGB/Pepper/II/Virus/V_25_RGB_0_30.tiff
train,Pepper\II\Virus,Virus,V_25,25,0,31,Datasets/TOBRFV-LMID/RGB/Pepper/II/Virus/V_25_RGB_0_31.tiff
train,Pepper\II\Virus,Virus,V_25,25,0,32,Datasets/TOBRFV-LMID/RGB/Pepper/II/Virus/V_25_RGB_0_32.tiff
train,Pepper\II\Virus,Virus,V_25,25,0,33,Datasets/TOBRFV-LMID/RGB/Pepper/II/Virus/V_25_RGB_0_33.tiff
train,Pepper\II\Virus,Virus,V_25,25,0,34,Datasets/TOBRFV-LMID/RGB/Pepper/II/Virus/V_25_RGB_0_34.tiff
train,Pepper\II\Virus,Virus,V_25,25,0,35,Datasets/TOBRFV-LMID/RGB/Pepper/II/Virus/V_25_RGB_0_35.tiff
train,Pepper\II\Virus,Virus,V_25,25,0,36,Datasets/TOBRFV-LMID/RGB/Pepper/II/Virus/V_25_RGB_0_36.tiff
train,Pepper\II\Virus,Virus,V_25,25,0,37,Datasets/TOBRFV-LMID/RGB/Pepper/II/Virus/V_25_RGB_0_37.tiff
train,Pepper\II\Virus,Virus,V_25,25,0,38,Datasets/TOBRFV-LMID/RGB/Pepper/II/Virus/V_25_RGB_0_38.tiff
train,Pepper\II\Virus,Virus,V_25,25,0,39,Datasets/TOBRFV-LMID/RGB/Pepper/II/Virus/V_25_RGB_0_39.tiff
train,Pepper\II\Virus,Virus,V_25,25,0,4,Datasets/TOBRFV-LMID/RGB/Pepper/II/Virus/V_25_RGB_0_4.tiff
train,Pepper\II\Virus,Virus,V_25,25,0,40,Datasets/TOBRFV-LMID/RGB/Pepper/II/Virus/V_25_RGB_0_40.tiff
train,Pepper\II\Virus,Virus,V_25,25,0,41,Datasets/TOBRFV-LMID/RGB/Pepper/II/Virus/V_25_RGB_0_41.tiff
train,Pepper\II\Virus,Virus,V_25,25,0,42,Datasets/TOBRFV-LMID/RGB/Pepper/II/Virus/V_25_RGB_0_42.tiff
train,Pepper\II\Virus,Virus,V_25,25,0,43,Datasets/TOBRFV-LMID/RGB/Pepper/II/Virus/V_25_RGB_0_43.tiff
train,Pepper\II\Virus,Virus,V_25,25,0,44,Datasets/TOBRFV-LMID/RGB/Pepper/II/Virus/V_25_RGB_0_44.tiff
train,Pepper\II\Virus,Virus,V_25,25,0,45,Datasets/TOBRFV-LMID/RGB/Pepper/II/Virus/V_25_RGB_0_45.tiff
train,Pepper\II\Virus,Virus,V_25,25,0,5,Datasets/TOBRFV-LMID/RGB/Pepper/II/Virus/V_25_RGB_0_5.tiff
train,Pepper\II\Virus,Virus,V_25,25,0,6,Datasets/TOBRFV-LMID/RGB/Pepper/II/Virus/V_25_RGB_0_6.tiff
train,Pepper\II\Virus,Virus,V_25,25,0,7,Datasets/TOBRFV-LMID/RGB/Pepper/II/Virus/V_25_RGB_0_7.tiff
train,Pepper\II\Virus,Virus,V_25,25,0,8,Datasets/TOBRFV-LMID/RGB/Pepper/II/Virus/V_25_RGB_0_8.tiff
train,Pepper\II\Virus,Virus,V_25,25,0,9,Datasets/TOBRFV-LMID/RGB/Pepper/II/Virus/V_25_RGB_0_9.tiff
train,Pepper\II\Virus,Virus,V_9,9,0,1,Datasets/TOBRFV-LMID/RGB/Pepper/II/Virus/V_9_RGB_0_1.tiff
train,Pepper\II\Virus,Virus,V_9,9,0,10,Datasets/TOBRFV-LMID/RGB/Pepper/II/Virus/V_9_RGB_0_10.tiff
train,Pepper\II\Virus,Virus,V_9,9,0,11,Datasets/TOBRFV-LMID/RGB/Pepper/II/Virus/V_9_RGB_0_11.tiff
train,Pepper\II\Virus,Virus,V_9,9,0,12,Datasets/TOBRFV-LMID/RGB/Pepper/II/Virus/V_9_RGB_0_12.tiff
train,Pepper\II\Virus,Virus,V_9,9,0,13,Datasets/TOBRFV-LMID/RGB/Pepper/II/Virus/V_9_RGB_0_13.tiff
train,Pepper\II\Virus,Virus,V_9,9,0,14,Datasets/TOBRFV-LMID/RGB/Pepper/II/Virus/V_9_RGB_0_14.tiff
train,Pepper\II\Virus,Virus,V_9,9,0,15,Datasets/TOBRFV-LMID/RGB/Pepper/II/Virus/V_9_RGB_0_15.tiff
train,Pepper\II\Virus,Virus,V_9,9,0,16,Datasets/TOBRFV-LMID/RGB/Pepper/II/Virus/V_9_RGB_0_16.tiff
train,Pepper\II\Virus,Virus,V_9,9,0,17,Datasets/TOBRFV-LMID/RGB/Pepper/II/Virus/V_9_RGB_0_17.tiff
train,Pepper\II\Virus,Virus,V_9,9,0,18,Datasets/TOBRFV-LMID/RGB/Pepper/II/Virus/V_9_RGB_0_18.tiff
train,Pepper\II\Virus,Virus,V_9,9,0,19,Datasets/TOBRFV-LMID/RGB/Pepper/II/Virus/V_9_RGB_0_19.tiff
train,Pepper\II\Virus,Virus,V_9,9,0,2,Datasets/TOBRFV-LMID/RGB/Pepper/II/Virus/V_9_RGB_0_2.tiff
train,Pepper\II\Virus,Virus,V_9,9,0,20,Datasets/TOBRFV-LMID/RGB/Pepper/II/Virus/V_9_RGB_0_20.tiff
train,Pepper\II\Virus,Virus,V_9,9,0,21,Datasets/TOBRFV-LMID/RGB/Pepper/II/Virus/V_9_RGB_0_21.tiff
train,Pepper\II\Virus,Virus,V_9,9,0,22,Datasets/TOBRFV-LMID/RGB/Pepper/II/Virus/V_9_RGB_0_22.tiff
train,Pepper\II\Virus,Virus,V_9,9,0,23,Datasets/TOBRFV-LMID/RGB/Pepper/II/Virus/V_9_RGB_0_23.tiff
train,Pepper\II\Virus,Virus,V_9,9,0,24,Datasets/TOBRFV-LMID/RGB/Pepper/II/Virus/V_9_RGB_0_24.tiff
train,Pepper\II\Virus,Virus,V_9,9,0,25,Datasets/TOBRFV-LMID/RGB/Pepper/II/Virus/V_9_RGB_0_25.tiff
train,Pepper\II\Virus,Virus,V_9,9,0,26,Datasets/TOBRFV-LMID/RGB/Pepper/II/Virus/V_9_RGB_0_26.tiff
train,Pepper\II\Virus,Virus,V_9,9,0,27,Datasets/TOBRFV-LMID/RGB/Pepper/II/Virus/V_9_RGB_0_27.tiff
train,Pepper\II\Virus,Virus,V_9,9,0,28,Datasets/TOBRFV-LMID/RGB/Pepper/II/Virus/V_9_RGB_0_28.tiff
train,Pepper\II\Virus,Virus,V_9,9,0,29,Datasets/TOBRFV-LMID/RGB/Pepper/II/Virus/V_9_RGB_0_29.tiff
train,Pepper\II\Virus,Virus,V_9,9,0,3,Datasets/TOBRFV-LMID/RGB/Pepper/II/Virus/V_9_RGB_0_3.tiff
train,Pepper\II\Virus,Virus,V_9,9,0,30,Datasets/TOBRFV-LMID/RGB/Pepper/II/Virus/V_9_RGB_0_30.tiff
train,Pepper\II\Virus,Virus,V_9,9,0,31,Datasets/TOBRFV-LMID/RGB/Pepper/II/Virus/V_9_RGB_0_31.tiff
train,Pepper\II\Virus,Virus,V_9,9,0,32,Datasets/TOBRFV-LMID/RGB/Pepper/II/Virus/V_9_RGB_0_32.tiff
train,Pepper\II\Virus,Virus,V_9,9,0,33,Datasets/TOBRFV-LMID/RGB/Pepper/II/Virus/V_9_RGB_0_33.tiff
train,Pepper\II\Virus,Virus,V_9,9,0,34,Datasets/TOBRFV-LMID/RGB/Pepper/II/Virus/V_9_RGB_0_34.tiff
train,Pepper\II\Virus,Virus,V_9,9,0,35,Datasets/TOBRFV-LMID/RGB/Pepper/II/Virus/V_9_RGB_0_35.tiff
train,Pepper\II\Virus,Virus,V_9,9,0,36,Datasets/TOBRFV-LMID/RGB/Pepper/II/Virus/V_9_RGB_0_36.tiff
train,Pepper\II\Virus,Virus,V_9,9,0,37,Datasets/TOBRFV-LMID/RGB/Pepper/II/Virus/V_9_RGB_0_37.tiff
train,Pepper\II\Virus,Virus,V_9,9,0,38,Datasets/TOBRFV-LMID/RGB/Pepper/II/Virus/V_9_RGB_0_38.tiff
train,Pepper\II\Virus,Virus,V_9,9,0,39,Datasets/TOBRFV-LMID/RGB/Pepper/II/Virus/V_9_RGB_0_39.tiff
train,Pepper\II\Virus,Virus,V_9,9,0,4,Datasets/TOBRFV-LMID/RGB/Pepper/II/Virus/V_9_RGB_0_4.tiff
train,Pepper\II\Virus,Virus,V_9,9,0,40,Datasets/TOBRFV-LMID/RGB/Pepper/II/Virus/V_9_RGB_0_40.tiff
train,Pepper\II\Virus,Virus,V_9,9,0,41,Datasets/TOBRFV-LMID/RGB/Pepper/II/Virus/V_9_RGB_0_41.tiff
train,Pepper\II\Virus,Virus,V_9,9,0,42,Datasets/TOBRFV-LMID/RGB/Pepper/II/Virus/V_9_RGB_0_42.tiff
train,Pepper\II\Virus,Virus,V_9,9,0,43,Datasets/TOBRFV-LMID/RGB/Pepper/II/Virus/V_9_RGB_0_43.tiff
train,Pepper\II\Virus,Virus,V_9,9,0,44,Datasets/TOBRFV-LMID/RGB/Pepper/II/Virus/V_9_RGB_0_44.tiff
train,Pepper\II\Virus,Virus,V_9,9,0,45,Datasets/TOBRFV-LMID/RGB/Pepper/II/Virus/V_9_RGB_0_45.tiff
train,Pepper\II\Virus,Virus,V_9,9,0,5,Datasets/TOBRFV-LMID/RGB/Pepper/II/Virus/V_9_RGB_0_5.tiff
train,Pepper\II\Virus,Virus,V_9,9,0,6,Datasets/TOBRFV-LMID/RGB/Pepper/II/Virus/V_9_RGB_0_6.tiff
train,Pepper\II\Virus,Virus,V_9,9,0,7,Datasets/TOBRFV-LMID/RGB/Pepper/II/Virus/V_9_RGB_0_7.tiff
train,Pepper\II\Virus,Virus,V_9,9,0,8,Datasets/TOBRFV-LMID/RGB/Pepper/II/Virus/V_9_RGB_0_8.tiff
train,Pepper\II\Virus,Virus,V_9,9,0,9,Datasets/TOBRFV-LMID/RGB/Pepper/II/Virus/V_9_RGB_0_9.tiff
train,Pepper\II\Virus,Virus,V_22,22,0,1,Datasets/TOBRFV-LMID/RGB/Pepper/II/Virus/V_22_RGB_0_1.tiff
train,Pepper\II\Virus,Virus,V_22,22,0,10,Datasets/TOBRFV-LMID/RGB/Pepper/II/Virus/V_22_RGB_0_10.tiff
train,Pepper\II\Virus,Virus,V_22,22,0,11,Datasets/TOBRFV-LMID/RGB/Pepper/II/Virus/V_22_RGB_0_11.tiff
train,Pepper\II\Virus,Virus,V_22,22,0,12,Datasets/TOBRFV-LMID/RGB/Pepper/II/Virus/V_22_RGB_0_12.tiff
train,Pepper\II\Virus,Virus,V_22,22,0,13,Datasets/TOBRFV-LMID/RGB/Pepper/II/Virus/V_22_RGB_0_13.tiff
train,Pepper\II\Virus,Virus,V_22,22,0,14,Datasets/TOBRFV-LMID/RGB/Pepper/II/Virus/V_22_RGB_0_14.tiff
train,Pepper\II\Virus,Virus,V_22,22,0,15,Datasets/TOBRFV-LMID/RGB/Pepper/II/Virus/V_22_RGB_0_15.tiff
train,Pepper\II\Virus,Virus,V_22,22,0,16,Datasets/TOBRFV-LMID/RGB/Pepper/II/Virus/V_22_RGB_0_16.tiff
train,Pepper\II\Virus,Virus,V_22,22,0,17,Datasets/TOBRFV-LMID/RGB/Pepper/II/Virus/V_22_RGB_0_17.tiff
train,Pepper\II\Virus,Virus,V_22,22,0,18,Datasets/TOBRFV-LMID/RGB/Pepper/II/Virus/V_22_RGB_0_18.tiff
train,Pepper\II\Virus,Virus,V_22,22,0,19,Datasets/TOBRFV-LMID/RGB/Pepper/II/Virus/V_22_RGB_0_19.tiff
train,Pepper\II\Virus,Virus,V_22,22,0,2,Datasets/TOBRFV-LMID/RGB/Pepper/II/Virus/V_22_RGB_0_2.tiff
train,Pepper\II\Virus,Virus,V_22,22,0,20,Datasets/TOBRFV-LMID/RGB/Pepper/II/Virus/V_22_RGB_0_20.tiff
train,Pepper\II\Virus,Virus,V_22,22,0,21,Datasets/TOBRFV-LMID/RGB/Pepper/II/Virus/V_22_RGB_0_21.tiff
train,Pepper\II\Virus,Virus,V_22,22,0,22,Datasets/TOBRFV-LMID/RGB/Pepper/II/Virus/V_22_RGB_0_22.tiff
train,Pepper\II\Virus,Virus,V_22,22,0,23,Datasets/TOBRFV-LMID/RGB/Pepper/II/Virus/V_22_RGB_0_23.tiff
train,Pepper\II\Virus,Virus,V_22,22,0,24,Datasets/TOBRFV-LMID/RGB/Pepper/II/Virus/V_22_RGB_0_24.tiff
train,Pepper\II\Virus,Virus,V_22,22,0,25,Datasets/TOBRFV-LMID/RGB/Pepper/II/Virus/V_22_RGB_0_25.tiff
train,Pepper\II\Virus,Virus,V_22,22,0,26,Datasets/TOBRFV-LMID/RGB/Pepper/II/Virus/V_22_RGB_0_26.tiff
train,Pepper\II\Virus,Virus,V_22,22,0,27,Datasets/TOBRFV-LMID/RGB/Pepper/II/Virus/V_22_RGB_0_27.tiff
train,Pepper\II\Virus,Virus,V_22,22,0,29,Datasets/TOBRFV-LMID/RGB/Pepper/II/Virus/V_22_RGB_0_29.tiff
train,Pepper\II\Virus,Virus,V_22,22,0,3,Datasets/TOBRFV-LMID/RGB/Pepper/II/Virus/V_22_RGB_0_3.tiff
train,Pepper\II\Virus,Virus,V_22,22,0,30,Datasets/TOBRFV-LMID/RGB/Pepper/II/Virus/V_22_RGB_0_30.tiff
train,Pepper\II\Virus,Virus,V_22,22,0,31,Datasets/TOBRFV-LMID/RGB/Pepper/II/Virus/V_22_RGB_0_31.tiff
train,Pepper\II\Virus,Virus,V_22,22,0,32,Datasets/TOBRFV-LMID/RGB/Pepper/II/Virus/V_22_RGB_0_32.tiff
train,Pepper\II\Virus,Virus,V_22,22,0,33,Datasets/TOBRFV-LMID/RGB/Pepper/II/Virus/V_22_RGB_0_33.tiff
train,Pepper\II\Virus,Virus,V_22,22,0,34,Datasets/TOBRFV-LMID/RGB/Pepper/II/Virus/V_22_RGB_0_34.tiff
train,Pepper\II\Virus,Virus,V_22,22,0,35,Datasets/TOBRFV-LMID/RGB/Pepper/II/Virus/V_22_RGB_0_35.tiff
train,Pepper\II\Virus,Virus,V_22,22,0,36,Datasets/TOBRFV-LMID/RGB/Pepper/II/Virus/V_22_RGB_0_36.tiff
train,Pepper\II\Virus,Virus,V_22,22,0,37,Datasets/TOBRFV-LMID/RGB/Pepper/II/Virus/V_22_RGB_0_37.tiff
train,Pepper\II\Virus,Virus,V_22,22,0,38,Datasets/TOBRFV-LMID/RGB/Pepper/II/Virus/V_22_RGB_0_38.tiff
train,Pepper\II\Virus,Virus,V_22,22,0,39,Datasets/TOBRFV-LMID/RGB/Pepper/II/Virus/V_22_RGB_0_39.tiff
train,Pepper\II\Virus,Virus,V_22,22,0,4,Datasets/TOBRFV-LMID/RGB/Pepper/II/Virus/V_22_RGB_0_4.tiff
train,Pepper\II\Virus,Virus,V_22,22,0,40,Datasets/TOBRFV-LMID/RGB/Pepper/II/Virus/V_22_RGB_0_40.tiff
train,Pepper\II\Virus,Virus,V_22,22,0,41,Datasets/TOBRFV-LMID/RGB/Pepper/II/Virus/V_22_RGB_0_41.tiff
train,Pepper\II\Virus,Virus,V_22,22,0,42,Datasets/TOBRFV-LMID/RGB/Pepper/II/Virus/V_22_RGB_0_42.tiff
train,Pepper\II\Virus,Virus,V_22,22,0,43,Datasets/TOBRFV-LMID/RGB/Pepper/II/Virus/V_22_RGB_0_43.tiff
train,Pepper\II\Virus,Virus,V_22,22,0,44,Datasets/TOBRFV-LMID/RGB/Pepper/II/Virus/V_22_RGB_0_44.tiff
train,Pepper\II\Virus,Virus,V_22,22,0,45,Datasets/TOBRFV-LMID/RGB/Pepper/II/Virus/V_22_RGB_0_45.tiff
train,Pepper\II\Virus,Virus,V_22,22,0,5,Datasets/TOBRFV-LMID/RGB/Pepper/II/Virus/V_22_RGB_0_5.tiff
train,Pepper\II\Virus,Virus,V_22,22,0,6,Datasets/TOBRFV-LMID/RGB/Pepper/II/Virus/V_22_RGB_0_6.tiff
train,Pepper\II\Virus,Virus,V_22,22,0,7,Datasets/TOBRFV-LMID/RGB/Pepper/II/Virus/V_22_RGB_0_7.tiff
train,Pepper\II\Virus,Virus,V_22,22,0,8,Datasets/TOBRFV-LMID/RGB/Pepper/II/Virus/V_22_RGB_0_8.tiff
train,Pepper\II\Virus,Virus,V_22,22,0,9,Datasets/TOBRFV-LMID/RGB/Pepper/II/Virus/V_22_RGB_0_9.tiff
train,Pepper\II\Virus,Virus,V_22,22,15,1,Datasets/TOBRFV-LMID/RGB/Pepper/II/Virus/V_22_RGB_15_1.tiff
train,Pepper\II\Virus,Virus,V_22,22,15,10,Datasets/TOBRFV-LMID/RGB/Pepper/II/Virus/V_22_RGB_15_10.tiff
train,Pepper\II\Virus,Virus,V_22,22,15,11,Datasets/TOBRFV-LMID/RGB/Pepper/II/Virus/V_22_RGB_15_11.tiff
train,Pepper\II\Virus,Virus,V_22,22,15,12,Datasets/TOBRFV-LMID/RGB/Pepper/II/Virus/V_22_RGB_15_12.tiff
train,Pepper\II\Virus,Virus,V_22,22,15,13,Datasets/TOBRFV-LMID/RGB/Pepper/II/Virus/V_22_RGB_15_13.tiff
train,Pepper\II\Virus,Virus,V_22,22,15,14,Datasets/TOBRFV-LMID/RGB/Pepper/II/Virus/V_22_RGB_15_14.tiff
train,Pepper\II\Virus,Virus,V_22,22,15,15,Datasets/TOBRFV-LMID/RGB/Pepper/II/Virus/V_22_RGB_15_15.tiff
train,Pepper\II\Virus,Virus,V_22,22,15,16,Datasets/TOBRFV-LMID/RGB/Pepper/II/Virus/V_22_RGB_15_16.tiff
train,Pepper\II\Virus,Virus,V_22,22,15,17,Datasets/TOBRFV-LMID/RGB/Pepper/II/Virus/V_22_RGB_15_17.tiff
train,Pepper\II\Virus,Virus,V_22,22,15,18,Datasets/TOBRFV-LMID/RGB/Pepper/II/Virus/V_22_RGB_15_18.tiff
train,Pepper\II\Virus,Virus,V_22,22,15,19,Datasets/TOBRFV-LMID/RGB/Pepper/II/Virus/V_22_RGB_15_19.tiff
train,Pepper\II\Virus,Virus,V_22,22,15,2,Datasets/TOBRFV-LMID/RGB/Pepper/II/Virus/V_22_RGB_15_2.tiff
train,Pepper\II\Virus,Virus,V_22,22,15,21,Datasets/TOBRFV-LMID/RGB/Pepper/II/Virus/V_22_RGB_15_21.tiff
train,Pepper\II\Virus,Virus,V_22,22,15,22,Datasets/TOBRFV-LMID/RGB/Pepper/II/Virus/V_22_RGB_15_22.tiff
train,Pepper\II\Virus,Virus,V_22,22,15,23,Datasets/TOBRFV-LMID/RGB/Pepper/II/Virus/V_22_RGB_15_23.tiff
train,Pepper\II\Virus,Virus,V_22,22,15,24,Datasets/TOBRFV-LMID/RGB/Pepper/II/Virus/V_22_RGB_15_24.tiff
train,Pepper\II\Virus,Virus,V_22,22,15,25,Datasets/TOBRFV-LMID/RGB/Pepper/II/Virus/V_22_RGB_15_25.tiff
train,Pepper\II\Virus,Virus,V_22,22,15,26,Datasets/TOBRFV-LMID/RGB/Pepper/II/Virus/V_22_RGB_15_26.tiff
train,Pepper\II\Virus,Virus,V_22,22,15,27,Datasets/TOBRFV-LMID/RGB/Pepper/II/Virus/V_22_RGB_15_27.tiff
train,Pepper\II\Virus,Virus,V_22,22,15,28,Datasets/TOBRFV-LMID/RGB/Pepper/II/Virus/V_22_RGB_15_28.tiff
train,Pepper\II\Virus,Virus,V_22,22,15,29,Datasets/TOBRFV-LMID/RGB/Pepper/II/Virus/V_22_RGB_15_29.tiff
train,Pepper\II\Virus,Virus,V_22,22,15,3,Datasets/TOBRFV-LMID/RGB/Pepper/II/Virus/V_22_RGB_15_3.tiff
train,Pepper\II\Virus,Virus,V_22,22,15,30,Datasets/TOBRFV-LMID/RGB/Pepper/II/Virus/V_22_RGB_15_30.tiff
train,Pepper\II\Virus,Virus,V_22,22,15,31,Datasets/TOBRFV-LMID/RGB/Pepper/II/Virus/V_22_RGB_15_31.tiff
train,Pepper\II\Virus,Virus,V_22,22,15,32,Datasets/TOBRFV-LMID/RGB/Pepper/II/Virus/V_22_RGB_15_32.tiff
train,Pepper\II\Virus,Virus,V_22,22,15,33,Datasets/TOBRFV-LMID/RGB/Pepper/II/Virus/V_22_RGB_15_33.tiff
train,Pepper\II\Virus,Virus,V_22,22,15,34,Datasets/TOBRFV-LMID/RGB/Pepper/II/Virus/V_22_RGB_15_34.tiff
train,Pepper\II\Virus,Virus,V_22,22,15,35,Datasets/TOBRFV-LMID/RGB/Pepper/II/Virus/V_22_RGB_15_35.tiff
train,Pepper\II\Virus,Virus,V_22,22,15,36,Datasets/TOBRFV-LMID/RGB/Pepper/II/Virus/V_22_RGB_15_36.tiff
train,Pepper\II\Virus,Virus,V_22,22,15,37,Datasets/TOBRFV-LMID/RGB/Pepper/II/Virus/V_22_RGB_15_37.tiff
train,Pepper\II\Virus,Virus,V_22,22,15,38,Datasets/TOBRFV-LMID/RGB/Pepper/II/Virus/V_22_RGB_15_38.tiff
train,Pepper\II\Virus,Virus,V_22,22,15,39,Datasets/TOBRFV-LMID/RGB/Pepper/II/Virus/V_22_RGB_15_39.tiff
train,Pepper\II\Virus,Virus,V_22,22,15,4,Datasets/TOBRFV-LMID/RGB/Pepper/II/Virus/V_22_RGB_15_4.tiff
train,Pepper\II\Virus,Virus,V_22,22,15,40,Datasets/TOBRFV-LMID/RGB/Pepper/II/Virus/V_22_RGB_15_40.tiff
train,Pepper\II\Virus,Virus,V_22,22,15,41,Datasets/TOBRFV-LMID/RGB/Pepper/II/Virus/V_22_RGB_15_41.tiff
train,Pepper\II\Virus,Virus,V_22,22,15,42,Datasets/TOBRFV-LMID/RGB/Pepper/II/Virus/V_22_RGB_15_42.tiff
train,Pepper\II\Virus,Virus,V_22,22,15,43,Datasets/TOBRFV-LMID/RGB/Pepper/II/Virus/V_22_RGB_15_43.tiff
train,Pepper\II\Virus,Virus,V_22,22,15,44,Datasets/TOBRFV-LMID/RGB/Pepper/II/Virus/V_22_RGB_15_44.tiff
train,Pepper\II\Virus,Virus,V_22,22,15,45,Datasets/TOBRFV-LMID/RGB/Pepper/II/Virus/V_22_RGB_15_45.tiff
train,Pepper\II\Virus,Virus,V_22,22,15,5,Datasets/TOBRFV-LMID/RGB/Pepper/II/Virus/V_22_RGB_15_5.tiff
train,Pepper\II\Virus,Virus,V_22,22,15,6,Datasets/TOBRFV-LMID/RGB/Pepper/II/Virus/V_22_RGB_15_6.tiff
train,Pepper\II\Virus,Virus,V_22,22,15,7,Datasets/TOBRFV-LMID/RGB/Pepper/II/Virus/V_22_RGB_15_7.tiff
train,Pepper\II\Virus,Virus,V_22,22,15,8,Datasets/TOBRFV-LMID/RGB/Pepper/II/Virus/V_22_RGB_15_8.tiff
train,Pepper\II\Virus,Virus,V_22,22,15,9,Datasets/TOBRFV-LMID/RGB/Pepper/II/Virus/V_22_RGB_15_9.tiff
train,Pepper\II\Virus,Virus,V_15,15,0,1,Datasets/TOBRFV-LMID/RGB/Pepper/II/Virus/V_15_RGB_0_1.tiff
train,Pepper\II\Virus,Virus,V_15,15,0,10,Datasets/TOBRFV-LMID/RGB/Pepper/II/Virus/V_15_RGB_0_10.tiff
train,Pepper\II\Virus,Virus,V_15,15,0,11,Datasets/TOBRFV-LMID/RGB/Pepper/II/Virus/V_15_RGB_0_11.tiff
train,Pepper\II\Virus,Virus,V_15,15,0,12,Datasets/TOBRFV-LMID/RGB/Pepper/II/Virus/V_15_RGB_0_12.tiff
train,Pepper\II\Virus,Virus,V_15,15,0,13,Datasets/TOBRFV-LMID/RGB/Pepper/II/Virus/V_15_RGB_0_13.tiff
train,Pepper\II\Virus,Virus,V_15,15,0,14,Datasets/TOBRFV-LMID/RGB/Pepper/II/Virus/V_15_RGB_0_14.tiff
train,Pepper\II\Virus,Virus,V_15,15,0,15,Datasets/TOBRFV-LMID/RGB/Pepper/II/Virus/V_15_RGB_0_15.tiff
train,Pepper\II\Virus,Virus,V_15,15,0,16,Datasets/TOBRFV-LMID/RGB/Pepper/II/Virus/V_15_RGB_0_16.tiff
train,Pepper\II\Virus,Virus,V_15,15,0,17,Datasets/TOBRFV-LMID/RGB/Pepper/II/Virus/V_15_RGB_0_17.tiff
train,Pepper\II\Virus,Virus,V_15,15,0,18,Datasets/TOBRFV-LMID/RGB/Pepper/II/Virus/V_15_RGB_0_18.tiff
train,Pepper\II\Virus,Virus,V_15,15,0,19,Datasets/TOBRFV-LMID/RGB/Pepper/II/Virus/V_15_RGB_0_19.tiff
train,Pepper\II\Virus,Virus,V_15,15,0,2,Datasets/TOBRFV-LMID/RGB/Pepper/II/Virus/V_15_RGB_0_2.tiff
train,Pepper\II\Virus,Virus,V_15,15,0,20,Datasets/TOBRFV-LMID/RGB/Pepper/II/Virus/V_15_RGB_0_20.tiff
train,Pepper\II\Virus,Virus,V_15,15,0,21,Datasets/TOBRFV-LMID/RGB/Pepper/II/Virus/V_15_RGB_0_21.tiff
train,Pepper\II\Virus,Virus,V_15,15,0,22,Datasets/TOBRFV-LMID/RGB/Pepper/II/Virus/V_15_RGB_0_22.tiff
train,Pepper\II\Virus,Virus,V_15,15,0,23,Datasets/TOBRFV-LMID/RGB/Pepper/II/Virus/V_15_RGB_0_23.tiff
train,Pepper\II\Virus,Virus,V_15,15,0,24,Datasets/TOBRFV-LMID/RGB/Pepper/II/Virus/V_15_RGB_0_24.tiff
train,Pepper\II\Virus,Virus,V_15,15,0,25,Datasets/TOBRFV-LMID/RGB/Pepper/II/Virus/V_15_RGB_0_25.tiff
train,Pepper\II\Virus,Virus,V_15,15,0,26,Datasets/TOBRFV-LMID/RGB/Pepper/II/Virus/V_15_RGB_0_26.tiff
train,Pepper\II\Virus,Virus,V_15,15,0,27,Datasets/TOBRFV-LMID/RGB/Pepper/II/Virus/V_15_RGB_0_27.tiff
train,Pepper\II\Virus,Virus,V_15,15,0,28,Datasets/TOBRFV-LMID/RGB/Pepper/II/Virus/V_15_RGB_0_28.tiff
train,Pepper\II\Virus,Virus,V_15,15,0,29,Datasets/TOBRFV-LMID/RGB/Pepper/II/Virus/V_15_RGB_0_29.tiff
train,Pepper\II\Virus,Virus,V_15,15,0,3,Datasets/TOBRFV-LMID/RGB/Pepper/II/Virus/V_15_RGB_0_3.tiff
train,Pepper\II\Virus,Virus,V_15,15,0,30,Datasets/TOBRFV-LMID/RGB/Pepper/II/Virus/V_15_RGB_0_30.tiff
train,Pepper\II\Virus,Virus,V_15,15,0,31,Datasets/TOBRFV-LMID/RGB/Pepper/II/Virus/V_15_RGB_0_31.tiff
train,Pepper\II\Virus,Virus,V_15,15,0,32,Datasets/TOBRFV-LMID/RGB/Pepper/II/Virus/V_15_RGB_0_32.tiff
train,Pepper\II\Virus,Virus,V_15,15,0,33,Datasets/TOBRFV-LMID/RGB/Pepper/II/Virus/V_15_RGB_0_33.tiff
train,Pepper\II\Virus,Virus,V_15,15,0,34,Datasets/TOBRFV-LMID/RGB/Pepper/II/Virus/V_15_RGB_0_34.tiff
train,Pepper\II\Virus,Virus,V_15,15,0,35,Datasets/TOBRFV-LMID/RGB/Pepper/II/Virus/V_15_RGB_0_35.tiff
train,Pepper\II\Virus,Virus,V_15,15,0,36,Datasets/TOBRFV-LMID/RGB/Pepper/II/Virus/V_15_RGB_0_36.tiff
train,Pepper\II\Virus,Virus,V_15,15,0,37,Datasets/TOBRFV-LMID/RGB/Pepper/II/Virus/V_15_RGB_0_37.tiff
train,Pepper\II\Virus,Virus,V_15,15,0,38,Datasets/TOBRFV-LMID/RGB/Pepper/II/Virus/V_15_RGB_0_38.tiff
train,Pepper\II\Virus,Virus,V_15,15,0,39,Datasets/TOBRFV-LMID/RGB/Pepper/II/Virus/V_15_RGB_0_39.tiff
train,Pepper\II\Virus,Virus,V_15,15,0,4,Datasets/TOBRFV-LMID/RGB/Pepper/II/Virus/V_15_RGB_0_4.tiff
train,Pepper\II\Virus,Virus,V_15,15,0,40,Datasets/TOBRFV-LMID/RGB/Pepper/II/Virus/V_15_RGB_0_40.tiff
train,Pepper\II\Virus,Virus,V_15,15,0,41,Datasets/TOBRFV-LMID/RGB/Pepper/II/Virus/V_15_RGB_0_41.tiff
train,Pepper\II\Virus,Virus,V_15,15,0,42,Datasets/TOBRFV-LMID/RGB/Pepper/II/Virus/V_15_RGB_0_42.tiff
train,Pepper\II\Virus,Virus,V_15,15,0,43,Datasets/TOBRFV-LMID/RGB/Pepper/II/Virus/V_15_RGB_0_43.tiff
train,Pepper\II\Virus,Virus,V_15,15,0,44,Datasets/TOBRFV-LMID/RGB/Pepper/II/Virus/V_15_RGB_0_44.tiff
train,Pepper\II\Virus,Virus,V_15,15,0,45,Datasets/TOBRFV-LMID/RGB/Pepper/II/Virus/V_15_RGB_0_45.tiff
train,Pepper\II\Virus,Virus,V_15,15,0,5,Datasets/TOBRFV-LMID/RGB/Pepper/II/Virus/V_15_RGB_0_5.tiff
train,Pepper\II\Virus,Virus,V_15,15,0,6,Datasets/TOBRFV-LMID/RGB/Pepper/II/Virus/V_15_RGB_0_6.tiff
train,Pepper\II\Virus,Virus,V_15,15,0,7,Datasets/TOBRFV-LMID/RGB/Pepper/II/Virus/V_15_RGB_0_7.tiff
train,Pepper\II\Virus,Virus,V_15,15,0,8,Datasets/TOBRFV-LMID/RGB/Pepper/II/Virus/V_15_RGB_0_8.tiff
train,Pepper\II\Virus,Virus,V_15,15,0,9,Datasets/TOBRFV-LMID/RGB/Pepper/II/Virus/V_15_RGB_0_9.tiff
train,Pepper\II\Virus,Virus,V_2,2,0,1,Datasets/TOBRFV-LMID/RGB/Pepper/II/Virus/V_2_RGB_0_1.tiff
train,Pepper\II\Virus,Virus,V_2,2,0,10,Datasets/TOBRFV-LMID/RGB/Pepper/II/Virus/V_2_RGB_0_10.tiff
train,Pepper\II\Virus,Virus,V_2,2,0,11,Datasets/TOBRFV-LMID/RGB/Pepper/II/Virus/V_2_RGB_0_11.tiff
train,Pepper\II\Virus,Virus,V_2,2,0,12,Datasets/TOBRFV-LMID/RGB/Pepper/II/Virus/V_2_RGB_0_12.tiff
train,Pepper\II\Virus,Virus,V_2,2,0,13,Datasets/TOBRFV-LMID/RGB/Pepper/II/Virus/V_2_RGB_0_13.tiff
train,Pepper\II\Virus,Virus,V_2,2,0,14,Datasets/TOBRFV-LMID/RGB/Pepper/II/Virus/V_2_RGB_0_14.tiff
train,Pepper\II\Virus,Virus,V_2,2,0,15,Datasets/TOBRFV-LMID/RGB/Pepper/II/Virus/V_2_RGB_0_15.tiff
train,Pepper\II\Virus,Virus,V_2,2,0,16,Datasets/TOBRFV-LMID/RGB/Pepper/II/Virus/V_2_RGB_0_16.tiff
train,Pepper\II\Virus,Virus,V_2,2,0,17,Datasets/TOBRFV-LMID/RGB/Pepper/II/Virus/V_2_RGB_0_17.tiff
train,Pepper\II\Virus,Virus,V_2,2,0,18,Datasets/TOBRFV-LMID/RGB/Pepper/II/Virus/V_2_RGB_0_18.tiff
train,Pepper\II\Virus,Virus,V_2,2,0,19,Datasets/TOBRFV-LMID/RGB/Pepper/II/Virus/V_2_RGB_0_19.tiff
train,Pepper\II\Virus,Virus,V_2,2,0,2,Datasets/TOBRFV-LMID/RGB/Pepper/II/Virus/V_2_RGB_0_2.tiff
train,Pepper\II\Virus,Virus,V_2,2,0,20,Datasets/TOBRFV-LMID/RGB/Pepper/II/Virus/V_2_RGB_0_20.tiff
train,Pepper\II\Virus,Virus,V_2,2,0,21,Datasets/TOBRFV-LMID/RGB/Pepper/II/Virus/V_2_RGB_0_21.tiff
train,Pepper\II\Virus,Virus,V_2,2,0,22,Datasets/TOBRFV-LMID/RGB/Pepper/II/Virus/V_2_RGB_0_22.tiff
train,Pepper\II\Virus,Virus,V_2,2,0,23,Datasets/TOBRFV-LMID/RGB/Pepper/II/Virus/V_2_RGB_0_23.tiff
train,Pepper\II\Virus,Virus,V_2,2,0,24,Datasets/TOBRFV-LMID/RGB/Pepper/II/Virus/V_2_RGB_0_24.tiff
train,Pepper\II\Virus,Virus,V_2,2,0,25,Datasets/TOBRFV-LMID/RGB/Pepper/II/Virus/V_2_RGB_0_25.tiff
train,Pepper\II\Virus,Virus,V_2,2,0,26,Datasets/TOBRFV-LMID/RGB/Pepper/II/Virus/V_2_RGB_0_26.tiff
train,Pepper\II\Virus,Virus,V_2,2,0,27,Datasets/TOBRFV-LMID/RGB/Pepper/II/Virus/V_2_RGB_0_27.tiff
train,Pepper\II\Virus,Virus,V_2,2,0,28,Datasets/TOBRFV-LMID/RGB/Pepper/II/Virus/V_2_RGB_0_28.tiff
train,Pepper\II\Virus,Virus,V_2,2,0,29,Datasets/TOBRFV-LMID/RGB/Pepper/II/Virus/V_2_RGB_0_29.tiff
train,Pepper\II\Virus,Virus,V_2,2,0,3,Datasets/TOBRFV-LMID/RGB/Pepper/II/Virus/V_2_RGB_0_3.tiff
train,Pepper\II\Virus,Virus,V_2,2,0,30,Datasets/TOBRFV-LMID/RGB/Pepper/II/Virus/V_2_RGB_0_30.tiff
train,Pepper\II\Virus,Virus,V_2,2,0,31,Datasets/TOBRFV-LMID/RGB/Pepper/II/Virus/V_2_RGB_0_31.tiff
train,Pepper\II\Virus,Virus,V_2,2,0,32,Datasets/TOBRFV-LMID/RGB/Pepper/II/Virus/V_2_RGB_0_32.tiff
train,Pepper\II\Virus,Virus,V_2,2,0,33,Datasets/TOBRFV-LMID/RGB/Pepper/II/Virus/V_2_RGB_0_33.tiff
train,Pepper\II\Virus,Virus,V_2,2,0,34,Datasets/TOBRFV-LMID/RGB/Pepper/II/Virus/V_2_RGB_0_34.tiff
train,Pepper\II\Virus,Virus,V_2,2,0,35,Datasets/TOBRFV-LMID/RGB/Pepper/II/Virus/V_2_RGB_0_35.tiff
train,Pepper\II\Virus,Virus,V_2,2,0,36,Datasets/TOBRFV-LMID/RGB/Pepper/II/Virus/V_2_RGB_0_36.tiff
train,Pepper\II\Virus,Virus,V_2,2,0,38,Datasets/TOBRFV-LMID/RGB/Pepper/II/Virus/V_2_RGB_0_38.tiff
train,Pepper\II\Virus,Virus,V_2,2,0,39,Datasets/TOBRFV-LMID/RGB/Pepper/II/Virus/V_2_RGB_0_39.tiff
train,Pepper\II\Virus,Virus,V_2,2,0,4,Datasets/TOBRFV-LMID/RGB/Pepper/II/Virus/V_2_RGB_0_4.tiff
train,Pepper\II\Virus,Virus,V_2,2,0,40,Datasets/TOBRFV-LMID/RGB/Pepper/II/Virus/V_2_RGB_0_40.tiff
train,Pepper\II\Virus,Virus,V_2,2,0,41,Datasets/TOBRFV-LMID/RGB/Pepper/II/Virus/V_2_RGB_0_41.tiff
train,Pepper\II\Virus,Virus,V_2,2,0,42,Datasets/TOBRFV-LMID/RGB/Pepper/II/Virus/V_2_RGB_0_42.tiff
train,Pepper\II\Virus,Virus,V_2,2,0,43,Datasets/TOBRFV-LMID/RGB/Pepper/II/Virus/V_2_RGB_0_43.tiff
train,Pepper\II\Virus,Virus,V_2,2,0,44,Datasets/TOBRFV-LMID/RGB/Pepper/II/Virus/V_2_RGB_0_44.tiff
train,Pepper\II\Virus,Virus,V_2,2,0,45,Datasets/TOBRFV-LMID/RGB/Pepper/II/Virus/V_2_RGB_0_45.tiff
train,Pepper\II\Virus,Virus,V_2,2,0,5,Datasets/TOBRFV-LMID/RGB/Pepper/II/Virus/V_2_RGB_0_5.tiff
train,Pepper\II\Virus,Virus,V_2,2,0,6,Datasets/TOBRFV-LMID/RGB/Pepper/II/Virus/V_2_RGB_0_6.tiff
train,Pepper\II\Virus,Virus,V_2,2,0,7,Datasets/TOBRFV-LMID/RGB/Pepper/II/Virus/V_2_RGB_0_7.tiff
train,Pepper\II\Virus,Virus,V_2,2,0,8,Datasets/TOBRFV-LMID/RGB/Pepper/II/Virus/V_2_RGB_0_8.tiff
train,Pepper\II\Virus,Virus,V_2,2,0,9,Datasets/TOBRFV-LMID/RGB/Pepper/II/Virus/V_2_RGB_0_9.tiff
train,Pepper\II\Virus,Virus,V_7,7,0,1,Datasets/TOBRFV-LMID/RGB/Pepper/II/Virus/V_7_RGB_0_1.tiff
train,Pepper\II\Virus,Virus,V_7,7,0,10,Datasets/TOBRFV-LMID/RGB/Pepper/II/Virus/V_7_RGB_0_10.tiff
train,Pepper\II\Virus,Virus,V_7,7,0,11,Datasets/TOBRFV-LMID/RGB/Pepper/II/Virus/V_7_RGB_0_11.tiff
train,Pepper\II\Virus,Virus,V_7,7,0,12,Datasets/TOBRFV-LMID/RGB/Pepper/II/Virus/V_7_RGB_0_12.tiff
train,Pepper\II\Virus,Virus,V_7,7,0,13,Datasets/TOBRFV-LMID/RGB/Pepper/II/Virus/V_7_RGB_0_13.tiff
train,Pepper\II\Virus,Virus,V_7,7,0,14,Datasets/TOBRFV-LMID/RGB/Pepper/II/Virus/V_7_RGB_0_14.tiff
train,Pepper\II\Virus,Virus,V_7,7,0,18,Datasets/TOBRFV-LMID/RGB/Pepper/II/Virus/V_7_RGB_0_18.tiff
train,Pepper\II\Virus,Virus,V_7,7,0,19,Datasets/TOBRFV-LMID/RGB/Pepper/II/Virus/V_7_RGB_0_19.tiff
train,Pepper\II\Virus,Virus,V_7,7,0,2,Datasets/TOBRFV-LMID/RGB/Pepper/II/Virus/V_7_RGB_0_2.tiff
train,Pepper\II\Virus,Virus,V_7,7,0,20,Datasets/TOBRFV-LMID/RGB/Pepper/II/Virus/V_7_RGB_0_20.tiff
train,Pepper\II\Virus,Virus,V_7,7,0,21,Datasets/TOBRFV-LMID/RGB/Pepper/II/Virus/V_7_RGB_0_21.tiff
train,Pepper\II\Virus,Virus,V_7,7,0,22,Datasets/TOBRFV-LMID/RGB/Pepper/II/Virus/V_7_RGB_0_22.tiff
train,Pepper\II\Virus,Virus,V_7,7,0,23,Datasets/TOBRFV-LMID/RGB/Pepper/II/Virus/V_7_RGB_0_23.tiff
train,Pepper\II\Virus,Virus,V_7,7,0,24,Datasets/TOBRFV-LMID/RGB/Pepper/II/Virus/V_7_RGB_0_24.tiff
train,Pepper\II\Virus,Virus,V_7,7,0,25,Datasets/TOBRFV-LMID/RGB/Pepper/II/Virus/V_7_RGB_0_25.tiff
train,Pepper\II\Virus,Virus,V_7,7,0,26,Datasets/TOBRFV-LMID/RGB/Pepper/II/Virus/V_7_RGB_0_26.tiff
train,Pepper\II\Virus,Virus,V_7,7,0,27,Datasets/TOBRFV-LMID/RGB/Pepper/II/Virus/V_7_RGB_0_27.tiff
train,Pepper\II\Virus,Virus,V_7,7,0,28,Datasets/TOBRFV-LMID/RGB/Pepper/II/Virus/V_7_RGB_0_28.tiff
train,Pepper\II\Virus,Virus,V_7,7,0,29,Datasets/TOBRFV-LMID/RGB/Pepper/II/Virus/V_7_RGB_0_29.tiff
train,Pepper\II\Virus,Virus,V_7,7,0,3,Datasets/TOBRFV-LMID/RGB/Pepper/II/Virus/V_7_RGB_0_3.tiff
train,Pepper\II\Virus,Virus,V_7,7,0,30,Datasets/TOBRFV-LMID/RGB/Pepper/II/Virus/V_7_RGB_0_30.tiff
train,Pepper\II\Virus,Virus,V_7,7,0,31,Datasets/TOBRFV-LMID/RGB/Pepper/II/Virus/V_7_RGB_0_31.tiff
train,Pepper\II\Virus,Virus,V_7,7,0,32,Datasets/TOBRFV-LMID/RGB/Pepper/II/Virus/V_7_RGB_0_32.tiff
train,Pepper\II\Virus,Virus,V_7,7,0,33,Datasets/TOBRFV-LMID/RGB/Pepper/II/Virus/V_7_RGB_0_33.tiff
train,Pepper\II\Virus,Virus,V_7,7,0,34,Datasets/TOBRFV-LMID/RGB/Pepper/II/Virus/V_7_RGB_0_34.tiff
train,Pepper\II\Virus,Virus,V_7,7,0,35,Datasets/TOBRFV-LMID/RGB/Pepper/II/Virus/V_7_RGB_0_35.tiff
train,Pepper\II\Virus,Virus,V_7,7,0,38,Datasets/TOBRFV-LMID/RGB/Pepper/II/Virus/V_7_RGB_0_38.tiff
train,Pepper\II\Virus,Virus,V_7,7,0,39,Datasets/TOBRFV-LMID/RGB/Pepper/II/Virus/V_7_RGB_0_39.tiff
train,Pepper\II\Virus,Virus,V_7,7,0,4,Datasets/TOBRFV-LMID/RGB/Pepper/II/Virus/V_7_RGB_0_4.tiff
train,Pepper\II\Virus,Virus,V_7,7,0,40,Datasets/TOBRFV-LMID/RGB/Pepper/II/Virus/V_7_RGB_0_40.tiff
train,Pepper\II\Virus,Virus,V_7,7,0,41,Datasets/TOBRFV-LMID/RGB/Pepper/II/Virus/V_7_RGB_0_41.tiff
train,Pepper\II\Virus,Virus,V_7,7,0,42,Datasets/TOBRFV-LMID/RGB/Pepper/II/Virus/V_7_RGB_0_42.tiff
train,Pepper\II\Virus,Virus,V_7,7,0,43,Datasets/TOBRFV-LMID/RGB/Pepper/II/Virus/V_7_RGB_0_43.tiff
train,Pepper\II\Virus,Virus,V_7,7,0,44,Datasets/TOBRFV-LMID/RGB/Pepper/II/Virus/V_7_RGB_0_44.tiff
train,Pepper\II\Virus,Virus,V_7,7,0,6,Datasets/TOBRFV-LMID/RGB/Pepper/II/Virus/V_7_RGB_0_6.tiff
train,Pepper\II\Virus,Virus,V_7,7,0,7,Datasets/TOBRFV-LMID/RGB/Pepper/II/Virus/V_7_RGB_0_7.tiff
train,Pepper\II\Virus,Virus,V_7,7,0,8,Datasets/TOBRFV-LMID/RGB/Pepper/II/Virus/V_7_RGB_0_8.tiff
train,Pepper\II\Virus,Virus,V_7,7,0,9,Datasets/TOBRFV-LMID/RGB/Pepper/II/Virus/V_7_RGB_0_9.tiff
train,Pepper\II\Virus,Virus,V_28,28,0,1,Datasets/TOBRFV-LMID/RGB/Pepper/II/Virus/V_28_RGB_0_1.tiff
train,Pepper\II\Virus,Virus,V_28,28,0,10,Datasets/TOBRFV-LMID/RGB/Pepper/II/Virus/V_28_RGB_0_10.tiff
train,Pepper\II\Virus,Virus,V_28,28,0,11,Datasets/TOBRFV-LMID/RGB/Pepper/II/Virus/V_28_RGB_0_11.tiff
train,Pepper\II\Virus,Virus,V_28,28,0,12,Datasets/TOBRFV-LMID/RGB/Pepper/II/Virus/V_28_RGB_0_12.tiff
train,Pepper\II\Virus,Virus,V_28,28,0,13,Datasets/TOBRFV-LMID/RGB/Pepper/II/Virus/V_28_RGB_0_13.tiff
train,Pepper\II\Virus,Virus,V_28,28,0,14,Datasets/TOBRFV-LMID/RGB/Pepper/II/Virus/V_28_RGB_0_14.tiff
train,Pepper\II\Virus,Virus,V_28,28,0,15,Datasets/TOBRFV-LMID/RGB/Pepper/II/Virus/V_28_RGB_0_15.tiff
train,Pepper\II\Virus,Virus,V_28,28,0,16,Datasets/TOBRFV-LMID/RGB/Pepper/II/Virus/V_28_RGB_0_16.tiff
train,Pepper\II\Virus,Virus,V_28,28,0,17,Datasets/TOBRFV-LMID/RGB/Pepper/II/Virus/V_28_RGB_0_17.tiff
train,Pepper\II\Virus,Virus,V_28,28,0,18,Datasets/TOBRFV-LMID/RGB/Pepper/II/Virus/V_28_RGB_0_18.tiff
train,Pepper\II\Virus,Virus,V_28,28,0,19,Datasets/TOBRFV-LMID/RGB/Pepper/II/Virus/V_28_RGB_0_19.tiff
train,Pepper\II\Virus,Virus,V_28,28,0,2,Datasets/TOBRFV-LMID/RGB/Pepper/II/Virus/V_28_RGB_0_2.tiff
train,Pepper\II\Virus,Virus,V_28,28,0,20,Datasets/TOBRFV-LMID/RGB/Pepper/II/Virus/V_28_RGB_0_20.tiff
train,Pepper\II\Virus,Virus,V_28,28,0,21,Datasets/TOBRFV-LMID/RGB/Pepper/II/Virus/V_28_RGB_0_21.tiff
train,Pepper\II\Virus,Virus,V_28,28,0,22,Datasets/TOBRFV-LMID/RGB/Pepper/II/Virus/V_28_RGB_0_22.tiff
train,Pepper\II\Virus,Virus,V_28,28,0,23,Datasets/TOBRFV-LMID/RGB/Pepper/II/Virus/V_28_RGB_0_23.tiff
train,Pepper\II\Virus,Virus,V_28,28,0,24,Datasets/TOBRFV-LMID/RGB/Pepper/II/Virus/V_28_RGB_0_24.tiff
train,Pepper\II\Virus,Virus,V_28,28,0,25,Datasets/TOBRFV-LMID/RGB/Pepper/II/Virus/V_28_RGB_0_25.tiff
train,Pepper\II\Virus,Virus,V_28,28,0,26,Datasets/TOBRFV-LMID/RGB/Pepper/II/Virus/V_28_RGB_0_26.tiff
train,Pepper\II\Virus,Virus,V_28,28,0,27,Datasets/TOBRFV-LMID/RGB/Pepper/II/Virus/V_28_RGB_0_27.tiff
train,Pepper\II\Virus,Virus,V_28,28,0,28,Datasets/TOBRFV-LMID/RGB/Pepper/II/Virus/V_28_RGB_0_28.tiff
train,Pepper\II\Virus,Virus,V_28,28,0,29,Datasets/TOBRFV-LMID/RGB/Pepper/II/Virus/V_28_RGB_0_29.tiff
train,Pepper\II\Virus,Virus,V_28,28,0,3,Datasets/TOBRFV-LMID/RGB/Pepper/II/Virus/V_28_RGB_0_3.tiff
train,Pepper\II\Virus,Virus,V_28,28,0,30,Datasets/TOBRFV-LMID/RGB/Pepper/II/Virus/V_28_RGB_0_30.tiff
train,Pepper\II\Virus,Virus,V_28,28,0,31,Datasets/TOBRFV-LMID/RGB/Pepper/II/Virus/V_28_RGB_0_31.tiff
train,Pepper\II\Virus,Virus,V_28,28,0,32,Datasets/TOBRFV-LMID/RGB/Pepper/II/Virus/V_28_RGB_0_32.tiff
train,Pepper\II\Virus,Virus,V_28,28,0,33,Datasets/TOBRFV-LMID/RGB/Pepper/II/Virus/V_28_RGB_0_33.tiff
train,Pepper\II\Virus,Virus,V_28,28,0,34,Datasets/TOBRFV-LMID/RGB/Pepper/II/Virus/V_28_RGB_0_34.tiff
train,Pepper\II\Virus,Virus,V_28,28,0,35,Datasets/TOBRFV-LMID/RGB/Pepper/II/Virus/V_28_RGB_0_35.tiff
train,Pepper\II\Virus,Virus,V_28,28,0,36,Datasets/TOBRFV-LMID/RGB/Pepper/II/Virus/V_28_RGB_0_36.tiff
train,Pepper\II\Virus,Virus,V_28,28,0,37,Datasets/TOBRFV-LMID/RGB/Pepper/II/Virus/V_28_RGB_0_37.tiff
train,Pepper\II\Virus,Virus,V_28,28,0,38,Datasets/TOBRFV-LMID/RGB/Pepper/II/Virus/V_28_RGB_0_38.tiff
train,Pepper\II\Virus,Virus,V_28,28,0,39,Datasets/TOBRFV-LMID/RGB/Pepper/II/Virus/V_28_RGB_0_39.tiff
train,Pepper\II\Virus,Virus,V_28,28,0,4,Datasets/TOBRFV-LMID/RGB/Pepper/II/Virus/V_28_RGB_0_4.tiff
train,Pepper\II\Virus,Virus,V_28,28,0,40,Datasets/TOBRFV-LMID/RGB/Pepper/II/Virus/V_28_RGB_0_40.tiff
train,Pepper\II\Virus,Virus,V_28,28,0,41,Datasets/TOBRFV-LMID/RGB/Pepper/II/Virus/V_28_RGB_0_41.tiff
train,Pepper\II\Virus,Virus,V_28,28,0,42,Datasets/TOBRFV-LMID/RGB/Pepper/II/Virus/V_28_RGB_0_42.tiff
train,Pepper\II\Virus,Virus,V_28,28,0,43,Datasets/TOBRFV-LMID/RGB/Pepper/II/Virus/V_28_RGB_0_43.tiff
train,Pepper\II\Virus,Virus,V_28,28,0,44,Datasets/TOBRFV-LMID/RGB/Pepper/II/Virus/V_28_RGB_0_44.tiff
train,Pepper\II\Virus,Virus,V_28,28,0,45,Datasets/TOBRFV-LMID/RGB/Pepper/II/Virus/V_28_RGB_0_45.tiff
train,Pepper\II\Virus,Virus,V_28,28,0,5,Datasets/TOBRFV-LMID/RGB/Pepper/II/Virus/V_28_RGB_0_5.tiff
train,Pepper\II\Virus,Virus,V_28,28,0,6,Datasets/TOBRFV-LMID/RGB/Pepper/II/Virus/V_28_RGB_0_6.tiff
train,Pepper\II\Virus,Virus,V_28,28,0,7,Datasets/TOBRFV-LMID/RGB/Pepper/II/Virus/V_28_RGB_0_7.tiff
train,Pepper\II\Virus,Virus,V_28,28,0,8,Datasets/TOBRFV-LMID/RGB/Pepper/II/Virus/V_28_RGB_0_8.tiff
train,Pepper\II\Virus,Virus,V_28,28,0,9,Datasets/TOBRFV-LMID/RGB/Pepper/II/Virus/V_28_RGB_0_9.tiff
train,Pepper\II\Virus,Virus,V_28,28,15,1,Datasets/TOBRFV-LMID/RGB/Pepper/II/Virus/V_28_RGB_15_1.tiff
train,Pepper\II\Virus,Virus,V_28,28,15,10,Datasets/TOBRFV-LMID/RGB/Pepper/II/Virus/V_28_RGB_15_10.tiff
train,Pepper\II\Virus,Virus,V_28,28,15,11,Datasets/TOBRFV-LMID/RGB/Pepper/II/Virus/V_28_RGB_15_11.tiff
train,Pepper\II\Virus,Virus,V_28,28,15,12,Datasets/TOBRFV-LMID/RGB/Pepper/II/Virus/V_28_RGB_15_12.tiff
train,Pepper\II\Virus,Virus,V_28,28,15,13,Datasets/TOBRFV-LMID/RGB/Pepper/II/Virus/V_28_RGB_15_13.tiff
train,Pepper\II\Virus,Virus,V_28,28,15,14,Datasets/TOBRFV-LMID/RGB/Pepper/II/Virus/V_28_RGB_15_14.tiff
train,Pepper\II\Virus,Virus,V_28,28,15,15,Datasets/TOBRFV-LMID/RGB/Pepper/II/Virus/V_28_RGB_15_15.tiff
train,Pepper\II\Virus,Virus,V_28,28,15,16,Datasets/TOBRFV-LMID/RGB/Pepper/II/Virus/V_28_RGB_15_16.tiff
train,Pepper\II\Virus,Virus,V_28,28,15,17,Datasets/TOBRFV-LMID/RGB/Pepper/II/Virus/V_28_RGB_15_17.tiff
train,Pepper\II\Virus,Virus,V_28,28,15,18,Datasets/TOBRFV-LMID/RGB/Pepper/II/Virus/V_28_RGB_15_18.tiff
train,Pepper\II\Virus,Virus,V_28,28,15,19,Datasets/TOBRFV-LMID/RGB/Pepper/II/Virus/V_28_RGB_15_19.tiff
train,Pepper\II\Virus,Virus,V_28,28,15,2,Datasets/TOBRFV-LMID/RGB/Pepper/II/Virus/V_28_RGB_15_2.tiff
train,Pepper\II\Virus,Virus,V_28,28,15,20,Datasets/TOBRFV-LMID/RGB/Pepper/II/Virus/V_28_RGB_15_20.tiff
train,Pepper\II\Virus,Virus,V_28,28,15,21,Datasets/TOBRFV-LMID/RGB/Pepper/II/Virus/V_28_RGB_15_21.tiff
train,Pepper\II\Virus,Virus,V_28,28,15,22,Datasets/TOBRFV-LMID/RGB/Pepper/II/Virus/V_28_RGB_15_22.tiff
train,Pepper\II\Virus,Virus,V_28,28,15,23,Datasets/TOBRFV-LMID/RGB/Pepper/II/Virus/V_28_RGB_15_23.tiff
train,Pepper\II\Virus,Virus,V_28,28,15,25,Datasets/TOBRFV-LMID/RGB/Pepper/II/Virus/V_28_RGB_15_25.tiff
train,Pepper\II\Virus,Virus,V_28,28,15,26,Datasets/TOBRFV-LMID/RGB/Pepper/II/Virus/V_28_RGB_15_26.tiff
train,Pepper\II\Virus,Virus,V_28,28,15,27,Datasets/TOBRFV-LMID/RGB/Pepper/II/Virus/V_28_RGB_15_27.tiff
train,Pepper\II\Virus,Virus,V_28,28,15,28,Datasets/TOBRFV-LMID/RGB/Pepper/II/Virus/V_28_RGB_15_28.tiff
train,Pepper\II\Virus,Virus,V_28,28,15,29,Datasets/TOBRFV-LMID/RGB/Pepper/II/Virus/V_28_RGB_15_29.tiff
train,Pepper\II\Virus,Virus,V_28,28,15,3,Datasets/TOBRFV-LMID/RGB/Pepper/II/Virus/V_28_RGB_15_3.tiff
train,Pepper\II\Virus,Virus,V_28,28,15,30,Datasets/TOBRFV-LMID/RGB/Pepper/II/Virus/V_28_RGB_15_30.tiff
train,Pepper\II\Virus,Virus,V_28,28,15,31,Datasets/TOBRFV-LMID/RGB/Pepper/II/Virus/V_28_RGB_15_31.tiff
train,Pepper\II\Virus,Virus,V_28,28,15,32,Datasets/TOBRFV-LMID/RGB/Pepper/II/Virus/V_28_RGB_15_32.tiff
train,Pepper\II\Virus,Virus,V_28,28,15,33,Datasets/TOBRFV-LMID/RGB/Pepper/II/Virus/V_28_RGB_15_33.tiff
train,Pepper\II\Virus,Virus,V_28,28,15,34,Datasets/TOBRFV-LMID/RGB/Pepper/II/Virus/V_28_RGB_15_34.tiff
train,Pepper\II\Virus,Virus,V_28,28,15,35,Datasets/TOBRFV-LMID/RGB/Pepper/II/Virus/V_28_RGB_15_35.tiff
train,Pepper\II\Virus,Virus,V_28,28,15,36,Datasets/TOBRFV-LMID/RGB/Pepper/II/Virus/V_28_RGB_15_36.tiff
train,Pepper\II\Virus,Virus,V_28,28,15,37,Datasets/TOBRFV-LMID/RGB/Pepper/II/Virus/V_28_RGB_15_37.tiff
train,Pepper\II\Virus,Virus,V_28,28,15,38,Datasets/TOBRFV-LMID/RGB/Pepper/II/Virus/V_28_RGB_15_38.tiff
train,Pepper\II\Virus,Virus,V_28,28,15,39,Datasets/TOBRFV-LMID/RGB/Pepper/II/Virus/V_28_RGB_15_39.tiff
train,Pepper\II\Virus,Virus,V_28,28,15,4,Datasets/TOBRFV-LMID/RGB/Pepper/II/Virus/V_28_RGB_15_4.tiff
train,Pepper\II\Virus,Virus,V_28,28,15,40,Datasets/TOBRFV-LMID/RGB/Pepper/II/Virus/V_28_RGB_15_40.tiff
train,Pepper\II\Virus,Virus,V_28,28,15,41,Datasets/TOBRFV-LMID/RGB/Pepper/II/Virus/V_28_RGB_15_41.tiff
train,Pepper\II\Virus,Virus,V_28,28,15,42,Datasets/TOBRFV-LMID/RGB/Pepper/II/Virus/V_28_RGB_15_42.tiff
train,Pepper\II\Virus,Virus,V_28,28,15,43,Datasets/TOBRFV-LMID/RGB/Pepper/II/Virus/V_28_RGB_15_43.tiff
train,Pepper\II\Virus,Virus,V_28,28,15,44,Datasets/TOBRFV-LMID/RGB/Pepper/II/Virus/V_28_RGB_15_44.tiff
train,Pepper\II\Virus,Virus,V_28,28,15,45,Datasets/TOBRFV-LMID/RGB/Pepper/II/Virus/V_28_RGB_15_45.tiff
train,Pepper\II\Virus,Virus,V_28,28,15,5,Datasets/TOBRFV-LMID/RGB/Pepper/II/Virus/V_28_RGB_15_5.tiff
train,Pepper\II\Virus,Virus,V_28,28,15,6,Datasets/TOBRFV-LMID/RGB/Pepper/II/Virus/V_28_RGB_15_6.tiff
train,Pepper\II\Virus,Virus,V_28,28,15,7,Datasets/TOBRFV-LMID/RGB/Pepper/II/Virus/V_28_RGB_15_7.tiff
train,Pepper\II\Virus,Virus,V_28,28,15,8,Datasets/TOBRFV-LMID/RGB/Pepper/II/Virus/V_28_RGB_15_8.tiff
train,Pepper\II\Virus,Virus,V_28,28,15,9,Datasets/TOBRFV-LMID/RGB/Pepper/II/Virus/V_28_RGB_15_9.tiff
train,Pepper\II\Virus,Virus,V_14,14,0,1,Datasets/TOBRFV-LMID/RGB/Pepper/II/Virus/V_14_RGB_0_1.tiff
train,Pepper\II\Virus,Virus,V_14,14,0,10,Datasets/TOBRFV-LMID/RGB/Pepper/II/Virus/V_14_RGB_0_10.tiff
train,Pepper\II\Virus,Virus,V_14,14,0,11,Datasets/TOBRFV-LMID/RGB/Pepper/II/Virus/V_14_RGB_0_11.tiff
train,Pepper\II\Virus,Virus,V_14,14,0,12,Datasets/TOBRFV-LMID/RGB/Pepper/II/Virus/V_14_RGB_0_12.tiff
train,Pepper\II\Virus,Virus,V_14,14,0,13,Datasets/TOBRFV-LMID/RGB/Pepper/II/Virus/V_14_RGB_0_13.tiff
train,Pepper\II\Virus,Virus,V_14,14,0,14,Datasets/TOBRFV-LMID/RGB/Pepper/II/Virus/V_14_RGB_0_14.tiff
train,Pepper\II\Virus,Virus,V_14,14,0,15,Datasets/TOBRFV-LMID/RGB/Pepper/II/Virus/V_14_RGB_0_15.tiff
train,Pepper\II\Virus,Virus,V_14,14,0,16,Datasets/TOBRFV-LMID/RGB/Pepper/II/Virus/V_14_RGB_0_16.tiff
train,Pepper\II\Virus,Virus,V_14,14,0,17,Datasets/TOBRFV-LMID/RGB/Pepper/II/Virus/V_14_RGB_0_17.tiff
train,Pepper\II\Virus,Virus,V_14,14,0,18,Datasets/TOBRFV-LMID/RGB/Pepper/II/Virus/V_14_RGB_0_18.tiff
train,Pepper\II\Virus,Virus,V_14,14,0,19,Datasets/TOBRFV-LMID/RGB/Pepper/II/Virus/V_14_RGB_0_19.tiff
train,Pepper\II\Virus,Virus,V_14,14,0,2,Datasets/TOBRFV-LMID/RGB/Pepper/II/Virus/V_14_RGB_0_2.tiff
train,Pepper\II\Virus,Virus,V_14,14,0,20,Datasets/TOBRFV-LMID/RGB/Pepper/II/Virus/V_14_RGB_0_20.tiff
train,Pepper\II\Virus,Virus,V_14,14,0,21,Datasets/TOBRFV-LMID/RGB/Pepper/II/Virus/V_14_RGB_0_21.tiff
train,Pepper\II\Virus,Virus,V_14,14,0,22,Datasets/TOBRFV-LMID/RGB/Pepper/II/Virus/V_14_RGB_0_22.tiff
train,Pepper\II\Virus,Virus,V_14,14,0,23,Datasets/TOBRFV-LMID/RGB/Pepper/II/Virus/V_14_RGB_0_23.tiff
train,Pepper\II\Virus,Virus,V_14,14,0,24,Datasets/TOBRFV-LMID/RGB/Pepper/II/Virus/V_14_RGB_0_24.tiff
train,Pepper\II\Virus,Virus,V_14,14,0,25,Datasets/TOBRFV-LMID/RGB/Pepper/II/Virus/V_14_RGB_0_25.tiff
train,Pepper\II\Virus,Virus,V_14,14,0,26,Datasets/TOBRFV-LMID/RGB/Pepper/II/Virus/V_14_RGB_0_26.tiff
train,Pepper\II\Virus,Virus,V_14,14,0,27,Datasets/TOBRFV-LMID/RGB/Pepper/II/Virus/V_14_RGB_0_27.tiff
train,Pepper\II\Virus,Virus,V_14,14,0,28,Datasets/TOBRFV-LMID/RGB/Pepper/II/Virus/V_14_RGB_0_28.tiff
train,Pepper\II\Virus,Virus,V_14,14,0,3,Datasets/TOBRFV-LMID/RGB/Pepper/II/Virus/V_14_RGB_0_3.tiff
train,Pepper\II\Virus,Virus,V_14,14,0,30,Datasets/TOBRFV-LMID/RGB/Pepper/II/Virus/V_14_RGB_0_30.tiff
train,Pepper\II\Virus,Virus,V_14,14,0,31,Datasets/TOBRFV-LMID/RGB/Pepper/II/Virus/V_14_RGB_0_31.tiff
train,Pepper\II\Virus,Virus,V_14,14,0,32,Datasets/TOBRFV-LMID/RGB/Pepper/II/Virus/V_14_RGB_0_32.tiff
train,Pepper\II\Virus,Virus,V_14,14,0,33,Datasets/TOBRFV-LMID/RGB/Pepper/II/Virus/V_14_RGB_0_33.tiff
train,Pepper\II\Virus,Virus,V_14,14,0,34,Datasets/TOBRFV-LMID/RGB/Pepper/II/Virus/V_14_RGB_0_34.tiff
train,Pepper\II\Virus,Virus,V_14,14,0,35,Datasets/TOBRFV-LMID/RGB/Pepper/II/Virus/V_14_RGB_0_35.tiff
train,Pepper\II\Virus,Virus,V_14,14,0,36,Datasets/TOBRFV-LMID/RGB/Pepper/II/Virus/V_14_RGB_0_36.tiff
train,Pepper\II\Virus,Virus,V_14,14,0,37,Datasets/TOBRFV-LMID/RGB/Pepper/II/Virus/V_14_RGB_0_37.tiff
train,Pepper\II\Virus,Virus,V_14,14,0,38,Datasets/TOBRFV-LMID/RGB/Pepper/II/Virus/V_14_RGB_0_38.tiff
train,Pepper\II\Virus,Virus,V_14,14,0,39,Datasets/TOBRFV-LMID/RGB/Pepper/II/Virus/V_14_RGB_0_39.tiff
train,Pepper\II\Virus,Virus,V_14,14,0,4,Datasets/TOBRFV-LMID/RGB/Pepper/II/Virus/V_14_RGB_0_4.tiff
train,Pepper\II\Virus,Virus,V_14,14,0,40,Datasets/TOBRFV-LMID/RGB/Pepper/II/Virus/V_14_RGB_0_40.tiff
train,Pepper\II\Virus,Virus,V_14,14,0,41,Datasets/TOBRFV-LMID/RGB/Pepper/II/Virus/V_14_RGB_0_41.tiff
train,Pepper\II\Virus,Virus,V_14,14,0,42,Datasets/TOBRFV-LMID/RGB/Pepper/II/Virus/V_14_RGB_0_42.tiff
train,Pepper\II\Virus,Virus,V_14,14,0,43,Datasets/TOBRFV-LMID/RGB/Pepper/II/Virus/V_14_RGB_0_43.tiff
train,Pepper\II\Virus,Virus,V_14,14,0,44,Datasets/TOBRFV-LMID/RGB/Pepper/II/Virus/V_14_RGB_0_44.tiff
train,Pepper\II\Virus,Virus,V_14,14,0,45,Datasets/TOBRFV-LMID/RGB/Pepper/II/Virus/V_14_RGB_0_45.tiff
train,Pepper\II\Virus,Virus,V_14,14,0,5,Datasets/TOBRFV-LMID/RGB/Pepper/II/Virus/V_14_RGB_0_5.tiff
train,Pepper\II\Virus,Virus,V_14,14,0,6,Datasets/TOBRFV-LMID/RGB/Pepper/II/Virus/V_14_RGB_0_6.tiff
train,Pepper\II\Virus,Virus,V_14,14,0,7,Datasets/TOBRFV-LMID/RGB/Pepper/II/Virus/V_14_RGB_0_7.tiff
train,Pepper\II\Virus,Virus,V_14,14,0,8,Datasets/TOBRFV-LMID/RGB/Pepper/II/Virus/V_14_RGB_0_8.tiff
train,Pepper\II\Virus,Virus,V_14,14,0,9,Datasets/TOBRFV-LMID/RGB/Pepper/II/Virus/V_14_RGB_0_9.tiff
train,Pepper\II\Virus,Virus,V_14,14,5,1,Datasets/TOBRFV-LMID/RGB/Pepper/II/Virus/V_14_RGB_5_1.tiff
train,Pepper\II\Virus,Virus,V_14,14,5,10,Datasets/TOBRFV-LMID/RGB/Pepper/II/Virus/V_14_RGB_5_10.tiff
train,Pepper\II\Virus,Virus,V_14,14,5,12,Datasets/TOBRFV-LMID/RGB/Pepper/II/Virus/V_14_RGB_5_12.tiff
train,Pepper\II\Virus,Virus,V_14,14,5,13,Datasets/TOBRFV-LMID/RGB/Pepper/II/Virus/V_14_RGB_5_13.tiff
train,Pepper\II\Virus,Virus,V_14,14,5,14,Datasets/TOBRFV-LMID/RGB/Pepper/II/Virus/V_14_RGB_5_14.tiff
train,Pepper\II\Virus,Virus,V_14,14,5,15,Datasets/TOBRFV-LMID/RGB/Pepper/II/Virus/V_14_RGB_5_15.tiff
train,Pepper\II\Virus,Virus,V_14,14,5,16,Datasets/TOBRFV-LMID/RGB/Pepper/II/Virus/V_14_RGB_5_16.tiff
train,Pepper\II\Virus,Virus,V_14,14,5,17,Datasets/TOBRFV-LMID/RGB/Pepper/II/Virus/V_14_RGB_5_17.tiff
train,Pepper\II\Virus,Virus,V_14,14,5,18,Datasets/TOBRFV-LMID/RGB/Pepper/II/Virus/V_14_RGB_5_18.tiff
train,Pepper\II\Virus,Virus,V_14,14,5,19,Datasets/TOBRFV-LMID/RGB/Pepper/II/Virus/V_14_RGB_5_19.tiff
train,Pepper\II\Virus,Virus,V_14,14,5,2,Datasets/TOBRFV-LMID/RGB/Pepper/II/Virus/V_14_RGB_5_2.tiff
train,Pepper\II\Virus,Virus,V_14,14,5,20,Datasets/TOBRFV-LMID/RGB/Pepper/II/Virus/V_14_RGB_5_20.tiff
train,Pepper\II\Virus,Virus,V_14,14,5,21,Datasets/TOBRFV-LMID/RGB/Pepper/II/Virus/V_14_RGB_5_21.tiff
train,Pepper\II\Virus,Virus,V_14,14,5,22,Datasets/TOBRFV-LMID/RGB/Pepper/II/Virus/V_14_RGB_5_22.tiff
train,Pepper\II\Virus,Virus,V_14,14,5,23,Datasets/TOBRFV-LMID/RGB/Pepper/II/Virus/V_14_RGB_5_23.tiff
train,Pepper\II\Virus,Virus,V_14,14,5,24,Datasets/TOBRFV-LMID/RGB/Pepper/II/Virus/V_14_RGB_5_24.tiff
train,Pepper\II\Virus,Virus,V_14,14,5,25,Datasets/TOBRFV-LMID/RGB/Pepper/II/Virus/V_14_RGB_5_25.tiff
train,Pepper\II\Virus,Virus,V_14,14,5,26,Datasets/TOBRFV-LMID/RGB/Pepper/II/Virus/V_14_RGB_5_26.tiff
train,Pepper\II\Virus,Virus,V_14,14,5,27,Datasets/TOBRFV-LMID/RGB/Pepper/II/Virus/V_14_RGB_5_27.tiff
train,Pepper\II\Virus,Virus,V_14,14,5,28,Datasets/TOBRFV-LMID/RGB/Pepper/II/Virus/V_14_RGB_5_28.tiff
train,Pepper\II\Virus,Virus,V_14,14,5,29,Datasets/TOBRFV-LMID/RGB/Pepper/II/Virus/V_14_RGB_5_29.tiff
train,Pepper\II\Virus,Virus,V_14,14,5,3,Datasets/TOBRFV-LMID/RGB/Pepper/II/Virus/V_14_RGB_5_3.tiff
train,Pepper\II\Virus,Virus,V_14,14,5,30,Datasets/TOBRFV-LMID/RGB/Pepper/II/Virus/V_14_RGB_5_30.tiff
train,Pepper\II\Virus,Virus,V_14,14,5,31,Datasets/TOBRFV-LMID/RGB/Pepper/II/Virus/V_14_RGB_5_31.tiff
train,Pepper\II\Virus,Virus,V_14,14,5,32,Datasets/TOBRFV-LMID/RGB/Pepper/II/Virus/V_14_RGB_5_32.tiff
train,Pepper\II\Virus,Virus,V_14,14,5,34,Datasets/TOBRFV-LMID/RGB/Pepper/II/Virus/V_14_RGB_5_34.tiff
train,Pepper\II\Virus,Virus,V_14,14,5,36,Datasets/TOBRFV-LMID/RGB/Pepper/II/Virus/V_14_RGB_5_36.tiff
train,Pepper\II\Virus,Virus,V_14,14,5,39,Datasets/TOBRFV-LMID/RGB/Pepper/II/Virus/V_14_RGB_5_39.tiff
train,Pepper\II\Virus,Virus,V_14,14,5,4,Datasets/TOBRFV-LMID/RGB/Pepper/II/Virus/V_14_RGB_5_4.tiff
train,Pepper\II\Virus,Virus,V_14,14,5,41,Datasets/TOBRFV-LMID/RGB/Pepper/II/Virus/V_14_RGB_5_41.tiff
train,Pepper\II\Virus,Virus,V_14,14,5,5,Datasets/TOBRFV-LMID/RGB/Pepper/II/Virus/V_14_RGB_5_5.tiff
train,Pepper\II\Virus,Virus,V_14,14,5,7,Datasets/TOBRFV-LMID/RGB/Pepper/II/Virus/V_14_RGB_5_7.tiff
train,Pepper\II\Virus,Virus,V_14,14,5,8,Datasets/TOBRFV-LMID/RGB/Pepper/II/Virus/V_14_RGB_5_8.tiff
train,Pepper\II\Virus,Virus,V_19,19,0,1,Datasets/TOBRFV-LMID/RGB/Pepper/II/Virus/V_19_RGB_0_1.tiff
train,Pepper\II\Virus,Virus,V_19,19,0,10,Datasets/TOBRFV-LMID/RGB/Pepper/II/Virus/V_19_RGB_0_10.tiff
train,Pepper\II\Virus,Virus,V_19,19,0,11,Datasets/TOBRFV-LMID/RGB/Pepper/II/Virus/V_19_RGB_0_11.tiff
train,Pepper\II\Virus,Virus,V_19,19,0,12,Datasets/TOBRFV-LMID/RGB/Pepper/II/Virus/V_19_RGB_0_12.tiff
train,Pepper\II\Virus,Virus,V_19,19,0,13,Datasets/TOBRFV-LMID/RGB/Pepper/II/Virus/V_19_RGB_0_13.tiff
train,Pepper\II\Virus,Virus,V_19,19,0,14,Datasets/TOBRFV-LMID/RGB/Pepper/II/Virus/V_19_RGB_0_14.tiff
train,Pepper\II\Virus,Virus,V_19,19,0,15,Datasets/TOBRFV-LMID/RGB/Pepper/II/Virus/V_19_RGB_0_15.tiff
train,Pepper\II\Virus,Virus,V_19,19,0,16,Datasets/TOBRFV-LMID/RGB/Pepper/II/Virus/V_19_RGB_0_16.tiff
train,Pepper\II\Virus,Virus,V_19,19,0,17,Datasets/TOBRFV-LMID/RGB/Pepper/II/Virus/V_19_RGB_0_17.tiff
train,Pepper\II\Virus,Virus,V_19,19,0,18,Datasets/TOBRFV-LMID/RGB/Pepper/II/Virus/V_19_RGB_0_18.tiff
train,Pepper\II\Virus,Virus,V_19,19,0,19,Datasets/TOBRFV-LMID/RGB/Pepper/II/Virus/V_19_RGB_0_19.tiff
train,Pepper\II\Virus,Virus,V_19,19,0,2,Datasets/TOBRFV-LMID/RGB/Pepper/II/Virus/V_19_RGB_0_2.tiff
train,Pepper\II\Virus,Virus,V_19,19,0,20,Datasets/TOBRFV-LMID/RGB/Pepper/II/Virus/V_19_RGB_0_20.tiff
train,Pepper\II\Virus,Virus,V_19,19,0,21,Datasets/TOBRFV-LMID/RGB/Pepper/II/Virus/V_19_RGB_0_21.tiff
train,Pepper\II\Virus,Virus,V_19,19,0,22,Datasets/TOBRFV-LMID/RGB/Pepper/II/Virus/V_19_RGB_0_22.tiff
train,Pepper\II\Virus,Virus,V_19,19,0,23,Datasets/TOBRFV-LMID/RGB/Pepper/II/Virus/V_19_RGB_0_23.tiff
train,Pepper\II\Virus,Virus,V_19,19,0,24,Datasets/TOBRFV-LMID/RGB/Pepper/II/Virus/V_19_RGB_0_24.tiff
train,Pepper\II\Virus,Virus,V_19,19,0,25,Datasets/TOBRFV-LMID/RGB/Pepper/II/Virus/V_19_RGB_0_25.tiff
train,Pepper\II\Virus,Virus,V_19,19,0,26,Datasets/TOBRFV-LMID/RGB/Pepper/II/Virus/V_19_RGB_0_26.tiff
train,Pepper\II\Virus,Virus,V_19,19,0,27,Datasets/TOBRFV-LMID/RGB/Pepper/II/Virus/V_19_RGB_0_27.tiff
train,Pepper\II\Virus,Virus,V_19,19,0,28,Datasets/TOBRFV-LMID/RGB/Pepper/II/Virus/V_19_RGB_0_28.tiff
train,Pepper\II\Virus,Virus,V_19,19,0,29,Datasets/TOBRFV-LMID/RGB/Pepper/II/Virus/V_19_RGB_0_29.tiff
train,Pepper\II\Virus,Virus,V_19,19,0,3,Datasets/TOBRFV-LMID/RGB/Pepper/II/Virus/V_19_RGB_0_3.tiff
train,Pepper\II\Virus,Virus,V_19,19,0,30,Datasets/TOBRFV-LMID/RGB/Pepper/II/Virus/V_19_RGB_0_30.tiff
train,Pepper\II\Virus,Virus,V_19,19,0,31,Datasets/TOBRFV-LMID/RGB/Pepper/II/Virus/V_19_RGB_0_31.tiff
train,Pepper\II\Virus,Virus,V_19,19,0,32,Datasets/TOBRFV-LMID/RGB/Pepper/II/Virus/V_19_RGB_0_32.tiff
train,Pepper\II\Virus,Virus,V_19,19,0,33,Datasets/TOBRFV-LMID/RGB/Pepper/II/Virus/V_19_RGB_0_33.tiff
train,Pepper\II\Virus,Virus,V_19,19,0,34,Datasets/TOBRFV-LMID/RGB/Pepper/II/Virus/V_19_RGB_0_34.tiff
train,Pepper\II\Virus,Virus,V_19,19,0,35,Datasets/TOBRFV-LMID/RGB/Pepper/II/Virus/V_19_RGB_0_35.tiff
train,Pepper\II\Virus,Virus,V_19,19,0,36,Datasets/TOBRFV-LMID/RGB/Pepper/II/Virus/V_19_RGB_0_36.tiff
train,Pepper\II\Virus,Virus,V_19,19,0,37,Datasets/TOBRFV-LMID/RGB/Pepper/II/Virus/V_19_RGB_0_37.tiff
train,Pepper\II\Virus,Virus,V_19,19,0,38,Datasets/TOBRFV-LMID/RGB/Pepper/II/Virus/V_19_RGB_0_38.tiff
train,Pepper\II\Virus,Virus,V_19,19,0,39,Datasets/TOBRFV-LMID/RGB/Pepper/II/Virus/V_19_RGB_0_39.tiff
train,Pepper\II\Virus,Virus,V_19,19,0,4,Datasets/TOBRFV-LMID/RGB/Pepper/II/Virus/V_19_RGB_0_4.tiff
train,Pepper\II\Virus,Virus,V_19,19,0,40,Datasets/TOBRFV-LMID/RGB/Pepper/II/Virus/V_19_RGB_0_40.tiff
train,Pepper\II\Virus,Virus,V_19,19,0,41,Datasets/TOBRFV-LMID/RGB/Pepper/II/Virus/V_19_RGB_0_41.tiff
train,Pepper\II\Virus,Virus,V_19,19,0,42,Datasets/TOBRFV-LMID/RGB/Pepper/II/Virus/V_19_RGB_0_42.tiff
train,Pepper\II\Virus,Virus,V_19,19,0,43,Datasets/TOBRFV-LMID/RGB/Pepper/II/Virus/V_19_RGB_0_43.tiff
train,Pepper\II\Virus,Virus,V_19,19,0,44,Datasets/TOBRFV-LMID/RGB/Pepper/II/Virus/V_19_RGB_0_44.tiff
train,Pepper\II\Virus,Virus,V_19,19,0,45,Datasets/TOBRFV-LMID/RGB/Pepper/II/Virus/V_19_RGB_0_45.tiff
train,Pepper\II\Virus,Virus,V_19,19,0,5,Datasets/TOBRFV-LMID/RGB/Pepper/II/Virus/V_19_RGB_0_5.tiff
train,Pepper\II\Virus,Virus,V_19,19,0,6,Datasets/TOBRFV-LMID/RGB/Pepper/II/Virus/V_19_RGB_0_6.tiff
train,Pepper\II\Virus,Virus,V_19,19,0,7,Datasets/TOBRFV-LMID/RGB/Pepper/II/Virus/V_19_RGB_0_7.tiff
train,Pepper\II\Virus,Virus,V_19,19,0,8,Datasets/TOBRFV-LMID/RGB/Pepper/II/Virus/V_19_RGB_0_8.tiff
train,Pepper\II\Virus,Virus,V_19,19,0,9,Datasets/TOBRFV-LMID/RGB/Pepper/II/Virus/V_19_RGB_0_9.tiff
train,Pepper\II\Virus,Virus,V_4,4,0,1,Datasets/TOBRFV-LMID/RGB/Pepper/II/Virus/V_4_RGB_0_1.tiff
train,Pepper\II\Virus,Virus,V_4,4,0,10,Datasets/TOBRFV-LMID/RGB/Pepper/II/Virus/V_4_RGB_0_10.tiff
train,Pepper\II\Virus,Virus,V_4,4,0,11,Datasets/TOBRFV-LMID/RGB/Pepper/II/Virus/V_4_RGB_0_11.tiff
train,Pepper\II\Virus,Virus,V_4,4,0,12,Datasets/TOBRFV-LMID/RGB/Pepper/II/Virus/V_4_RGB_0_12.tiff
train,Pepper\II\Virus,Virus,V_4,4,0,13,Datasets/TOBRFV-LMID/RGB/Pepper/II/Virus/V_4_RGB_0_13.tiff
train,Pepper\II\Virus,Virus,V_4,4,0,14,Datasets/TOBRFV-LMID/RGB/Pepper/II/Virus/V_4_RGB_0_14.tiff
train,Pepper\II\Virus,Virus,V_4,4,0,15,Datasets/TOBRFV-LMID/RGB/Pepper/II/Virus/V_4_RGB_0_15.tiff
train,Pepper\II\Virus,Virus,V_4,4,0,16,Datasets/TOBRFV-LMID/RGB/Pepper/II/Virus/V_4_RGB_0_16.tiff
train,Pepper\II\Virus,Virus,V_4,4,0,17,Datasets/TOBRFV-LMID/RGB/Pepper/II/Virus/V_4_RGB_0_17.tiff
train,Pepper\II\Virus,Virus,V_4,4,0,18,Datasets/TOBRFV-LMID/RGB/Pepper/II/Virus/V_4_RGB_0_18.tiff
train,Pepper\II\Virus,Virus,V_4,4,0,19,Datasets/TOBRFV-LMID/RGB/Pepper/II/Virus/V_4_RGB_0_19.tiff
train,Pepper\II\Virus,Virus,V_4,4,0,2,Datasets/TOBRFV-LMID/RGB/Pepper/II/Virus/V_4_RGB_0_2.tiff
train,Pepper\II\Virus,Virus,V_4,4,0,20,Datasets/TOBRFV-LMID/RGB/Pepper/II/Virus/V_4_RGB_0_20.tiff
train,Pepper\II\Virus,Virus,V_4,4,0,21,Datasets/TOBRFV-LMID/RGB/Pepper/II/Virus/V_4_RGB_0_21.tiff
train,Pepper\II\Virus,Virus,V_4,4,0,22,Datasets/TOBRFV-LMID/RGB/Pepper/II/Virus/V_4_RGB_0_22.tiff
train,Pepper\II\Virus,Virus,V_4,4,0,23,Datasets/TOBRFV-LMID/RGB/Pepper/II/Virus/V_4_RGB_0_23.tiff
train,Pepper\II\Virus,Virus,V_4,4,0,24,Datasets/TOBRFV-LMID/RGB/Pepper/II/Virus/V_4_RGB_0_24.tiff
train,Pepper\II\Virus,Virus,V_4,4,0,25,Datasets/TOBRFV-LMID/RGB/Pepper/II/Virus/V_4_RGB_0_25.tiff
train,Pepper\II\Virus,Virus,V_4,4,0,26,Datasets/TOBRFV-LMID/RGB/Pepper/II/Virus/V_4_RGB_0_26.tiff
train,Pepper\II\Virus,Virus,V_4,4,0,27,Datasets/TOBRFV-LMID/RGB/Pepper/II/Virus/V_4_RGB_0_27.tiff
train,Pepper\II\Virus,Virus,V_4,4,0,28,Datasets/TOBRFV-LMID/RGB/Pepper/II/Virus/V_4_RGB_0_28.tiff
train,Pepper\II\Virus,Virus,V_4,4,0,29,Datasets/TOBRFV-LMID/RGB/Pepper/II/Virus/V_4_RGB_0_29.tiff
train,Pepper\II\Virus,Virus,V_4,4,0,3,Datasets/TOBRFV-LMID/RGB/Pepper/II/Virus/V_4_RGB_0_3.tiff
train,Pepper\II\Virus,Virus,V_4,4,0,30,Datasets/TOBRFV-LMID/RGB/Pepper/II/Virus/V_4_RGB_0_30.tiff
train,Pepper\II\Virus,Virus,V_4,4,0,31,Datasets/TOBRFV-LMID/RGB/Pepper/II/Virus/V_4_RGB_0_31.tiff
train,Pepper\II\Virus,Virus,V_4,4,0,32,Datasets/TOBRFV-LMID/RGB/Pepper/II/Virus/V_4_RGB_0_32.tiff
train,Pepper\II\Virus,Virus,V_4,4,0,33,Datasets/TOBRFV-LMID/RGB/Pepper/II/Virus/V_4_RGB_0_33.tiff
train,Pepper\II\Virus,Virus,V_4,4,0,34,Datasets/TOBRFV-LMID/RGB/Pepper/II/Virus/V_4_RGB_0_34.tiff
train,Pepper\II\Virus,Virus,V_4,4,0,35,Datasets/TOBRFV-LMID/RGB/Pepper/II/Virus/V_4_RGB_0_35.tiff
train,Pepper\II\Virus,Virus,V_4,4,0,36,Datasets/TOBRFV-LMID/RGB/Pepper/II/Virus/V_4_RGB_0_36.tiff
train,Pepper\II\Virus,Virus,V_4,4,0,37,Datasets/TOBRFV-LMID/RGB/Pepper/II/Virus/V_4_RGB_0_37.tiff
train,Pepper\II\Virus,Virus,V_4,4,0,38,Datasets/TOBRFV-LMID/RGB/Pepper/II/Virus/V_4_RGB_0_38.tiff
train,Pepper\II\Virus,Virus,V_4,4,0,39,Datasets/TOBRFV-LMID/RGB/Pepper/II/Virus/V_4_RGB_0_39.tiff
train,Pepper\II\Virus,Virus,V_4,4,0,4,Datasets/TOBRFV-LMID/RGB/Pepper/II/Virus/V_4_RGB_0_4.tiff
train,Pepper\II\Virus,Virus,V_4,4,0,40,Datasets/TOBRFV-LMID/RGB/Pepper/II/Virus/V_4_RGB_0_40.tiff
train,Pepper\II\Virus,Virus,V_4,4,0,41,Datasets/TOBRFV-LMID/RGB/Pepper/II/Virus/V_4_RGB_0_41.tiff
train,Pepper\II\Virus,Virus,V_4,4,0,42,Datasets/TOBRFV-LMID/RGB/Pepper/II/Virus/V_4_RGB_0_42.tiff
train,Pepper\II\Virus,Virus,V_4,4,0,43,Datasets/TOBRFV-LMID/RGB/Pepper/II/Virus/V_4_RGB_0_43.tiff
train,Pepper\II\Virus,Virus,V_4,4,0,44,Datasets/TOBRFV-LMID/RGB/Pepper/II/Virus/V_4_RGB_0_44.tiff
train,Pepper\II\Virus,Virus,V_4,4,0,45,Datasets/TOBRFV-LMID/RGB/Pepper/II/Virus/V_4_RGB_0_45.tiff
train,Pepper\II\Virus,Virus,V_4,4,0,5,Datasets/TOBRFV-LMID/RGB/Pepper/II/Virus/V_4_RGB_0_5.tiff
train,Pepper\II\Virus,Virus,V_4,4,0,6,Datasets/TOBRFV-LMID/RGB/Pepper/II/Virus/V_4_RGB_0_6.tiff
train,Pepper\II\Virus,Virus,V_4,4,0,7,Datasets/TOBRFV-LMID/RGB/Pepper/II/Virus/V_4_RGB_0_7.tiff
train,Pepper\II\Virus,Virus,V_4,4,0,8,Datasets/TOBRFV-LMID/RGB/Pepper/II/Virus/V_4_RGB_0_8.tiff
train,Pepper\II\Virus,Virus,V_4,4,0,9,Datasets/TOBRFV-LMID/RGB/Pepper/II/Virus/V_4_RGB_0_9.tiff
train,Pepper\II\Virus,Virus,V_4,4,5,1,Datasets/TOBRFV-LMID/RGB/Pepper/II/Virus/V_4_RGB_5_1.tiff
train,Pepper\II\Virus,Virus,V_4,4,5,10,Datasets/TOBRFV-LMID/RGB/Pepper/II/Virus/V_4_RGB_5_10.tiff
train,Pepper\II\Virus,Virus,V_4,4,5,11,Datasets/TOBRFV-LMID/RGB/Pepper/II/Virus/V_4_RGB_5_11.tiff
train,Pepper\II\Virus,Virus,V_4,4,5,12,Datasets/TOBRFV-LMID/RGB/Pepper/II/Virus/V_4_RGB_5_12.tiff
train,Pepper\II\Virus,Virus,V_4,4,5,13,Datasets/TOBRFV-LMID/RGB/Pepper/II/Virus/V_4_RGB_5_13.tiff
train,Pepper\II\Virus,Virus,V_4,4,5,14,Datasets/TOBRFV-LMID/RGB/Pepper/II/Virus/V_4_RGB_5_14.tiff
train,Pepper\II\Virus,Virus,V_4,4,5,15,Datasets/TOBRFV-LMID/RGB/Pepper/II/Virus/V_4_RGB_5_15.tiff
train,Pepper\II\Virus,Virus,V_4,4,5,16,Datasets/TOBRFV-LMID/RGB/Pepper/II/Virus/V_4_RGB_5_16.tiff
train,Pepper\II\Virus,Virus,V_4,4,5,17,Datasets/TOBRFV-LMID/RGB/Pepper/II/Virus/V_4_RGB_5_17.tiff
train,Pepper\II\Virus,Virus,V_4,4,5,18,Datasets/TOBRFV-LMID/RGB/Pepper/II/Virus/V_4_RGB_5_18.tiff
train,Pepper\II\Virus,Virus,V_4,4,5,19,Datasets/TOBRFV-LMID/RGB/Pepper/II/Virus/V_4_RGB_5_19.tiff
train,Pepper\II\Virus,Virus,V_4,4,5,2,Datasets/TOBRFV-LMID/RGB/Pepper/II/Virus/V_4_RGB_5_2.tiff
train,Pepper\II\Virus,Virus,V_4,4,5,20,Datasets/TOBRFV-LMID/RGB/Pepper/II/Virus/V_4_RGB_5_20.tiff
train,Pepper\II\Virus,Virus,V_4,4,5,21,Datasets/TOBRFV-LMID/RGB/Pepper/II/Virus/V_4_RGB_5_21.tiff
train,Pepper\II\Virus,Virus,V_4,4,5,22,Datasets/TOBRFV-LMID/RGB/Pepper/II/Virus/V_4_RGB_5_22.tiff
train,Pepper\II\Virus,Virus,V_4,4,5,23,Datasets/TOBRFV-LMID/RGB/Pepper/II/Virus/V_4_RGB_5_23.tiff
train,Pepper\II\Virus,Virus,V_4,4,5,24,Datasets/TOBRFV-LMID/RGB/Pepper/II/Virus/V_4_RGB_5_24.tiff
train,Pepper\II\Virus,Virus,V_4,4,5,25,Datasets/TOBRFV-LMID/RGB/Pepper/II/Virus/V_4_RGB_5_25.tiff
train,Pepper\II\Virus,Virus,V_4,4,5,26,Datasets/TOBRFV-LMID/RGB/Pepper/II/Virus/V_4_RGB_5_26.tiff
train,Pepper\II\Virus,Virus,V_4,4,5,27,Datasets/TOBRFV-LMID/RGB/Pepper/II/Virus/V_4_RGB_5_27.tiff
train,Pepper\II\Virus,Virus,V_4,4,5,28,Datasets/TOBRFV-LMID/RGB/Pepper/II/Virus/V_4_RGB_5_28.tiff
train,Pepper\II\Virus,Virus,V_4,4,5,29,Datasets/TOBRFV-LMID/RGB/Pepper/II/Virus/V_4_RGB_5_29.tiff
train,Pepper\II\Virus,Virus,V_4,4,5,3,Datasets/TOBRFV-LMID/RGB/Pepper/II/Virus/V_4_RGB_5_3.tiff
train,Pepper\II\Virus,Virus,V_4,4,5,30,Datasets/TOBRFV-LMID/RGB/Pepper/II/Virus/V_4_RGB_5_30.tiff
train,Pepper\II\Virus,Virus,V_4,4,5,31,Datasets/TOBRFV-LMID/RGB/Pepper/II/Virus/V_4_RGB_5_31.tiff
train,Pepper\II\Virus,Virus,V_4,4,5,32,Datasets/TOBRFV-LMID/RGB/Pepper/II/Virus/V_4_RGB_5_32.tiff
train,Pepper\II\Virus,Virus,V_4,4,5,33,Datasets/TOBRFV-LMID/RGB/Pepper/II/Virus/V_4_RGB_5_33.tiff
train,Pepper\II\Virus,Virus,V_4,4,5,34,Datasets/TOBRFV-LMID/RGB/Pepper/II/Virus/V_4_RGB_5_34.tiff
train,Pepper\II\Virus,Virus,V_4,4,5,35,Datasets/TOBRFV-LMID/RGB/Pepper/II/Virus/V_4_RGB_5_35.tiff
train,Pepper\II\Virus,Virus,V_4,4,5,36,Datasets/TOBRFV-LMID/RGB/Pepper/II/Virus/V_4_RGB_5_36.tiff
train,Pepper\II\Virus,Virus,V_4,4,5,37,Datasets/TOBRFV-LMID/RGB/Pepper/II/Virus/V_4_RGB_5_37.tiff
train,Pepper\II\Virus,Virus,V_4,4,5,38,Datasets/TOBRFV-LMID/RGB/Pepper/II/Virus/V_4_RGB_5_38.tiff
train,Pepper\II\Virus,Virus,V_4,4,5,39,Datasets/TOBRFV-LMID/RGB/Pepper/II/Virus/V_4_RGB_5_39.tiff
train,Pepper\II\Virus,Virus,V_4,4,5,4,Datasets/TOBRFV-LMID/RGB/Pepper/II/Virus/V_4_RGB_5_4.tiff
train,Pepper\II\Virus,Virus,V_4,4,5,40,Datasets/TOBRFV-LMID/RGB/Pepper/II/Virus/V_4_RGB_5_40.tiff
train,Pepper\II\Virus,Virus,V_4,4,5,41,Datasets/TOBRFV-LMID/RGB/Pepper/II/Virus/V_4_RGB_5_41.tiff
train,Pepper\II\Virus,Virus,V_4,4,5,42,Datasets/TOBRFV-LMID/RGB/Pepper/II/Virus/V_4_RGB_5_42.tiff
train,Pepper\II\Virus,Virus,V_4,4,5,43,Datasets/TOBRFV-LMID/RGB/Pepper/II/Virus/V_4_RGB_5_43.tiff
train,Pepper\II\Virus,Virus,V_4,4,5,44,Datasets/TOBRFV-LMID/RGB/Pepper/II/Virus/V_4_RGB_5_44.tiff
train,Pepper\II\Virus,Virus,V_4,4,5,45,Datasets/TOBRFV-LMID/RGB/Pepper/II/Virus/V_4_RGB_5_45.tiff
train,Pepper\II\Virus,Virus,V_4,4,5,5,Datasets/TOBRFV-LMID/RGB/Pepper/II/Virus/V_4_RGB_5_5.tiff
train,Pepper\II\Virus,Virus,V_4,4,5,6,Datasets/TOBRFV-LMID/RGB/Pepper/II/Virus/V_4_RGB_5_6.tiff
train,Pepper\II\Virus,Virus,V_4,4,5,7,Datasets/TOBRFV-LMID/RGB/Pepper/II/Virus/V_4_RGB_5_7.tiff
train,Pepper\II\Virus,Virus,V_4,4,5,8,Datasets/TOBRFV-LMID/RGB/Pepper/II/Virus/V_4_RGB_5_8.tiff
train,Pepper\II\Virus,Virus,V_4,4,5,9,Datasets/TOBRFV-LMID/RGB/Pepper/II/Virus/V_4_RGB_5_9.tiff
train,Pepper\II\Virus,Virus,V_13,13,0,1,Datasets/TOBRFV-LMID/RGB/Pepper/II/Virus/V_13_RGB_0_1.tiff
train,Pepper\II\Virus,Virus,V_13,13,0,10,Datasets/TOBRFV-LMID/RGB/Pepper/II/Virus/V_13_RGB_0_10.tiff
train,Pepper\II\Virus,Virus,V_13,13,0,11,Datasets/TOBRFV-LMID/RGB/Pepper/II/Virus/V_13_RGB_0_11.tiff
train,Pepper\II\Virus,Virus,V_13,13,0,12,Datasets/TOBRFV-LMID/RGB/Pepper/II/Virus/V_13_RGB_0_12.tiff
train,Pepper\II\Virus,Virus,V_13,13,0,13,Datasets/TOBRFV-LMID/RGB/Pepper/II/Virus/V_13_RGB_0_13.tiff
train,Pepper\II\Virus,Virus,V_13,13,0,14,Datasets/TOBRFV-LMID/RGB/Pepper/II/Virus/V_13_RGB_0_14.tiff
train,Pepper\II\Virus,Virus,V_13,13,0,15,Datasets/TOBRFV-LMID/RGB/Pepper/II/Virus/V_13_RGB_0_15.tiff
train,Pepper\II\Virus,Virus,V_13,13,0,16,Datasets/TOBRFV-LMID/RGB/Pepper/II/Virus/V_13_RGB_0_16.tiff
train,Pepper\II\Virus,Virus,V_13,13,0,17,Datasets/TOBRFV-LMID/RGB/Pepper/II/Virus/V_13_RGB_0_17.tiff
train,Pepper\II\Virus,Virus,V_13,13,0,18,Datasets/TOBRFV-LMID/RGB/Pepper/II/Virus/V_13_RGB_0_18.tiff
train,Pepper\II\Virus,Virus,V_13,13,0,19,Datasets/TOBRFV-LMID/RGB/Pepper/II/Virus/V_13_RGB_0_19.tiff
train,Pepper\II\Virus,Virus,V_13,13,0,2,Datasets/TOBRFV-LMID/RGB/Pepper/II/Virus/V_13_RGB_0_2.tiff
train,Pepper\II\Virus,Virus,V_13,13,0,20,Datasets/TOBRFV-LMID/RGB/Pepper/II/Virus/V_13_RGB_0_20.tiff
train,Pepper\II\Virus,Virus,V_13,13,0,21,Datasets/TOBRFV-LMID/RGB/Pepper/II/Virus/V_13_RGB_0_21.tiff
train,Pepper\II\Virus,Virus,V_13,13,0,22,Datasets/TOBRFV-LMID/RGB/Pepper/II/Virus/V_13_RGB_0_22.tiff
train,Pepper\II\Virus,Virus,V_13,13,0,23,Datasets/TOBRFV-LMID/RGB/Pepper/II/Virus/V_13_RGB_0_23.tiff
train,Pepper\II\Virus,Virus,V_13,13,0,24,Datasets/TOBRFV-LMID/RGB/Pepper/II/Virus/V_13_RGB_0_24.tiff
train,Pepper\II\Virus,Virus,V_13,13,0,25,Datasets/TOBRFV-LMID/RGB/Pepper/II/Virus/V_13_RGB_0_25.tiff
train,Pepper\II\Virus,Virus,V_13,13,0,26,Datasets/TOBRFV-LMID/RGB/Pepper/II/Virus/V_13_RGB_0_26.tiff
train,Pepper\II\Virus,Virus,V_13,13,0,27,Datasets/TOBRFV-LMID/RGB/Pepper/II/Virus/V_13_RGB_0_27.tiff
train,Pepper\II\Virus,Virus,V_13,13,0,28,Datasets/TOBRFV-LMID/RGB/Pepper/II/Virus/V_13_RGB_0_28.tiff
train,Pepper\II\Virus,Virus,V_13,13,0,29,Datasets/TOBRFV-LMID/RGB/Pepper/II/Virus/V_13_RGB_0_29.tiff
train,Pepper\II\Virus,Virus,V_13,13,0,3,Datasets/TOBRFV-LMID/RGB/Pepper/II/Virus/V_13_RGB_0_3.tiff
train,Pepper\II\Virus,Virus,V_13,13,0,30,Datasets/TOBRFV-LMID/RGB/Pepper/II/Virus/V_13_RGB_0_30.tiff
train,Pepper\II\Virus,Virus,V_13,13,0,31,Datasets/TOBRFV-LMID/RGB/Pepper/II/Virus/V_13_RGB_0_31.tiff
train,Pepper\II\Virus,Virus,V_13,13,0,32,Datasets/TOBRFV-LMID/RGB/Pepper/II/Virus/V_13_RGB_0_32.tiff
train,Pepper\II\Virus,Virus,V_13,13,0,33,Datasets/TOBRFV-LMID/RGB/Pepper/II/Virus/V_13_RGB_0_33.tiff
train,Pepper\II\Virus,Virus,V_13,13,0,34,Datasets/TOBRFV-LMID/RGB/Pepper/II/Virus/V_13_RGB_0_34.tiff
train,Pepper\II\Virus,Virus,V_13,13,0,35,Datasets/TOBRFV-LMID/RGB/Pepper/II/Virus/V_13_RGB_0_35.tiff
train,Pepper\II\Virus,Virus,V_13,13,0,36,Datasets/TOBRFV-LMID/RGB/Pepper/II/Virus/V_13_RGB_0_36.tiff
train,Pepper\II\Virus,Virus,V_13,13,0,37,Datasets/TOBRFV-LMID/RGB/Pepper/II/Virus/V_13_RGB_0_37.tiff
train,Pepper\II\Virus,Virus,V_13,13,0,38,Datasets/TOBRFV-LMID/RGB/Pepper/II/Virus/V_13_RGB_0_38.tiff
train,Pepper\II\Virus,Virus,V_13,13,0,39,Datasets/TOBRFV-LMID/RGB/Pepper/II/Virus/V_13_RGB_0_39.tiff
train,Pepper\II\Virus,Virus,V_13,13,0,4,Datasets/TOBRFV-LMID/RGB/Pepper/II/Virus/V_13_RGB_0_4.tiff
train,Pepper\II\Virus,Virus,V_13,13,0,40,Datasets/TOBRFV-LMID/RGB/Pepper/II/Virus/V_13_RGB_0_40.tiff
train,Pepper\II\Virus,Virus,V_13,13,0,41,Datasets/TOBRFV-LMID/RGB/Pepper/II/Virus/V_13_RGB_0_41.tiff
train,Pepper\II\Virus,Virus,V_13,13,0,42,Datasets/TOBRFV-LMID/RGB/Pepper/II/Virus/V_13_RGB_0_42.tiff
train,Pepper\II\Virus,Virus,V_13,13,0,43,Datasets/TOBRFV-LMID/RGB/Pepper/II/Virus/V_13_RGB_0_43.tiff
train,Pepper\II\Virus,Virus,V_13,13,0,44,Datasets/TOBRFV-LMID/RGB/Pepper/II/Virus/V_13_RGB_0_44.tiff
train,Pepper\II\Virus,Virus,V_13,13,0,45,Datasets/TOBRFV-LMID/RGB/Pepper/II/Virus/V_13_RGB_0_45.tiff
train,Pepper\II\Virus,Virus,V_13,13,0,5,Datasets/TOBRFV-LMID/RGB/Pepper/II/Virus/V_13_RGB_0_5.tiff
train,Pepper\II\Virus,Virus,V_13,13,0,6,Datasets/TOBRFV-LMID/RGB/Pepper/II/Virus/V_13_RGB_0_6.tiff
train,Pepper\II\Virus,Virus,V_13,13,0,7,Datasets/TOBRFV-LMID/RGB/Pepper/II/Virus/V_13_RGB_0_7.tiff
train,Pepper\II\Virus,Virus,V_13,13,0,8,Datasets/TOBRFV-LMID/RGB/Pepper/II/Virus/V_13_RGB_0_8.tiff
train,Pepper\II\Virus,Virus,V_13,13,0,9,Datasets/TOBRFV-LMID/RGB/Pepper/II/Virus/V_13_RGB_0_9.tiff
train,Pepper\II\Virus,Virus,V_23,23,0,1,Datasets/TOBRFV-LMID/RGB/Pepper/II/Virus/V_23_RGB_0_1.tiff
train,Pepper\II\Virus,Virus,V_23,23,0,10,Datasets/TOBRFV-LMID/RGB/Pepper/II/Virus/V_23_RGB_0_10.tiff
train,Pepper\II\Virus,Virus,V_23,23,0,11,Datasets/TOBRFV-LMID/RGB/Pepper/II/Virus/V_23_RGB_0_11.tiff
train,Pepper\II\Virus,Virus,V_23,23,0,12,Datasets/TOBRFV-LMID/RGB/Pepper/II/Virus/V_23_RGB_0_12.tiff
train,Pepper\II\Virus,Virus,V_23,23,0,13,Datasets/TOBRFV-LMID/RGB/Pepper/II/Virus/V_23_RGB_0_13.tiff
train,Pepper\II\Virus,Virus,V_23,23,0,14,Datasets/TOBRFV-LMID/RGB/Pepper/II/Virus/V_23_RGB_0_14.tiff
train,Pepper\II\Virus,Virus,V_23,23,0,15,Datasets/TOBRFV-LMID/RGB/Pepper/II/Virus/V_23_RGB_0_15.tiff
train,Pepper\II\Virus,Virus,V_23,23,0,16,Datasets/TOBRFV-LMID/RGB/Pepper/II/Virus/V_23_RGB_0_16.tiff
train,Pepper\II\Virus,Virus,V_23,23,0,17,Datasets/TOBRFV-LMID/RGB/Pepper/II/Virus/V_23_RGB_0_17.tiff
train,Pepper\II\Virus,Virus,V_23,23,0,18,Datasets/TOBRFV-LMID/RGB/Pepper/II/Virus/V_23_RGB_0_18.tiff
train,Pepper\II\Virus,Virus,V_23,23,0,19,Datasets/TOBRFV-LMID/RGB/Pepper/II/Virus/V_23_RGB_0_19.tiff
train,Pepper\II\Virus,Virus,V_23,23,0,2,Datasets/TOBRFV-LMID/RGB/Pepper/II/Virus/V_23_RGB_0_2.tiff
train,Pepper\II\Virus,Virus,V_23,23,0,20,Datasets/TOBRFV-LMID/RGB/Pepper/II/Virus/V_23_RGB_0_20.tiff
train,Pepper\II\Virus,Virus,V_23,23,0,21,Datasets/TOBRFV-LMID/RGB/Pepper/II/Virus/V_23_RGB_0_21.tiff
train,Pepper\II\Virus,Virus,V_23,23,0,22,Datasets/TOBRFV-LMID/RGB/Pepper/II/Virus/V_23_RGB_0_22.tiff
train,Pepper\II\Virus,Virus,V_23,23,0,23,Datasets/TOBRFV-LMID/RGB/Pepper/II/Virus/V_23_RGB_0_23.tiff
train,Pepper\II\Virus,Virus,V_23,23,0,24,Datasets/TOBRFV-LMID/RGB/Pepper/II/Virus/V_23_RGB_0_24.tiff
train,Pepper\II\Virus,Virus,V_23,23,0,25,Datasets/TOBRFV-LMID/RGB/Pepper/II/Virus/V_23_RGB_0_25.tiff
train,Pepper\II\Virus,Virus,V_23,23,0,26,Datasets/TOBRFV-LMID/RGB/Pepper/II/Virus/V_23_RGB_0_26.tiff
train,Pepper\II\Virus,Virus,V_23,23,0,27,Datasets/TOBRFV-LMID/RGB/Pepper/II/Virus/V_23_RGB_0_27.tiff
train,Pepper\II\Virus,Virus,V_23,23,0,28,Datasets/TOBRFV-LMID/RGB/Pepper/II/Virus/V_23_RGB_0_28.tiff
train,Pepper\II\Virus,Virus,V_23,23,0,29,Datasets/TOBRFV-LMID/RGB/Pepper/II/Virus/V_23_RGB_0_29.tiff
train,Pepper\II\Virus,Virus,V_23,23,0,3,Datasets/TOBRFV-LMID/RGB/Pepper/II/Virus/V_23_RGB_0_3.tiff
train,Pepper\II\Virus,Virus,V_23,23,0,30,Datasets/TOBRFV-LMID/RGB/Pepper/II/Virus/V_23_RGB_0_30.tiff
train,Pepper\II\Virus,Virus,V_23,23,0,31,Datasets/TOBRFV-LMID/RGB/Pepper/II/Virus/V_23_RGB_0_31.tiff
train,Pepper\II\Virus,Virus,V_23,23,0,32,Datasets/TOBRFV-LMID/RGB/Pepper/II/Virus/V_23_RGB_0_32.tiff
train,Pepper\II\Virus,Virus,V_23,23,0,33,Datasets/TOBRFV-LMID/RGB/Pepper/II/Virus/V_23_RGB_0_33.tiff
train,Pepper\II\Virus,Virus,V_23,23,0,34,Datasets/TOBRFV-LMID/RGB/Pepper/II/Virus/V_23_RGB_0_34.tiff
train,Pepper\II\Virus,Virus,V_23,23,0,35,Datasets/TOBRFV-LMID/RGB/Pepper/II/Virus/V_23_RGB_0_35.tiff
train,Pepper\II\Virus,Virus,V_23,23,0,36,Datasets/TOBRFV-LMID/RGB/Pepper/II/Virus/V_23_RGB_0_36.tiff
train,Pepper\II\Virus,Virus,V_23,23,0,37,Datasets/TOBRFV-LMID/RGB/Pepper/II/Virus/V_23_RGB_0_37.tiff
train,Pepper\II\Virus,Virus,V_23,23,0,38,Datasets/TOBRFV-LMID/RGB/Pepper/II/Virus/V_23_RGB_0_38.tiff
train,Pepper\II\Virus,Virus,V_23,23,0,39,Datasets/TOBRFV-LMID/RGB/Pepper/II/Virus/V_23_RGB_0_39.tiff
train,Pepper\II\Virus,Virus,V_23,23,0,4,Datasets/TOBRFV-LMID/RGB/Pepper/II/Virus/V_23_RGB_0_4.tiff
train,Pepper\II\Virus,Virus,V_23,23,0,40,Datasets/TOBRFV-LMID/RGB/Pepper/II/Virus/V_23_RGB_0_40.tiff
train,Pepper\II\Virus,Virus,V_23,23,0,41,Datasets/TOBRFV-LMID/RGB/Pepper/II/Virus/V_23_RGB_0_41.tiff
train,Pepper\II\Virus,Virus,V_23,23,0,42,Datasets/TOBRFV-LMID/RGB/Pepper/II/Virus/V_23_RGB_0_42.tiff
train,Pepper\II\Virus,Virus,V_23,23,0,43,Datasets/TOBRFV-LMID/RGB/Pepper/II/Virus/V_23_RGB_0_43.tiff
train,Pepper\II\Virus,Virus,V_23,23,0,44,Datasets/TOBRFV-LMID/RGB/Pepper/II/Virus/V_23_RGB_0_44.tiff
train,Pepper\II\Virus,Virus,V_23,23,0,45,Datasets/TOBRFV-LMID/RGB/Pepper/II/Virus/V_23_RGB_0_45.tiff
train,Pepper\II\Virus,Virus,V_23,23,0,5,Datasets/TOBRFV-LMID/RGB/Pepper/II/Virus/V_23_RGB_0_5.tiff
train,Pepper\II\Virus,Virus,V_23,23,0,6,Datasets/TOBRFV-LMID/RGB/Pepper/II/Virus/V_23_RGB_0_6.tiff
train,Pepper\II\Virus,Virus,V_23,23,0,7,Datasets/TOBRFV-LMID/RGB/Pepper/II/Virus/V_23_RGB_0_7.tiff
train,Pepper\II\Virus,Virus,V_23,23,0,8,Datasets/TOBRFV-LMID/RGB/Pepper/II/Virus/V_23_RGB_0_8.tiff
train,Pepper\II\Virus,Virus,V_23,23,0,9,Datasets/TOBRFV-LMID/RGB/Pepper/II/Virus/V_23_RGB_0_9.tiff
train,Pepper\II\Virus,Virus,V_6,6,0,1,Datasets/TOBRFV-LMID/RGB/Pepper/II/Virus/V_6_RGB_0_1.tiff
train,Pepper\II\Virus,Virus,V_6,6,0,10,Datasets/TOBRFV-LMID/RGB/Pepper/II/Virus/V_6_RGB_0_10.tiff
train,Pepper\II\Virus,Virus,V_6,6,0,11,Datasets/TOBRFV-LMID/RGB/Pepper/II/Virus/V_6_RGB_0_11.tiff
train,Pepper\II\Virus,Virus,V_6,6,0,12,Datasets/TOBRFV-LMID/RGB/Pepper/II/Virus/V_6_RGB_0_12.tiff
train,Pepper\II\Virus,Virus,V_6,6,0,13,Datasets/TOBRFV-LMID/RGB/Pepper/II/Virus/V_6_RGB_0_13.tiff
train,Pepper\II\Virus,Virus,V_6,6,0,14,Datasets/TOBRFV-LMID/RGB/Pepper/II/Virus/V_6_RGB_0_14.tiff
train,Pepper\II\Virus,Virus,V_6,6,0,15,Datasets/TOBRFV-LMID/RGB/Pepper/II/Virus/V_6_RGB_0_15.tiff
train,Pepper\II\Virus,Virus,V_6,6,0,17,Datasets/TOBRFV-LMID/RGB/Pepper/II/Virus/V_6_RGB_0_17.tiff
train,Pepper\II\Virus,Virus,V_6,6,0,19,Datasets/TOBRFV-LMID/RGB/Pepper/II/Virus/V_6_RGB_0_19.tiff
train,Pepper\II\Virus,Virus,V_6,6,0,2,Datasets/TOBRFV-LMID/RGB/Pepper/II/Virus/V_6_RGB_0_2.tiff
train,Pepper\II\Virus,Virus,V_6,6,0,20,Datasets/TOBRFV-LMID/RGB/Pepper/II/Virus/V_6_RGB_0_20.tiff
train,Pepper\II\Virus,Virus,V_6,6,0,21,Datasets/TOBRFV-LMID/RGB/Pepper/II/Virus/V_6_RGB_0_21.tiff
train,Pepper\II\Virus,Virus,V_6,6,0,22,Datasets/TOBRFV-LMID/RGB/Pepper/II/Virus/V_6_RGB_0_22.tiff
train,Pepper\II\Virus,Virus,V_6,6,0,26,Datasets/TOBRFV-LMID/RGB/Pepper/II/Virus/V_6_RGB_0_26.tiff
train,Pepper\II\Virus,Virus,V_6,6,0,27,Datasets/TOBRFV-LMID/RGB/Pepper/II/Virus/V_6_RGB_0_27.tiff
train,Pepper\II\Virus,Virus,V_6,6,0,29,Datasets/TOBRFV-LMID/RGB/Pepper/II/Virus/V_6_RGB_0_29.tiff
train,Pepper\II\Virus,Virus,V_6,6,0,3,Datasets/TOBRFV-LMID/RGB/Pepper/II/Virus/V_6_RGB_0_3.tiff
train,Pepper\II\Virus,Virus,V_6,6,0,30,Datasets/TOBRFV-LMID/RGB/Pepper/II/Virus/V_6_RGB_0_30.tiff
train,Pepper\II\Virus,Virus,V_6,6,0,31,Datasets/TOBRFV-LMID/RGB/Pepper/II/Virus/V_6_RGB_0_31.tiff
train,Pepper\II\Virus,Virus,V_6,6,0,33,Datasets/TOBRFV-LMID/RGB/Pepper/II/Virus/V_6_RGB_0_33.tiff
train,Pepper\II\Virus,Virus,V_6,6,0,34,Datasets/TOBRFV-LMID/RGB/Pepper/II/Virus/V_6_RGB_0_34.tiff
train,Pepper\II\Virus,Virus,V_6,6,0,35,Datasets/TOBRFV-LMID/RGB/Pepper/II/Virus/V_6_RGB_0_35.tiff
train,Pepper\II\Virus,Virus,V_6,6,0,36,Datasets/TOBRFV-LMID/RGB/Pepper/II/Virus/V_6_RGB_0_36.tiff
train,Pepper\II\Virus,Virus,V_6,6,0,37,Datasets/TOBRFV-LMID/RGB/Pepper/II/Virus/V_6_RGB_0_37.tiff
train,Pepper\II\Virus,Virus,V_6,6,0,38,Datasets/TOBRFV-LMID/RGB/Pepper/II/Virus/V_6_RGB_0_38.tiff
train,Pepper\II\Virus,Virus,V_6,6,0,4,Datasets/TOBRFV-LMID/RGB/Pepper/II/Virus/V_6_RGB_0_4.tiff
train,Pepper\II\Virus,Virus,V_6,6,0,40,Datasets/TOBRFV-LMID/RGB/Pepper/II/Virus/V_6_RGB_0_40.tiff
train,Pepper\II\Virus,Virus,V_6,6,0,41,Datasets/TOBRFV-LMID/RGB/Pepper/II/Virus/V_6_RGB_0_41.tiff
train,Pepper\II\Virus,Virus,V_6,6,0,42,Datasets/TOBRFV-LMID/RGB/Pepper/II/Virus/V_6_RGB_0_42.tiff
train,Pepper\II\Virus,Virus,V_6,6,0,43,Datasets/TOBRFV-LMID/RGB/Pepper/II/Virus/V_6_RGB_0_43.tiff
train,Pepper\II\Virus,Virus,V_6,6,0,44,Datasets/TOBRFV-LMID/RGB/Pepper/II/Virus/V_6_RGB_0_44.tiff
train,Pepper\II\Virus,Virus,V_6,6,0,45,Datasets/TOBRFV-LMID/RGB/Pepper/II/Virus/V_6_RGB_0_45.tiff
train,Pepper\II\Virus,Virus,V_6,6,0,5,Datasets/TOBRFV-LMID/RGB/Pepper/II/Virus/V_6_RGB_0_5.tiff
train,Pepper\II\Virus,Virus,V_6,6,0,6,Datasets/TOBRFV-LMID/RGB/Pepper/II/Virus/V_6_RGB_0_6.tiff
train,Pepper\II\Virus,Virus,V_6,6,0,7,Datasets/TOBRFV-LMID/RGB/Pepper/II/Virus/V_6_RGB_0_7.tiff
train,Pepper\II\Virus,Virus,V_6,6,0,9,Datasets/TOBRFV-LMID/RGB/Pepper/II/Virus/V_6_RGB_0_9.tiff
train,Pepper\II\Virus,Virus,V_6,6,5,1,Datasets/TOBRFV-LMID/RGB/Pepper/II/Virus/V_6_RGB_5_1.tiff
train,Pepper\II\Virus,Virus,V_6,6,5,11,Datasets/TOBRFV-LMID/RGB/Pepper/II/Virus/V_6_RGB_5_11.tiff
train,Pepper\II\Virus,Virus,V_6,6,5,13,Datasets/TOBRFV-LMID/RGB/Pepper/II/Virus/V_6_RGB_5_13.tiff
train,Pepper\II\Virus,Virus,V_6,6,5,14,Datasets/TOBRFV-LMID/RGB/Pepper/II/Virus/V_6_RGB_5_14.tiff
train,Pepper\II\Virus,Virus,V_6,6,5,15,Datasets/TOBRFV-LMID/RGB/Pepper/II/Virus/V_6_RGB_5_15.tiff
train,Pepper\II\Virus,Virus,V_6,6,5,2,Datasets/TOBRFV-LMID/RGB/Pepper/II/Virus/V_6_RGB_5_2.tiff
train,Pepper\II\Virus,Virus,V_6,6,5,22,Datasets/TOBRFV-LMID/RGB/Pepper/II/Virus/V_6_RGB_5_22.tiff
train,Pepper\II\Virus,Virus,V_6,6,5,23,Datasets/TOBRFV-LMID/RGB/Pepper/II/Virus/V_6_RGB_5_23.tiff
train,Pepper\II\Virus,Virus,V_6,6,5,24,Datasets/TOBRFV-LMID/RGB/Pepper/II/Virus/V_6_RGB_5_24.tiff
train,Pepper\II\Virus,Virus,V_6,6,5,25,Datasets/TOBRFV-LMID/RGB/Pepper/II/Virus/V_6_RGB_5_25.tiff
train,Pepper\II\Virus,Virus,V_6,6,5,27,Datasets/TOBRFV-LMID/RGB/Pepper/II/Virus/V_6_RGB_5_27.tiff
train,Pepper\II\Virus,Virus,V_6,6,5,28,Datasets/TOBRFV-LMID/RGB/Pepper/II/Virus/V_6_RGB_5_28.tiff
train,Pepper\II\Virus,Virus,V_6,6,5,29,Datasets/TOBRFV-LMID/RGB/Pepper/II/Virus/V_6_RGB_5_29.tiff
train,Pepper\II\Virus,Virus,V_6,6,5,3,Datasets/TOBRFV-LMID/RGB/Pepper/II/Virus/V_6_RGB_5_3.tiff
train,Pepper\II\Virus,Virus,V_6,6,5,30,Datasets/TOBRFV-LMID/RGB/Pepper/II/Virus/V_6_RGB_5_30.tiff
train,Pepper\II\Virus,Virus,V_6,6,5,31,Datasets/TOBRFV-LMID/RGB/Pepper/II/Virus/V_6_RGB_5_31.tiff
train,Pepper\II\Virus,Virus,V_6,6,5,32,Datasets/TOBRFV-LMID/RGB/Pepper/II/Virus/V_6_RGB_5_32.tiff
train,Pepper\II\Virus,Virus,V_6,6,5,34,Datasets/TOBRFV-LMID/RGB/Pepper/II/Virus/V_6_RGB_5_34.tiff
train,Pepper\II\Virus,Virus,V_6,6,5,35,Datasets/TOBRFV-LMID/RGB/Pepper/II/Virus/V_6_RGB_5_35.tiff
train,Pepper\II\Virus,Virus,V_6,6,5,36,Datasets/TOBRFV-LMID/RGB/Pepper/II/Virus/V_6_RGB_5_36.tiff
train,Pepper\II\Virus,Virus,V_6,6,5,38,Datasets/TOBRFV-LMID/RGB/Pepper/II/Virus/V_6_RGB_5_38.tiff
train,Pepper\II\Virus,Virus,V_6,6,5,39,Datasets/TOBRFV-LMID/RGB/Pepper/II/Virus/V_6_RGB_5_39.tiff
train,Pepper\II\Virus,Virus,V_6,6,5,4,Datasets/TOBRFV-LMID/RGB/Pepper/II/Virus/V_6_RGB_5_4.tiff
train,Pepper\II\Virus,Virus,V_6,6,5,42,Datasets/TOBRFV-LMID/RGB/Pepper/II/Virus/V_6_RGB_5_42.tiff
train,Pepper\II\Virus,Virus,V_6,6,5,6,Datasets/TOBRFV-LMID/RGB/Pepper/II/Virus/V_6_RGB_5_6.tiff
train,Pepper\II\Virus,Virus,V_6,6,5,7,Datasets/TOBRFV-LMID/RGB/Pepper/II/Virus/V_6_RGB_5_7.tiff
train,Pepper\II\Virus,Virus,V_6,6,5,9,Datasets/TOBRFV-LMID/RGB/Pepper/II/Virus/V_6_RGB_5_9.tiff
train,Pepper\II\Virus,Virus,V_27,27,0,1,Datasets/TOBRFV-LMID/RGB/Pepper/II/Virus/V_27_RGB_0_1.tiff
train,Pepper\II\Virus,Virus,V_27,27,0,10,Datasets/TOBRFV-LMID/RGB/Pepper/II/Virus/V_27_RGB_0_10.tiff
train,Pepper\II\Virus,Virus,V_27,27,0,11,Datasets/TOBRFV-LMID/RGB/Pepper/II/Virus/V_27_RGB_0_11.tiff
train,Pepper\II\Virus,Virus,V_27,27,0,12,Datasets/TOBRFV-LMID/RGB/Pepper/II/Virus/V_27_RGB_0_12.tiff
train,Pepper\II\Virus,Virus,V_27,27,0,13,Datasets/TOBRFV-LMID/RGB/Pepper/II/Virus/V_27_RGB_0_13.tiff
train,Pepper\II\Virus,Virus,V_27,27,0,14,Datasets/TOBRFV-LMID/RGB/Pepper/II/Virus/V_27_RGB_0_14.tiff
train,Pepper\II\Virus,Virus,V_27,27,0,17,Datasets/TOBRFV-LMID/RGB/Pepper/II/Virus/V_27_RGB_0_17.tiff
train,Pepper\II\Virus,Virus,V_27,27,0,18,Datasets/TOBRFV-LMID/RGB/Pepper/II/Virus/V_27_RGB_0_18.tiff
train,Pepper\II\Virus,Virus,V_27,27,0,19,Datasets/TOBRFV-LMID/RGB/Pepper/II/Virus/V_27_RGB_0_19.tiff
train,Pepper\II\Virus,Virus,V_27,27,0,2,Datasets/TOBRFV-LMID/RGB/Pepper/II/Virus/V_27_RGB_0_2.tiff
train,Pepper\II\Virus,Virus,V_27,27,0,20,Datasets/TOBRFV-LMID/RGB/Pepper/II/Virus/V_27_RGB_0_20.tiff
train,Pepper\II\Virus,Virus,V_27,27,0,21,Datasets/TOBRFV-LMID/RGB/Pepper/II/Virus/V_27_RGB_0_21.tiff
train,Pepper\II\Virus,Virus,V_27,27,0,22,Datasets/TOBRFV-LMID/RGB/Pepper/II/Virus/V_27_RGB_0_22.tiff
train,Pepper\II\Virus,Virus,V_27,27,0,23,Datasets/TOBRFV-LMID/RGB/Pepper/II/Virus/V_27_RGB_0_23.tiff
train,Pepper\II\Virus,Virus,V_27,27,0,24,Datasets/TOBRFV-LMID/RGB/Pepper/II/Virus/V_27_RGB_0_24.tiff
train,Pepper\II\Virus,Virus,V_27,27,0,27,Datasets/TOBRFV-LMID/RGB/Pepper/II/Virus/V_27_RGB_0_27.tiff
train,Pepper\II\Virus,Virus,V_27,27,0,28,Datasets/TOBRFV-LMID/RGB/Pepper/II/Virus/V_27_RGB_0_28.tiff
train,Pepper\II\Virus,Virus,V_27,27,0,29,Datasets/TOBRFV-LMID/RGB/Pepper/II/Virus/V_27_RGB_0_29.tiff
train,Pepper\II\Virus,Virus,V_27,27,0,3,Datasets/TOBRFV-LMID/RGB/Pepper/II/Virus/V_27_RGB_0_3.tiff
train,Pepper\II\Virus,Virus,V_27,27,0,30,Datasets/TOBRFV-LMID/RGB/Pepper/II/Virus/V_27_RGB_0_30.tiff
train,Pepper\II\Virus,Virus,V_27,27,0,31,Datasets/TOBRFV-LMID/RGB/Pepper/II/Virus/V_27_RGB_0_31.tiff
train,Pepper\II\Virus,Virus,V_27,27,0,32,Datasets/TOBRFV-LMID/RGB/Pepper/II/Virus/V_27_RGB_0_32.tiff
train,Pepper\II\Virus,Virus,V_27,27,0,33,Datasets/TOBRFV-LMID/RGB/Pepper/II/Virus/V_27_RGB_0_33.tiff
train,Pepper\II\Virus,Virus,V_27,27,0,34,Datasets/TOBRFV-LMID/RGB/Pepper/II/Virus/V_27_RGB_0_34.tiff
train,Pepper\II\Virus,Virus,V_27,27,0,35,Datasets/TOBRFV-LMID/RGB/Pepper/II/Virus/V_27_RGB_0_35.tiff
train,Pepper\II\Virus,Virus,V_27,27,0,36,Datasets/TOBRFV-LMID/RGB/Pepper/II/Virus/V_27_RGB_0_36.tiff
train,Pepper\II\Virus,Virus,V_27,27,0,37,Datasets/TOBRFV-LMID/RGB/Pepper/II/Virus/V_27_RGB_0_37.tiff
train,Pepper\II\Virus,Virus,V_27,27,0,38,Datasets/TOBRFV-LMID/RGB/Pepper/II/Virus/V_27_RGB_0_38.tiff
train,Pepper\II\Virus,Virus,V_27,27,0,39,Datasets/TOBRFV-LMID/RGB/Pepper/II/Virus/V_27_RGB_0_39.tiff
train,Pepper\II\Virus,Virus,V_27,27,0,4,Datasets/TOBRFV-LMID/RGB/Pepper/II/Virus/V_27_RGB_0_4.tiff
train,Pepper\II\Virus,Virus,V_27,27,0,40,Datasets/TOBRFV-LMID/RGB/Pepper/II/Virus/V_27_RGB_0_40.tiff
train,Pepper\II\Virus,Virus,V_27,27,0,41,Datasets/TOBRFV-LMID/RGB/Pepper/II/Virus/V_27_RGB_0_41.tiff
train,Pepper\II\Virus,Virus,V_27,27,0,42,Datasets/TOBRFV-LMID/RGB/Pepper/II/Virus/V_27_RGB_0_42.tiff
train,Pepper\II\Virus,Virus,V_27,27,0,44,Datasets/TOBRFV-LMID/RGB/Pepper/II/Virus/V_27_RGB_0_44.tiff
train,Pepper\II\Virus,Virus,V_27,27,0,45,Datasets/TOBRFV-LMID/RGB/Pepper/II/Virus/V_27_RGB_0_45.tiff
train,Pepper\II\Virus,Virus,V_27,27,0,5,Datasets/TOBRFV-LMID/RGB/Pepper/II/Virus/V_27_RGB_0_5.tiff
train,Pepper\II\Virus,Virus,V_27,27,0,6,Datasets/TOBRFV-LMID/RGB/Pepper/II/Virus/V_27_RGB_0_6.tiff
train,Pepper\II\Virus,Virus,V_27,27,0,8,Datasets/TOBRFV-LMID/RGB/Pepper/II/Virus/V_27_RGB_0_8.tiff
train,Pepper\II\Virus,Virus,V_27,27,0,9,Datasets/TOBRFV-LMID/RGB/Pepper/II/Virus/V_27_RGB_0_9.tiff
train,Pepper\I\Healthy,Healthy,H_15,15,0,1,Datasets/TOBRFV-LMID/RGB/Pepper/I/Healthy/H_15_RGB_0_1.tiff
train,Pepper\I\Healthy,Healthy,H_15,15,0,10,Datasets/TOBRFV-LMID/RGB/Pepper/I/Healthy/H_15_RGB_0_10.tiff
train,Pepper\I\Healthy,Healthy,H_15,15,0,11,Datasets/TOBRFV-LMID/RGB/Pepper/I/Healthy/H_15_RGB_0_11.tiff
train,Pepper\I\Healthy,Healthy,H_15,15,0,12,Datasets/TOBRFV-LMID/RGB/Pepper/I/Healthy/H_15_RGB_0_12.tiff
train,Pepper\I\Healthy,Healthy,H_15,15,0,13,Datasets/TOBRFV-LMID/RGB/Pepper/I/Healthy/H_15_RGB_0_13.tiff
train,Pepper\I\Healthy,Healthy,H_15,15,0,14,Datasets/TOBRFV-LMID/RGB/Pepper/I/Healthy/H_15_RGB_0_14.tiff
train,Pepper\I\Healthy,Healthy,H_15,15,0,15,Datasets/TOBRFV-LMID/RGB/Pepper/I/Healthy/H_15_RGB_0_15.tiff
train,Pepper\I\Healthy,Healthy,H_15,15,0,16,Datasets/TOBRFV-LMID/RGB/Pepper/I/Healthy/H_15_RGB_0_16.tiff
train,Pepper\I\Healthy,Healthy,H_15,15,0,17,Datasets/TOBRFV-LMID/RGB/Pepper/I/Healthy/H_15_RGB_0_17.tiff
train,Pepper\I\Healthy,Healthy,H_15,15,0,19,Datasets/TOBRFV-LMID/RGB/Pepper/I/Healthy/H_15_RGB_0_19.tiff
train,Pepper\I\Healthy,Healthy,H_15,15,0,2,Datasets/TOBRFV-LMID/RGB/Pepper/I/Healthy/H_15_RGB_0_2.tiff
train,Pepper\I\Healthy,Healthy,H_15,15,0,20,Datasets/TOBRFV-LMID/RGB/Pepper/I/Healthy/H_15_RGB_0_20.tiff
train,Pepper\I\Healthy,Healthy,H_15,15,0,21,Datasets/TOBRFV-LMID/RGB/Pepper/I/Healthy/H_15_RGB_0_21.tiff
train,Pepper\I\Healthy,Healthy,H_15,15,0,22,Datasets/TOBRFV-LMID/RGB/Pepper/I/Healthy/H_15_RGB_0_22.tiff
train,Pepper\I\Healthy,Healthy,H_15,15,0,23,Datasets/TOBRFV-LMID/RGB/Pepper/I/Healthy/H_15_RGB_0_23.tiff
train,Pepper\I\Healthy,Healthy,H_15,15,0,24,Datasets/TOBRFV-LMID/RGB/Pepper/I/Healthy/H_15_RGB_0_24.tiff
train,Pepper\I\Healthy,Healthy,H_15,15,0,25,Datasets/TOBRFV-LMID/RGB/Pepper/I/Healthy/H_15_RGB_0_25.tiff
train,Pepper\I\Healthy,Healthy,H_15,15,0,26,Datasets/TOBRFV-LMID/RGB/Pepper/I/Healthy/H_15_RGB_0_26.tiff
train,Pepper\I\Healthy,Healthy,H_15,15,0,28,Datasets/TOBRFV-LMID/RGB/Pepper/I/Healthy/H_15_RGB_0_28.tiff
train,Pepper\I\Healthy,Healthy,H_15,15,0,29,Datasets/TOBRFV-LMID/RGB/Pepper/I/Healthy/H_15_RGB_0_29.tiff
train,Pepper\I\Healthy,Healthy,H_15,15,0,3,Datasets/TOBRFV-LMID/RGB/Pepper/I/Healthy/H_15_RGB_0_3.tiff
train,Pepper\I\Healthy,Healthy,H_15,15,0,30,Datasets/TOBRFV-LMID/RGB/Pepper/I/Healthy/H_15_RGB_0_30.tiff
train,Pepper\I\Healthy,Healthy,H_15,15,0,31,Datasets/TOBRFV-LMID/RGB/Pepper/I/Healthy/H_15_RGB_0_31.tiff
train,Pepper\I\Healthy,Healthy,H_15,15,0,32,Datasets/TOBRFV-LMID/RGB/Pepper/I/Healthy/H_15_RGB_0_32.tiff
train,Pepper\I\Healthy,Healthy,H_15,15,0,33,Datasets/TOBRFV-LMID/RGB/Pepper/I/Healthy/H_15_RGB_0_33.tiff
train,Pepper\I\Healthy,Healthy,H_15,15,0,34,Datasets/TOBRFV-LMID/RGB/Pepper/I/Healthy/H_15_RGB_0_34.tiff
train,Pepper\I\Healthy,Healthy,H_15,15,0,35,Datasets/TOBRFV-LMID/RGB/Pepper/I/Healthy/H_15_RGB_0_35.tiff
train,Pepper\I\Healthy,Healthy,H_15,15,0,36,Datasets/TOBRFV-LMID/RGB/Pepper/I/Healthy/H_15_RGB_0_36.tiff
train,Pepper\I\Healthy,Healthy,H_15,15,0,37,Datasets/TOBRFV-LMID/RGB/Pepper/I/Healthy/H_15_RGB_0_37.tiff
train,Pepper\I\Healthy,Healthy,H_15,15,0,38,Datasets/TOBRFV-LMID/RGB/Pepper/I/Healthy/H_15_RGB_0_38.tiff
train,Pepper\I\Healthy,Healthy,H_15,15,0,39,Datasets/TOBRFV-LMID/RGB/Pepper/I/Healthy/H_15_RGB_0_39.tiff
train,Pepper\I\Healthy,Healthy,H_15,15,0,4,Datasets/TOBRFV-LMID/RGB/Pepper/I/Healthy/H_15_RGB_0_4.tiff
train,Pepper\I\Healthy,Healthy,H_15,15,0,40,Datasets/TOBRFV-LMID/RGB/Pepper/I/Healthy/H_15_RGB_0_40.tiff
train,Pepper\I\Healthy,Healthy,H_15,15,0,41,Datasets/TOBRFV-LMID/RGB/Pepper/I/Healthy/H_15_RGB_0_41.tiff
train,Pepper\I\Healthy,Healthy,H_15,15,0,42,Datasets/TOBRFV-LMID/RGB/Pepper/I/Healthy/H_15_RGB_0_42.tiff
train,Pepper\I\Healthy,Healthy,H_15,15,0,43,Datasets/TOBRFV-LMID/RGB/Pepper/I/Healthy/H_15_RGB_0_43.tiff
train,Pepper\I\Healthy,Healthy,H_15,15,0,44,Datasets/TOBRFV-LMID/RGB/Pepper/I/Healthy/H_15_RGB_0_44.tiff
train,Pepper\I\Healthy,Healthy,H_15,15,0,45,Datasets/TOBRFV-LMID/RGB/Pepper/I/Healthy/H_15_RGB_0_45.tiff
train,Pepper\I\Healthy,Healthy,H_15,15,0,5,Datasets/TOBRFV-LMID/RGB/Pepper/I/Healthy/H_15_RGB_0_5.tiff
train,Pepper\I\Healthy,Healthy,H_15,15,0,6,Datasets/TOBRFV-LMID/RGB/Pepper/I/Healthy/H_15_RGB_0_6.tiff
train,Pepper\I\Healthy,Healthy,H_15,15,0,7,Datasets/TOBRFV-LMID/RGB/Pepper/I/Healthy/H_15_RGB_0_7.tiff
train,Pepper\I\Healthy,Healthy,H_15,15,0,8,Datasets/TOBRFV-LMID/RGB/Pepper/I/Healthy/H_15_RGB_0_8.tiff
train,Pepper\I\Healthy,Healthy,H_15,15,5,1,Datasets/TOBRFV-LMID/RGB/Pepper/I/Healthy/H_15_RGB_5_1.tiff
train,Pepper\I\Healthy,Healthy,H_15,15,5,10,Datasets/TOBRFV-LMID/RGB/Pepper/I/Healthy/H_15_RGB_5_10.tiff
train,Pepper\I\Healthy,Healthy,H_15,15,5,11,Datasets/TOBRFV-LMID/RGB/Pepper/I/Healthy/H_15_RGB_5_11.tiff
train,Pepper\I\Healthy,Healthy,H_15,15,5,12,Datasets/TOBRFV-LMID/RGB/Pepper/I/Healthy/H_15_RGB_5_12.tiff
train,Pepper\I\Healthy,Healthy,H_15,15,5,13,Datasets/TOBRFV-LMID/RGB/Pepper/I/Healthy/H_15_RGB_5_13.tiff
train,Pepper\I\Healthy,Healthy,H_15,15,5,14,Datasets/TOBRFV-LMID/RGB/Pepper/I/Healthy/H_15_RGB_5_14.tiff
train,Pepper\I\Healthy,Healthy,H_15,15,5,15,Datasets/TOBRFV-LMID/RGB/Pepper/I/Healthy/H_15_RGB_5_15.tiff
train,Pepper\I\Healthy,Healthy,H_15,15,5,16,Datasets/TOBRFV-LMID/RGB/Pepper/I/Healthy/H_15_RGB_5_16.tiff
train,Pepper\I\Healthy,Healthy,H_15,15,5,17,Datasets/TOBRFV-LMID/RGB/Pepper/I/Healthy/H_15_RGB_5_17.tiff
train,Pepper\I\Healthy,Healthy,H_15,15,5,18,Datasets/TOBRFV-LMID/RGB/Pepper/I/Healthy/H_15_RGB_5_18.tiff
train,Pepper\I\Healthy,Healthy,H_15,15,5,19,Datasets/TOBRFV-LMID/RGB/Pepper/I/Healthy/H_15_RGB_5_19.tiff
train,Pepper\I\Healthy,Healthy,H_15,15,5,2,Datasets/TOBRFV-LMID/RGB/Pepper/I/Healthy/H_15_RGB_5_2.tiff
train,Pepper\I\Healthy,Healthy,H_15,15,5,20,Datasets/TOBRFV-LMID/RGB/Pepper/I/Healthy/H_15_RGB_5_20.tiff
train,Pepper\I\Healthy,Healthy,H_15,15,5,21,Datasets/TOBRFV-LMID/RGB/Pepper/I/Healthy/H_15_RGB_5_21.tiff
train,Pepper\I\Healthy,Healthy,H_15,15,5,22,Datasets/TOBRFV-LMID/RGB/Pepper/I/Healthy/H_15_RGB_5_22.tiff
train,Pepper\I\Healthy,Healthy,H_15,15,5,23,Datasets/TOBRFV-LMID/RGB/Pepper/I/Healthy/H_15_RGB_5_23.tiff
train,Pepper\I\Healthy,Healthy,H_15,15,5,24,Datasets/TOBRFV-LMID/RGB/Pepper/I/Healthy/H_15_RGB_5_24.tiff
train,Pepper\I\Healthy,Healthy,H_15,15,5,25,Datasets/TOBRFV-LMID/RGB/Pepper/I/Healthy/H_15_RGB_5_25.tiff
train,Pepper\I\Healthy,Healthy,H_15,15,5,26,Datasets/TOBRFV-LMID/RGB/Pepper/I/Healthy/H_15_RGB_5_26.tiff
train,Pepper\I\Healthy,Healthy,H_15,15,5,27,Datasets/TOBRFV-LMID/RGB/Pepper/I/Healthy/H_15_RGB_5_27.tiff
train,Pepper\I\Healthy,Healthy,H_15,15,5,28,Datasets/TOBRFV-LMID/RGB/Pepper/I/Healthy/H_15_RGB_5_28.tiff
train,Pepper\I\Healthy,Healthy,H_15,15,5,29,Datasets/TOBRFV-LMID/RGB/Pepper/I/Healthy/H_15_RGB_5_29.tiff
train,Pepper\I\Healthy,Healthy,H_15,15,5,3,Datasets/TOBRFV-LMID/RGB/Pepper/I/Healthy/H_15_RGB_5_3.tiff
train,Pepper\I\Healthy,Healthy,H_15,15,5,30,Datasets/TOBRFV-LMID/RGB/Pepper/I/Healthy/H_15_RGB_5_30.tiff
train,Pepper\I\Healthy,Healthy,H_15,15,5,31,Datasets/TOBRFV-LMID/RGB/Pepper/I/Healthy/H_15_RGB_5_31.tiff
train,Pepper\I\Healthy,Healthy,H_15,15,5,32,Datasets/TOBRFV-LMID/RGB/Pepper/I/Healthy/H_15_RGB_5_32.tiff
train,Pepper\I\Healthy,Healthy,H_15,15,5,33,Datasets/TOBRFV-LMID/RGB/Pepper/I/Healthy/H_15_RGB_5_33.tiff
train,Pepper\I\Healthy,Healthy,H_15,15,5,34,Datasets/TOBRFV-LMID/RGB/Pepper/I/Healthy/H_15_RGB_5_34.tiff
train,Pepper\I\Healthy,Healthy,H_15,15,5,35,Datasets/TOBRFV-LMID/RGB/Pepper/I/Healthy/H_15_RGB_5_35.tiff
train,Pepper\I\Healthy,Healthy,H_15,15,5,36,Datasets/TOBRFV-LMID/RGB/Pepper/I/Healthy/H_15_RGB_5_36.tiff
train,Pepper\I\Healthy,Healthy,H_15,15,5,37,Datasets/TOBRFV-LMID/RGB/Pepper/I/Healthy/H_15_RGB_5_37.tiff
train,Pepper\I\Healthy,Healthy,H_15,15,5,38,Datasets/TOBRFV-LMID/RGB/Pepper/I/Healthy/H_15_RGB_5_38.tiff
train,Pepper\I\Healthy,Healthy,H_15,15,5,39,Datasets/TOBRFV-LMID/RGB/Pepper/I/Healthy/H_15_RGB_5_39.tiff
train,Pepper\I\Healthy,Healthy,H_15,15,5,4,Datasets/TOBRFV-LMID/RGB/Pepper/I/Healthy/H_15_RGB_5_4.tiff
train,Pepper\I\Healthy,Healthy,H_15,15,5,40,Datasets/TOBRFV-LMID/RGB/Pepper/I/Healthy/H_15_RGB_5_40.tiff
train,Pepper\I\Healthy,Healthy,H_15,15,5,41,Datasets/TOBRFV-LMID/RGB/Pepper/I/Healthy/H_15_RGB_5_41.tiff
train,Pepper\I\Healthy,Healthy,H_15,15,5,42,Datasets/TOBRFV-LMID/RGB/Pepper/I/Healthy/H_15_RGB_5_42.tiff
train,Pepper\I\Healthy,Healthy,H_15,15,5,43,Datasets/TOBRFV-LMID/RGB/Pepper/I/Healthy/H_15_RGB_5_43.tiff
train,Pepper\I\Healthy,Healthy,H_15,15,5,45,Datasets/TOBRFV-LMID/RGB/Pepper/I/Healthy/H_15_RGB_5_45.tiff
train,Pepper\I\Healthy,Healthy,H_15,15,5,5,Datasets/TOBRFV-LMID/RGB/Pepper/I/Healthy/H_15_RGB_5_5.tiff
train,Pepper\I\Healthy,Healthy,H_15,15,5,6,Datasets/TOBRFV-LMID/RGB/Pepper/I/Healthy/H_15_RGB_5_6.tiff
train,Pepper\I\Healthy,Healthy,H_15,15,5,7,Datasets/TOBRFV-LMID/RGB/Pepper/I/Healthy/H_15_RGB_5_7.tiff
train,Pepper\I\Healthy,Healthy,H_15,15,5,8,Datasets/TOBRFV-LMID/RGB/Pepper/I/Healthy/H_15_RGB_5_8.tiff
train,Pepper\I\Healthy,Healthy,H_15,15,5,9,Datasets/TOBRFV-LMID/RGB/Pepper/I/Healthy/H_15_RGB_5_9.tiff
train,Pepper\I\Healthy,Healthy,H_9,9,0,1,Datasets/TOBRFV-LMID/RGB/Pepper/I/Healthy/H_9_RGB_0_1.tiff
train,Pepper\I\Healthy,Healthy,H_9,9,0,12,Datasets/TOBRFV-LMID/RGB/Pepper/I/Healthy/H_9_RGB_0_12.tiff
train,Pepper\I\Healthy,Healthy,H_9,9,0,13,Datasets/TOBRFV-LMID/RGB/Pepper/I/Healthy/H_9_RGB_0_13.tiff
train,Pepper\I\Healthy,Healthy,H_9,9,0,14,Datasets/TOBRFV-LMID/RGB/Pepper/I/Healthy/H_9_RGB_0_14.tiff
train,Pepper\I\Healthy,Healthy,H_9,9,0,15,Datasets/TOBRFV-LMID/RGB/Pepper/I/Healthy/H_9_RGB_0_15.tiff
train,Pepper\I\Healthy,Healthy,H_9,9,0,16,Datasets/TOBRFV-LMID/RGB/Pepper/I/Healthy/H_9_RGB_0_16.tiff
train,Pepper\I\Healthy,Healthy,H_9,9,0,17,Datasets/TOBRFV-LMID/RGB/Pepper/I/Healthy/H_9_RGB_0_17.tiff
train,Pepper\I\Healthy,Healthy,H_9,9,0,18,Datasets/TOBRFV-LMID/RGB/Pepper/I/Healthy/H_9_RGB_0_18.tiff
train,Pepper\I\Healthy,Healthy,H_9,9,0,19,Datasets/TOBRFV-LMID/RGB/Pepper/I/Healthy/H_9_RGB_0_19.tiff
train,Pepper\I\Healthy,Healthy,H_9,9,0,2,Datasets/TOBRFV-LMID/RGB/Pepper/I/Healthy/H_9_RGB_0_2.tiff
train,Pepper\I\Healthy,Healthy,H_9,9,0,20,Datasets/TOBRFV-LMID/RGB/Pepper/I/Healthy/H_9_RGB_0_20.tiff
train,Pepper\I\Healthy,Healthy,H_9,9,0,21,Datasets/TOBRFV-LMID/RGB/Pepper/I/Healthy/H_9_RGB_0_21.tiff
train,Pepper\I\Healthy,Healthy,H_9,9,0,22,Datasets/TOBRFV-LMID/RGB/Pepper/I/Healthy/H_9_RGB_0_22.tiff
train,Pepper\I\Healthy,Healthy,H_9,9,0,23,Datasets/TOBRFV-LMID/RGB/Pepper/I/Healthy/H_9_RGB_0_23.tiff
train,Pepper\I\Healthy,Healthy,H_9,9,0,24,Datasets/TOBRFV-LMID/RGB/Pepper/I/Healthy/H_9_RGB_0_24.tiff
train,Pepper\I\Healthy,Healthy,H_9,9,0,25,Datasets/TOBRFV-LMID/RGB/Pepper/I/Healthy/H_9_RGB_0_25.tiff
train,Pepper\I\Healthy,Healthy,H_9,9,0,26,Datasets/TOBRFV-LMID/RGB/Pepper/I/Healthy/H_9_RGB_0_26.tiff
train,Pepper\I\Healthy,Healthy,H_9,9,0,27,Datasets/TOBRFV-LMID/RGB/Pepper/I/Healthy/H_9_RGB_0_27.tiff
train,Pepper\I\Healthy,Healthy,H_9,9,0,28,Datasets/TOBRFV-LMID/RGB/Pepper/I/Healthy/H_9_RGB_0_28.tiff
train,Pepper\I\Healthy,Healthy,H_9,9,0,29,Datasets/TOBRFV-LMID/RGB/Pepper/I/Healthy/H_9_RGB_0_29.tiff
train,Pepper\I\Healthy,Healthy,H_9,9,0,3,Datasets/TOBRFV-LMID/RGB/Pepper/I/Healthy/H_9_RGB_0_3.tiff
train,Pepper\I\Healthy,Healthy,H_9,9,0,30,Datasets/TOBRFV-LMID/RGB/Pepper/I/Healthy/H_9_RGB_0_30.tiff
train,Pepper\I\Healthy,Healthy,H_9,9,0,31,Datasets/TOBRFV-LMID/RGB/Pepper/I/Healthy/H_9_RGB_0_31.tiff
train,Pepper\I\Healthy,Healthy,H_9,9,0,32,Datasets/TOBRFV-LMID/RGB/Pepper/I/Healthy/H_9_RGB_0_32.tiff
train,Pepper\I\Healthy,Healthy,H_9,9,0,33,Datasets/TOBRFV-LMID/RGB/Pepper/I/Healthy/H_9_RGB_0_33.tiff
train,Pepper\I\Healthy,Healthy,H_9,9,0,34,Datasets/TOBRFV-LMID/RGB/Pepper/I/Healthy/H_9_RGB_0_34.tiff
train,Pepper\I\Healthy,Healthy,H_9,9,0,35,Datasets/TOBRFV-LMID/RGB/Pepper/I/Healthy/H_9_RGB_0_35.tiff
train,Pepper\I\Healthy,Healthy,H_9,9,0,36,Datasets/TOBRFV-LMID/RGB/Pepper/I/Healthy/H_9_RGB_0_36.tiff
train,Pepper\I\Healthy,Healthy,H_9,9,0,37,Datasets/TOBRFV-LMID/RGB/Pepper/I/Healthy/H_9_RGB_0_37.tiff
train,Pepper\I\Healthy,Healthy,H_9,9,0,38,Datasets/TOBRFV-LMID/RGB/Pepper/I/Healthy/H_9_RGB_0_38.tiff
train,Pepper\I\Healthy,Healthy,H_9,9,0,39,Datasets/TOBRFV-LMID/RGB/Pepper/I/Healthy/H_9_RGB_0_39.tiff
train,Pepper\I\Healthy,Healthy,H_9,9,0,4,Datasets/TOBRFV-LMID/RGB/Pepper/I/Healthy/H_9_RGB_0_4.tiff
train,Pepper\I\Healthy,Healthy,H_9,9,0,40,Datasets/TOBRFV-LMID/RGB/Pepper/I/Healthy/H_9_RGB_0_40.tiff
train,Pepper\I\Healthy,Healthy,H_9,9,0,41,Datasets/TOBRFV-LMID/RGB/Pepper/I/Healthy/H_9_RGB_0_41.tiff
train,Pepper\I\Healthy,Healthy,H_9,9,0,42,Datasets/TOBRFV-LMID/RGB/Pepper/I/Healthy/H_9_RGB_0_42.tiff
train,Pepper\I\Healthy,Healthy,H_9,9,0,43,Datasets/TOBRFV-LMID/RGB/Pepper/I/Healthy/H_9_RGB_0_43.tiff
train,Pepper\I\Healthy,Healthy,H_9,9,0,44,Datasets/TOBRFV-LMID/RGB/Pepper/I/Healthy/H_9_RGB_0_44.tiff
train,Pepper\I\Healthy,Healthy,H_9,9,0,45,Datasets/TOBRFV-LMID/RGB/Pepper/I/Healthy/H_9_RGB_0_45.tiff
train,Pepper\I\Healthy,Healthy,H_9,9,0,5,Datasets/TOBRFV-LMID/RGB/Pepper/I/Healthy/H_9_RGB_0_5.tiff
train,Pepper\I\Healthy,Healthy,H_9,9,0,6,Datasets/TOBRFV-LMID/RGB/Pepper/I/Healthy/H_9_RGB_0_6.tiff
train,Pepper\I\Healthy,Healthy,H_9,9,0,7,Datasets/TOBRFV-LMID/RGB/Pepper/I/Healthy/H_9_RGB_0_7.tiff
train,Pepper\I\Healthy,Healthy,H_9,9,0,8,Datasets/TOBRFV-LMID/RGB/Pepper/I/Healthy/H_9_RGB_0_8.tiff
train,Pepper\I\Healthy,Healthy,H_9,9,5,12,Datasets/TOBRFV-LMID/RGB/Pepper/I/Healthy/H_9_RGB_5_12.tiff
train,Pepper\I\Healthy,Healthy,H_9,9,5,13,Datasets/TOBRFV-LMID/RGB/Pepper/I/Healthy/H_9_RGB_5_13.tiff
train,Pepper\I\Healthy,Healthy,H_9,9,5,14,Datasets/TOBRFV-LMID/RGB/Pepper/I/Healthy/H_9_RGB_5_14.tiff
train,Pepper\I\Healthy,Healthy,H_9,9,5,15,Datasets/TOBRFV-LMID/RGB/Pepper/I/Healthy/H_9_RGB_5_15.tiff
train,Pepper\I\Healthy,Healthy,H_9,9,5,16,Datasets/TOBRFV-LMID/RGB/Pepper/I/Healthy/H_9_RGB_5_16.tiff
train,Pepper\I\Healthy,Healthy,H_9,9,5,18,Datasets/TOBRFV-LMID/RGB/Pepper/I/Healthy/H_9_RGB_5_18.tiff
train,Pepper\I\Healthy,Healthy,H_9,9,5,19,Datasets/TOBRFV-LMID/RGB/Pepper/I/Healthy/H_9_RGB_5_19.tiff
train,Pepper\I\Healthy,Healthy,H_9,9,5,2,Datasets/TOBRFV-LMID/RGB/Pepper/I/Healthy/H_9_RGB_5_2.tiff
train,Pepper\I\Healthy,Healthy,H_9,9,5,25,Datasets/TOBRFV-LMID/RGB/Pepper/I/Healthy/H_9_RGB_5_25.tiff
train,Pepper\I\Healthy,Healthy,H_9,9,5,28,Datasets/TOBRFV-LMID/RGB/Pepper/I/Healthy/H_9_RGB_5_28.tiff
train,Pepper\I\Healthy,Healthy,H_9,9,5,29,Datasets/TOBRFV-LMID/RGB/Pepper/I/Healthy/H_9_RGB_5_29.tiff
train,Pepper\I\Healthy,Healthy,H_9,9,5,30,Datasets/TOBRFV-LMID/RGB/Pepper/I/Healthy/H_9_RGB_5_30.tiff
train,Pepper\I\Healthy,Healthy,H_9,9,5,33,Datasets/TOBRFV-LMID/RGB/Pepper/I/Healthy/H_9_RGB_5_33.tiff
train,Pepper\I\Healthy,Healthy,H_9,9,5,36,Datasets/TOBRFV-LMID/RGB/Pepper/I/Healthy/H_9_RGB_5_36.tiff
train,Pepper\I\Healthy,Healthy,H_9,9,5,37,Datasets/TOBRFV-LMID/RGB/Pepper/I/Healthy/H_9_RGB_5_37.tiff
train,Pepper\I\Healthy,Healthy,H_9,9,5,39,Datasets/TOBRFV-LMID/RGB/Pepper/I/Healthy/H_9_RGB_5_39.tiff
train,Pepper\I\Healthy,Healthy,H_9,9,5,4,Datasets/TOBRFV-LMID/RGB/Pepper/I/Healthy/H_9_RGB_5_4.tiff
train,Pepper\I\Healthy,Healthy,H_9,9,5,40,Datasets/TOBRFV-LMID/RGB/Pepper/I/Healthy/H_9_RGB_5_40.tiff
train,Pepper\I\Healthy,Healthy,H_9,9,5,42,Datasets/TOBRFV-LMID/RGB/Pepper/I/Healthy/H_9_RGB_5_42.tiff
train,Pepper\I\Healthy,Healthy,H_9,9,5,43,Datasets/TOBRFV-LMID/RGB/Pepper/I/Healthy/H_9_RGB_5_43.tiff
train,Pepper\I\Healthy,Healthy,H_9,9,5,44,Datasets/TOBRFV-LMID/RGB/Pepper/I/Healthy/H_9_RGB_5_44.tiff
train,Pepper\I\Healthy,Healthy,H_9,9,5,45,Datasets/TOBRFV-LMID/RGB/Pepper/I/Healthy/H_9_RGB_5_45.tiff
train,Pepper\I\Healthy,Healthy,H_9,9,5,5,Datasets/TOBRFV-LMID/RGB/Pepper/I/Healthy/H_9_RGB_5_5.tiff
train,Pepper\I\Healthy,Healthy,H_9,9,5,6,Datasets/TOBRFV-LMID/RGB/Pepper/I/Healthy/H_9_RGB_5_6.tiff
train,Pepper\I\Healthy,Healthy,H_5,5,0,1,Datasets/TOBRFV-LMID/RGB/Pepper/I/Healthy/H_5_RGB_0_1.tiff
train,Pepper\I\Healthy,Healthy,H_5,5,0,10,Datasets/TOBRFV-LMID/RGB/Pepper/I/Healthy/H_5_RGB_0_10.tiff
train,Pepper\I\Healthy,Healthy,H_5,5,0,12,Datasets/TOBRFV-LMID/RGB/Pepper/I/Healthy/H_5_RGB_0_12.tiff
train,Pepper\I\Healthy,Healthy,H_5,5,0,13,Datasets/TOBRFV-LMID/RGB/Pepper/I/Healthy/H_5_RGB_0_13.tiff
train,Pepper\I\Healthy,Healthy,H_5,5,0,14,Datasets/TOBRFV-LMID/RGB/Pepper/I/Healthy/H_5_RGB_0_14.tiff
train,Pepper\I\Healthy,Healthy,H_5,5,0,15,Datasets/TOBRFV-LMID/RGB/Pepper/I/Healthy/H_5_RGB_0_15.tiff
train,Pepper\I\Healthy,Healthy,H_5,5,0,16,Datasets/TOBRFV-LMID/RGB/Pepper/I/Healthy/H_5_RGB_0_16.tiff
train,Pepper\I\Healthy,Healthy,H_5,5,0,17,Datasets/TOBRFV-LMID/RGB/Pepper/I/Healthy/H_5_RGB_0_17.tiff
train,Pepper\I\Healthy,Healthy,H_5,5,0,18,Datasets/TOBRFV-LMID/RGB/Pepper/I/Healthy/H_5_RGB_0_18.tiff
train,Pepper\I\Healthy,Healthy,H_5,5,0,19,Datasets/TOBRFV-LMID/RGB/Pepper/I/Healthy/H_5_RGB_0_19.tiff
train,Pepper\I\Healthy,Healthy,H_5,5,0,2,Datasets/TOBRFV-LMID/RGB/Pepper/I/Healthy/H_5_RGB_0_2.tiff
train,Pepper\I\Healthy,Healthy,H_5,5,0,20,Datasets/TOBRFV-LMID/RGB/Pepper/I/Healthy/H_5_RGB_0_20.tiff
train,Pepper\I\Healthy,Healthy,H_5,5,0,22,Datasets/TOBRFV-LMID/RGB/Pepper/I/Healthy/H_5_RGB_0_22.tiff
train,Pepper\I\Healthy,Healthy,H_5,5,0,23,Datasets/TOBRFV-LMID/RGB/Pepper/I/Healthy/H_5_RGB_0_23.tiff
train,Pepper\I\Healthy,Healthy,H_5,5,0,24,Datasets/TOBRFV-LMID/RGB/Pepper/I/Healthy/H_5_RGB_0_24.tiff
train,Pepper\I\Healthy,Healthy,H_5,5,0,25,Datasets/TOBRFV-LMID/RGB/Pepper/I/Healthy/H_5_RGB_0_25.tiff
train,Pepper\I\Healthy,Healthy,H_5,5,0,3,Datasets/TOBRFV-LMID/RGB/Pepper/I/Healthy/H_5_RGB_0_3.tiff
train,Pepper\I\Healthy,Healthy,H_5,5,0,30,Datasets/TOBRFV-LMID/RGB/Pepper/I/Healthy/H_5_RGB_0_30.tiff
train,Pepper\I\Healthy,Healthy,H_5,5,0,31,Datasets/TOBRFV-LMID/RGB/Pepper/I/Healthy/H_5_RGB_0_31.tiff
train,Pepper\I\Healthy,Healthy,H_5,5,0,32,Datasets/TOBRFV-LMID/RGB/Pepper/I/Healthy/H_5_RGB_0_32.tiff
train,Pepper\I\Healthy,Healthy,H_5,5,0,34,Datasets/TOBRFV-LMID/RGB/Pepper/I/Healthy/H_5_RGB_0_34.tiff
train,Pepper\I\Healthy,Healthy,H_5,5,0,35,Datasets/TOBRFV-LMID/RGB/Pepper/I/Healthy/H_5_RGB_0_35.tiff
train,Pepper\I\Healthy,Healthy,H_5,5,0,36,Datasets/TOBRFV-LMID/RGB/Pepper/I/Healthy/H_5_RGB_0_36.tiff
train,Pepper\I\Healthy,Healthy,H_5,5,0,38,Datasets/TOBRFV-LMID/RGB/Pepper/I/Healthy/H_5_RGB_0_38.tiff
train,Pepper\I\Healthy,Healthy,H_5,5,0,39,Datasets/TOBRFV-LMID/RGB/Pepper/I/Healthy/H_5_RGB_0_39.tiff
train,Pepper\I\Healthy,Healthy,H_5,5,0,4,Datasets/TOBRFV-LMID/RGB/Pepper/I/Healthy/H_5_RGB_0_4.tiff
train,Pepper\I\Healthy,Healthy,H_5,5,0,40,Datasets/TOBRFV-LMID/RGB/Pepper/I/Healthy/H_5_RGB_0_40.tiff
train,Pepper\I\Healthy,Healthy,H_5,5,0,41,Datasets/TOBRFV-LMID/RGB/Pepper/I/Healthy/H_5_RGB_0_41.tiff
train,Pepper\I\Healthy,Healthy,H_5,5,0,42,Datasets/TOBRFV-LMID/RGB/Pepper/I/Healthy/H_5_RGB_0_42.tiff
train,Pepper\I\Healthy,Healthy,H_5,5,0,43,Datasets/TOBRFV-LMID/RGB/Pepper/I/Healthy/H_5_RGB_0_43.tiff
train,Pepper\I\Healthy,Healthy,H_5,5,0,44,Datasets/TOBRFV-LMID/RGB/Pepper/I/Healthy/H_5_RGB_0_44.tiff
train,Pepper\I\Healthy,Healthy,H_5,5,0,5,Datasets/TOBRFV-LMID/RGB/Pepper/I/Healthy/H_5_RGB_0_5.tiff
train,Pepper\I\Healthy,Healthy,H_5,5,0,6,Datasets/TOBRFV-LMID/RGB/Pepper/I/Healthy/H_5_RGB_0_6.tiff
train,Pepper\I\Healthy,Healthy,H_5,5,0,7,Datasets/TOBRFV-LMID/RGB/Pepper/I/Healthy/H_5_RGB_0_7.tiff
train,Pepper\I\Healthy,Healthy,H_5,5,0,8,Datasets/TOBRFV-LMID/RGB/Pepper/I/Healthy/H_5_RGB_0_8.tiff
train,Pepper\I\Healthy,Healthy,H_5,5,0,9,Datasets/TOBRFV-LMID/RGB/Pepper/I/Healthy/H_5_RGB_0_9.tiff
train,Pepper\I\Healthy,Healthy,H_5,5,5,1,Datasets/TOBRFV-LMID/RGB/Pepper/I/Healthy/H_5_RGB_5_1.tiff
train,Pepper\I\Healthy,Healthy,H_5,5,5,10,Datasets/TOBRFV-LMID/RGB/Pepper/I/Healthy/H_5_RGB_5_10.tiff
train,Pepper\I\Healthy,Healthy,H_5,5,5,13,Datasets/TOBRFV-LMID/RGB/Pepper/I/Healthy/H_5_RGB_5_13.tiff
train,Pepper\I\Healthy,Healthy,H_5,5,5,16,Datasets/TOBRFV-LMID/RGB/Pepper/I/Healthy/H_5_RGB_5_16.tiff
train,Pepper\I\Healthy,Healthy,H_5,5,5,17,Datasets/TOBRFV-LMID/RGB/Pepper/I/Healthy/H_5_RGB_5_17.tiff
train,Pepper\I\Healthy,Healthy,H_5,5,5,18,Datasets/TOBRFV-LMID/RGB/Pepper/I/Healthy/H_5_RGB_5_18.tiff
train,Pepper\I\Healthy,Healthy,H_5,5,5,19,Datasets/TOBRFV-LMID/RGB/Pepper/I/Healthy/H_5_RGB_5_19.tiff
train,Pepper\I\Healthy,Healthy,H_5,5,5,2,Datasets/TOBRFV-LMID/RGB/Pepper/I/Healthy/H_5_RGB_5_2.tiff
train,Pepper\I\Healthy,Healthy,H_5,5,5,22,Datasets/TOBRFV-LMID/RGB/Pepper/I/Healthy/H_5_RGB_5_22.tiff
train,Pepper\I\Healthy,Healthy,H_5,5,5,23,Datasets/TOBRFV-LMID/RGB/Pepper/I/Healthy/H_5_RGB_5_23.tiff
train,Pepper\I\Healthy,Healthy,H_5,5,5,24,Datasets/TOBRFV-LMID/RGB/Pepper/I/Healthy/H_5_RGB_5_24.tiff
train,Pepper\I\Healthy,Healthy,H_5,5,5,25,Datasets/TOBRFV-LMID/RGB/Pepper/I/Healthy/H_5_RGB_5_25.tiff
train,Pepper\I\Healthy,Healthy,H_5,5,5,26,Datasets/TOBRFV-LMID/RGB/Pepper/I/Healthy/H_5_RGB_5_26.tiff
train,Pepper\I\Healthy,Healthy,H_5,5,5,27,Datasets/TOBRFV-LMID/RGB/Pepper/I/Healthy/H_5_RGB_5_27.tiff
train,Pepper\I\Healthy,Healthy,H_5,5,5,28,Datasets/TOBRFV-LMID/RGB/Pepper/I/Healthy/H_5_RGB_5_28.tiff
train,Pepper\I\Healthy,Healthy,H_5,5,5,29,Datasets/TOBRFV-LMID/RGB/Pepper/I/Healthy/H_5_RGB_5_29.tiff
train,Pepper\I\Healthy,Healthy,H_5,5,5,3,Datasets/TOBRFV-LMID/RGB/Pepper/I/Healthy/H_5_RGB_5_3.tiff
train,Pepper\I\Healthy,Healthy,H_5,5,5,31,Datasets/TOBRFV-LMID/RGB/Pepper/I/Healthy/H_5_RGB_5_31.tiff
train,Pepper\I\Healthy,Healthy,H_5,5,5,32,Datasets/TOBRFV-LMID/RGB/Pepper/I/Healthy/H_5_RGB_5_32.tiff
train,Pepper\I\Healthy,Healthy,H_5,5,5,33,Datasets/TOBRFV-LMID/RGB/Pepper/I/Healthy/H_5_RGB_5_33.tiff
train,Pepper\I\Healthy,Healthy,H_5,5,5,34,Datasets/TOBRFV-LMID/RGB/Pepper/I/Healthy/H_5_RGB_5_34.tiff
train,Pepper\I\Healthy,Healthy,H_5,5,5,35,Datasets/TOBRFV-LMID/RGB/Pepper/I/Healthy/H_5_RGB_5_35.tiff
train,Pepper\I\Healthy,Healthy,H_5,5,5,36,Datasets/TOBRFV-LMID/RGB/Pepper/I/Healthy/H_5_RGB_5_36.tiff
train,Pepper\I\Healthy,Healthy,H_5,5,5,37,Datasets/TOBRFV-LMID/RGB/Pepper/I/Healthy/H_5_RGB_5_37.tiff
train,Pepper\I\Healthy,Healthy,H_5,5,5,39,Datasets/TOBRFV-LMID/RGB/Pepper/I/Healthy/H_5_RGB_5_39.tiff
train,Pepper\I\Healthy,Healthy,H_5,5,5,4,Datasets/TOBRFV-LMID/RGB/Pepper/I/Healthy/H_5_RGB_5_4.tiff
train,Pepper\I\Healthy,Healthy,H_5,5,5,40,Datasets/TOBRFV-LMID/RGB/Pepper/I/Healthy/H_5_RGB_5_40.tiff
train,Pepper\I\Healthy,Healthy,H_5,5,5,41,Datasets/TOBRFV-LMID/RGB/Pepper/I/Healthy/H_5_RGB_5_41.tiff
train,Pepper\I\Healthy,Healthy,H_5,5,5,42,Datasets/TOBRFV-LMID/RGB/Pepper/I/Healthy/H_5_RGB_5_42.tiff
train,Pepper\I\Healthy,Healthy,H_5,5,5,43,Datasets/TOBRFV-LMID/RGB/Pepper/I/Healthy/H_5_RGB_5_43.tiff
train,Pepper\I\Healthy,Healthy,H_5,5,5,44,Datasets/TOBRFV-LMID/RGB/Pepper/I/Healthy/H_5_RGB_5_44.tiff
train,Pepper\I\Healthy,Healthy,H_5,5,5,5,Datasets/TOBRFV-LMID/RGB/Pepper/I/Healthy/H_5_RGB_5_5.tiff
train,Pepper\I\Healthy,Healthy,H_5,5,5,6,Datasets/TOBRFV-LMID/RGB/Pepper/I/Healthy/H_5_RGB_5_6.tiff
train,Pepper\I\Healthy,Healthy,H_5,5,5,8,Datasets/TOBRFV-LMID/RGB/Pepper/I/Healthy/H_5_RGB_5_8.tiff
train,Pepper\I\Healthy,Healthy,H_23,23,0,1,Datasets/TOBRFV-LMID/RGB/Pepper/I/Healthy/H_23_RGB_0_1.tiff
train,Pepper\I\Healthy,Healthy,H_23,23,0,10,Datasets/TOBRFV-LMID/RGB/Pepper/I/Healthy/H_23_RGB_0_10.tiff
train,Pepper\I\Healthy,Healthy,H_23,23,0,11,Datasets/TOBRFV-LMID/RGB/Pepper/I/Healthy/H_23_RGB_0_11.tiff
train,Pepper\I\Healthy,Healthy,H_23,23,0,12,Datasets/TOBRFV-LMID/RGB/Pepper/I/Healthy/H_23_RGB_0_12.tiff
train,Pepper\I\Healthy,Healthy,H_23,23,0,13,Datasets/TOBRFV-LMID/RGB/Pepper/I/Healthy/H_23_RGB_0_13.tiff
train,Pepper\I\Healthy,Healthy,H_23,23,0,14,Datasets/TOBRFV-LMID/RGB/Pepper/I/Healthy/H_23_RGB_0_14.tiff
train,Pepper\I\Healthy,Healthy,H_23,23,0,15,Datasets/TOBRFV-LMID/RGB/Pepper/I/Healthy/H_23_RGB_0_15.tiff
train,Pepper\I\Healthy,Healthy,H_23,23,0,16,Datasets/TOBRFV-LMID/RGB/Pepper/I/Healthy/H_23_RGB_0_16.tiff
train,Pepper\I\Healthy,Healthy,H_23,23,0,17,Datasets/TOBRFV-LMID/RGB/Pepper/I/Healthy/H_23_RGB_0_17.tiff
train,Pepper\I\Healthy,Healthy,H_23,23,0,18,Datasets/TOBRFV-LMID/RGB/Pepper/I/Healthy/H_23_RGB_0_18.tiff
train,Pepper\I\Healthy,Healthy,H_23,23,0,19,Datasets/TOBRFV-LMID/RGB/Pepper/I/Healthy/H_23_RGB_0_19.tiff
train,Pepper\I\Healthy,Healthy,H_23,23,0,2,Datasets/TOBRFV-LMID/RGB/Pepper/I/Healthy/H_23_RGB_0_2.tiff
train,Pepper\I\Healthy,Healthy,H_23,23,0,20,Datasets/TOBRFV-LMID/RGB/Pepper/I/Healthy/H_23_RGB_0_20.tiff
train,Pepper\I\Healthy,Healthy,H_23,23,0,21,Datasets/TOBRFV-LMID/RGB/Pepper/I/Healthy/H_23_RGB_0_21.tiff
train,Pepper\I\Healthy,Healthy,H_23,23,0,22,Datasets/TOBRFV-LMID/RGB/Pepper/I/Healthy/H_23_RGB_0_22.tiff
train,Pepper\I\Healthy,Healthy,H_23,23,0,23,Datasets/TOBRFV-LMID/RGB/Pepper/I/Healthy/H_23_RGB_0_23.tiff
train,Pepper\I\Healthy,Healthy,H_23,23,0,24,Datasets/TOBRFV-LMID/RGB/Pepper/I/Healthy/H_23_RGB_0_24.tiff
train,Pepper\I\Healthy,Healthy,H_23,23,0,25,Datasets/TOBRFV-LMID/RGB/Pepper/I/Healthy/H_23_RGB_0_25.tiff
train,Pepper\I\Healthy,Healthy,H_23,23,0,26,Datasets/TOBRFV-LMID/RGB/Pepper/I/Healthy/H_23_RGB_0_26.tiff
train,Pepper\I\Healthy,Healthy,H_23,23,0,27,Datasets/TOBRFV-LMID/RGB/Pepper/I/Healthy/H_23_RGB_0_27.tiff
train,Pepper\I\Healthy,Healthy,H_23,23,0,28,Datasets/TOBRFV-LMID/RGB/Pepper/I/Healthy/H_23_RGB_0_28.tiff
train,Pepper\I\Healthy,Healthy,H_23,23,0,29,Datasets/TOBRFV-LMID/RGB/Pepper/I/Healthy/H_23_RGB_0_29.tiff
train,Pepper\I\Healthy,Healthy,H_23,23,0,3,Datasets/TOBRFV-LMID/RGB/Pepper/I/Healthy/H_23_RGB_0_3.tiff
train,Pepper\I\Healthy,Healthy,H_23,23,0,30,Datasets/TOBRFV-LMID/RGB/Pepper/I/Healthy/H_23_RGB_0_30.tiff
train,Pepper\I\Healthy,Healthy,H_23,23,0,31,Datasets/TOBRFV-LMID/RGB/Pepper/I/Healthy/H_23_RGB_0_31.tiff
train,Pepper\I\Healthy,Healthy,H_23,23,0,32,Datasets/TOBRFV-LMID/RGB/Pepper/I/Healthy/H_23_RGB_0_32.tiff
train,Pepper\I\Healthy,Healthy,H_23,23,0,33,Datasets/TOBRFV-LMID/RGB/Pepper/I/Healthy/H_23_RGB_0_33.tiff
train,Pepper\I\Healthy,Healthy,H_23,23,0,34,Datasets/TOBRFV-LMID/RGB/Pepper/I/Healthy/H_23_RGB_0_34.tiff
train,Pepper\I\Healthy,Healthy,H_23,23,0,35,Datasets/TOBRFV-LMID/RGB/Pepper/I/Healthy/H_23_RGB_0_35.tiff
train,Pepper\I\Healthy,Healthy,H_23,23,0,36,Datasets/TOBRFV-LMID/RGB/Pepper/I/Healthy/H_23_RGB_0_36.tiff
train,Pepper\I\Healthy,Healthy,H_23,23,0,37,Datasets/TOBRFV-LMID/RGB/Pepper/I/Healthy/H_23_RGB_0_37.tiff
train,Pepper\I\Healthy,Healthy,H_23,23,0,38,Datasets/TOBRFV-LMID/RGB/Pepper/I/Healthy/H_23_RGB_0_38.tiff
train,Pepper\I\Healthy,Healthy,H_23,23,0,39,Datasets/TOBRFV-LMID/RGB/Pepper/I/Healthy/H_23_RGB_0_39.tiff
train,Pepper\I\Healthy,Healthy,H_23,23,0,4,Datasets/TOBRFV-LMID/RGB/Pepper/I/Healthy/H_23_RGB_0_4.tiff
train,Pepper\I\Healthy,Healthy,H_23,23,0,40,Datasets/TOBRFV-LMID/RGB/Pepper/I/Healthy/H_23_RGB_0_40.tiff
train,Pepper\I\Healthy,Healthy,H_23,23,0,41,Datasets/TOBRFV-LMID/RGB/Pepper/I/Healthy/H_23_RGB_0_41.tiff
train,Pepper\I\Healthy,Healthy,H_23,23,0,42,Datasets/TOBRFV-LMID/RGB/Pepper/I/Healthy/H_23_RGB_0_42.tiff
train,Pepper\I\Healthy,Healthy,H_23,23,0,43,Datasets/TOBRFV-LMID/RGB/Pepper/I/Healthy/H_23_RGB_0_43.tiff
train,Pepper\I\Healthy,Healthy,H_23,23,0,44,Datasets/TOBRFV-LMID/RGB/Pepper/I/Healthy/H_23_RGB_0_44.tiff
train,Pepper\I\Healthy,Healthy,H_23,23,0,5,Datasets/TOBRFV-LMID/RGB/Pepper/I/Healthy/H_23_RGB_0_5.tiff
train,Pepper\I\Healthy,Healthy,H_23,23,0,6,Datasets/TOBRFV-LMID/RGB/Pepper/I/Healthy/H_23_RGB_0_6.tiff
train,Pepper\I\Healthy,Healthy,H_23,23,0,7,Datasets/TOBRFV-LMID/RGB/Pepper/I/Healthy/H_23_RGB_0_7.tiff
train,Pepper\I\Healthy,Healthy,H_23,23,0,8,Datasets/TOBRFV-LMID/RGB/Pepper/I/Healthy/H_23_RGB_0_8.tiff
train,Pepper\I\Healthy,Healthy,H_23,23,0,9,Datasets/TOBRFV-LMID/RGB/Pepper/I/Healthy/H_23_RGB_0_9.tiff
train,Pepper\I\Healthy,Healthy,H_23,23,15,1,Datasets/TOBRFV-LMID/RGB/Pepper/I/Healthy/H_23_RGB_15_1.tiff
train,Pepper\I\Healthy,Healthy,H_23,23,15,10,Datasets/TOBRFV-LMID/RGB/Pepper/I/Healthy/H_23_RGB_15_10.tiff
train,Pepper\I\Healthy,Healthy,H_23,23,15,11,Datasets/TOBRFV-LMID/RGB/Pepper/I/Healthy/H_23_RGB_15_11.tiff
train,Pepper\I\Healthy,Healthy,H_23,23,15,12,Datasets/TOBRFV-LMID/RGB/Pepper/I/Healthy/H_23_RGB_15_12.tiff
train,Pepper\I\Healthy,Healthy,H_23,23,15,13,Datasets/TOBRFV-LMID/RGB/Pepper/I/Healthy/H_23_RGB_15_13.tiff
train,Pepper\I\Healthy,Healthy,H_23,23,15,14,Datasets/TOBRFV-LMID/RGB/Pepper/I/Healthy/H_23_RGB_15_14.tiff
train,Pepper\I\Healthy,Healthy,H_23,23,15,15,Datasets/TOBRFV-LMID/RGB/Pepper/I/Healthy/H_23_RGB_15_15.tiff
train,Pepper\I\Healthy,Healthy,H_23,23,15,16,Datasets/TOBRFV-LMID/RGB/Pepper/I/Healthy/H_23_RGB_15_16.tiff
train,Pepper\I\Healthy,Healthy,H_23,23,15,17,Datasets/TOBRFV-LMID/RGB/Pepper/I/Healthy/H_23_RGB_15_17.tiff
train,Pepper\I\Healthy,Healthy,H_23,23,15,18,Datasets/TOBRFV-LMID/RGB/Pepper/I/Healthy/H_23_RGB_15_18.tiff
train,Pepper\I\Healthy,Healthy,H_23,23,15,19,Datasets/TOBRFV-LMID/RGB/Pepper/I/Healthy/H_23_RGB_15_19.tiff
train,Pepper\I\Healthy,Healthy,H_23,23,15,2,Datasets/TOBRFV-LMID/RGB/Pepper/I/Healthy/H_23_RGB_15_2.tiff
train,Pepper\I\Healthy,Healthy,H_23,23,15,20,Datasets/TOBRFV-LMID/RGB/Pepper/I/Healthy/H_23_RGB_15_20.tiff
train,Pepper\I\Healthy,Healthy,H_23,23,15,21,Datasets/TOBRFV-LMID/RGB/Pepper/I/Healthy/H_23_RGB_15_21.tiff
train,Pepper\I\Healthy,Healthy,H_23,23,15,22,Datasets/TOBRFV-LMID/RGB/Pepper/I/Healthy/H_23_RGB_15_22.tiff
train,Pepper\I\Healthy,Healthy,H_23,23,15,23,Datasets/TOBRFV-LMID/RGB/Pepper/I/Healthy/H_23_RGB_15_23.tiff
train,Pepper\I\Healthy,Healthy,H_23,23,15,24,Datasets/TOBRFV-LMID/RGB/Pepper/I/Healthy/H_23_RGB_15_24.tiff
train,Pepper\I\Healthy,Healthy,H_23,23,15,25,Datasets/TOBRFV-LMID/RGB/Pepper/I/Healthy/H_23_RGB_15_25.tiff
train,Pepper\I\Healthy,Healthy,H_23,23,15,26,Datasets/TOBRFV-LMID/RGB/Pepper/I/Healthy/H_23_RGB_15_26.tiff
train,Pepper\I\Healthy,Healthy,H_23,23,15,27,Datasets/TOBRFV-LMID/RGB/Pepper/I/Healthy/H_23_RGB_15_27.tiff
train,Pepper\I\Healthy,Healthy,H_23,23,15,28,Datasets/TOBRFV-LMID/RGB/Pepper/I/Healthy/H_23_RGB_15_28.tiff
train,Pepper\I\Healthy,Healthy,H_23,23,15,29,Datasets/TOBRFV-LMID/RGB/Pepper/I/Healthy/H_23_RGB_15_29.tiff
train,Pepper\I\Healthy,Healthy,H_23,23,15,3,Datasets/TOBRFV-LMID/RGB/Pepper/I/Healthy/H_23_RGB_15_3.tiff
train,Pepper\I\Healthy,Healthy,H_23,23,15,30,Datasets/TOBRFV-LMID/RGB/Pepper/I/Healthy/H_23_RGB_15_30.tiff
train,Pepper\I\Healthy,Healthy,H_23,23,15,31,Datasets/TOBRFV-LMID/RGB/Pepper/I/Healthy/H_23_RGB_15_31.tiff
train,Pepper\I\Healthy,Healthy,H_23,23,15,32,Datasets/TOBRFV-LMID/RGB/Pepper/I/Healthy/H_23_RGB_15_32.tiff
train,Pepper\I\Healthy,Healthy,H_23,23,15,33,Datasets/TOBRFV-LMID/RGB/Pepper/I/Healthy/H_23_RGB_15_33.tiff
train,Pepper\I\Healthy,Healthy,H_23,23,15,34,Datasets/TOBRFV-LMID/RGB/Pepper/I/Healthy/H_23_RGB_15_34.tiff
train,Pepper\I\Healthy,Healthy,H_23,23,15,35,Datasets/TOBRFV-LMID/RGB/Pepper/I/Healthy/H_23_RGB_15_35.tiff
train,Pepper\I\Healthy,Healthy,H_23,23,15,36,Datasets/TOBRFV-LMID/RGB/Pepper/I/Healthy/H_23_RGB_15_36.tiff
train,Pepper\I\Healthy,Healthy,H_23,23,15,37,Datasets/TOBRFV-LMID/RGB/Pepper/I/Healthy/H_23_RGB_15_37.tiff
train,Pepper\I\Healthy,Healthy,H_23,23,15,38,Datasets/TOBRFV-LMID/RGB/Pepper/I/Healthy/H_23_RGB_15_38.tiff
train,Pepper\I\Healthy,Healthy,H_23,23,15,39,Datasets/TOBRFV-LMID/RGB/Pepper/I/Healthy/H_23_RGB_15_39.tiff
train,Pepper\I\Healthy,Healthy,H_23,23,15,4,Datasets/TOBRFV-LMID/RGB/Pepper/I/Healthy/H_23_RGB_15_4.tiff
train,Pepper\I\Healthy,Healthy,H_23,23,15,40,Datasets/TOBRFV-LMID/RGB/Pepper/I/Healthy/H_23_RGB_15_40.tiff
train,Pepper\I\Healthy,Healthy,H_23,23,15,41,Datasets/TOBRFV-LMID/RGB/Pepper/I/Healthy/H_23_RGB_15_41.tiff
train,Pepper\I\Healthy,Healthy,H_23,23,15,42,Datasets/TOBRFV-LMID/RGB/Pepper/I/Healthy/H_23_RGB_15_42.tiff
train,Pepper\I\Healthy,Healthy,H_23,23,15,43,Datasets/TOBRFV-LMID/RGB/Pepper/I/Healthy/H_23_RGB_15_43.tiff
train,Pepper\I\Healthy,Healthy,H_23,23,15,44,Datasets/TOBRFV-LMID/RGB/Pepper/I/Healthy/H_23_RGB_15_44.tiff
train,Pepper\I\Healthy,Healthy,H_23,23,15,45,Datasets/TOBRFV-LMID/RGB/Pepper/I/Healthy/H_23_RGB_15_45.tiff
train,Pepper\I\Healthy,Healthy,H_23,23,15,5,Datasets/TOBRFV-LMID/RGB/Pepper/I/Healthy/H_23_RGB_15_5.tiff
train,Pepper\I\Healthy,Healthy,H_23,23,15,6,Datasets/TOBRFV-LMID/RGB/Pepper/I/Healthy/H_23_RGB_15_6.tiff
train,Pepper\I\Healthy,Healthy,H_23,23,15,7,Datasets/TOBRFV-LMID/RGB/Pepper/I/Healthy/H_23_RGB_15_7.tiff
train,Pepper\I\Healthy,Healthy,H_23,23,15,8,Datasets/TOBRFV-LMID/RGB/Pepper/I/Healthy/H_23_RGB_15_8.tiff
train,Pepper\I\Healthy,Healthy,H_23,23,15,9,Datasets/TOBRFV-LMID/RGB/Pepper/I/Healthy/H_23_RGB_15_9.tiff
train,Pepper\I\Healthy,Healthy,H_25,25,0,1,Datasets/TOBRFV-LMID/RGB/Pepper/I/Healthy/H_25_RGB_0_1.tiff
train,Pepper\I\Healthy,Healthy,H_25,25,0,10,Datasets/TOBRFV-LMID/RGB/Pepper/I/Healthy/H_25_RGB_0_10.tiff
train,Pepper\I\Healthy,Healthy,H_25,25,0,11,Datasets/TOBRFV-LMID/RGB/Pepper/I/Healthy/H_25_RGB_0_11.tiff
train,Pepper\I\Healthy,Healthy,H_25,25,0,12,Datasets/TOBRFV-LMID/RGB/Pepper/I/Healthy/H_25_RGB_0_12.tiff
train,Pepper\I\Healthy,Healthy,H_25,25,0,13,Datasets/TOBRFV-LMID/RGB/Pepper/I/Healthy/H_25_RGB_0_13.tiff
train,Pepper\I\Healthy,Healthy,H_25,25,0,14,Datasets/TOBRFV-LMID/RGB/Pepper/I/Healthy/H_25_RGB_0_14.tiff
train,Pepper\I\Healthy,Healthy,H_25,25,0,15,Datasets/TOBRFV-LMID/RGB/Pepper/I/Healthy/H_25_RGB_0_15.tiff
train,Pepper\I\Healthy,Healthy,H_25,25,0,16,Datasets/TOBRFV-LMID/RGB/Pepper/I/Healthy/H_25_RGB_0_16.tiff
train,Pepper\I\Healthy,Healthy,H_25,25,0,17,Datasets/TOBRFV-LMID/RGB/Pepper/I/Healthy/H_25_RGB_0_17.tiff
train,Pepper\I\Healthy,Healthy,H_25,25,0,18,Datasets/TOBRFV-LMID/RGB/Pepper/I/Healthy/H_25_RGB_0_18.tiff
train,Pepper\I\Healthy,Healthy,H_25,25,0,19,Datasets/TOBRFV-LMID/RGB/Pepper/I/Healthy/H_25_RGB_0_19.tiff
train,Pepper\I\Healthy,Healthy,H_25,25,0,2,Datasets/TOBRFV-LMID/RGB/Pepper/I/Healthy/H_25_RGB_0_2.tiff
train,Pepper\I\Healthy,Healthy,H_25,25,0,20,Datasets/TOBRFV-LMID/RGB/Pepper/I/Healthy/H_25_RGB_0_20.tiff
train,Pepper\I\Healthy,Healthy,H_25,25,0,21,Datasets/TOBRFV-LMID/RGB/Pepper/I/Healthy/H_25_RGB_0_21.tiff
train,Pepper\I\Healthy,Healthy,H_25,25,0,22,Datasets/TOBRFV-LMID/RGB/Pepper/I/Healthy/H_25_RGB_0_22.tiff
train,Pepper\I\Healthy,Healthy,H_25,25,0,23,Datasets/TOBRFV-LMID/RGB/Pepper/I/Healthy/H_25_RGB_0_23.tiff
train,Pepper\I\Healthy,Healthy,H_25,25,0,24,Datasets/TOBRFV-LMID/RGB/Pepper/I/Healthy/H_25_RGB_0_24.tiff
train,Pepper\I\Healthy,Healthy,H_25,25,0,25,Datasets/TOBRFV-LMID/RGB/Pepper/I/Healthy/H_25_RGB_0_25.tiff
train,Pepper\I\Healthy,Healthy,H_25,25,0,26,Datasets/TOBRFV-LMID/RGB/Pepper/I/Healthy/H_25_RGB_0_26.tiff
train,Pepper\I\Healthy,Healthy,H_25,25,0,27,Datasets/TOBRFV-LMID/RGB/Pepper/I/Healthy/H_25_RGB_0_27.tiff
train,Pepper\I\Healthy,Healthy,H_25,25,0,28,Datasets/TOBRFV-LMID/RGB/Pepper/I/Healthy/H_25_RGB_0_28.tiff
train,Pepper\I\Healthy,Healthy,H_25,25,0,29,Datasets/TOBRFV-LMID/RGB/Pepper/I/Healthy/H_25_RGB_0_29.tiff
train,Pepper\I\Healthy,Healthy,H_25,25,0,3,Datasets/TOBRFV-LMID/RGB/Pepper/I/Healthy/H_25_RGB_0_3.tiff
train,Pepper\I\Healthy,Healthy,H_25,25,0,30,Datasets/TOBRFV-LMID/RGB/Pepper/I/Healthy/H_25_RGB_0_30.tiff
train,Pepper\I\Healthy,Healthy,H_25,25,0,31,Datasets/TOBRFV-LMID/RGB/Pepper/I/Healthy/H_25_RGB_0_31.tiff
train,Pepper\I\Healthy,Healthy,H_25,25,0,32,Datasets/TOBRFV-LMID/RGB/Pepper/I/Healthy/H_25_RGB_0_32.tiff
train,Pepper\I\Healthy,Healthy,H_25,25,0,33,Datasets/TOBRFV-LMID/RGB/Pepper/I/Healthy/H_25_RGB_0_33.tiff
train,Pepper\I\Healthy,Healthy,H_25,25,0,34,Datasets/TOBRFV-LMID/RGB/Pepper/I/Healthy/H_25_RGB_0_34.tiff
train,Pepper\I\Healthy,Healthy,H_25,25,0,35,Datasets/TOBRFV-LMID/RGB/Pepper/I/Healthy/H_25_RGB_0_35.tiff
train,Pepper\I\Healthy,Healthy,H_25,25,0,36,Datasets/TOBRFV-LMID/RGB/Pepper/I/Healthy/H_25_RGB_0_36.tiff
train,Pepper\I\Healthy,Healthy,H_25,25,0,37,Datasets/TOBRFV-LMID/RGB/Pepper/I/Healthy/H_25_RGB_0_37.tiff
train,Pepper\I\Healthy,Healthy,H_25,25,0,38,Datasets/TOBRFV-LMID/RGB/Pepper/I/Healthy/H_25_RGB_0_38.tiff
train,Pepper\I\Healthy,Healthy,H_25,25,0,39,Datasets/TOBRFV-LMID/RGB/Pepper/I/Healthy/H_25_RGB_0_39.tiff
train,Pepper\I\Healthy,Healthy,H_25,25,0,4,Datasets/TOBRFV-LMID/RGB/Pepper/I/Healthy/H_25_RGB_0_4.tiff
train,Pepper\I\Healthy,Healthy,H_25,25,0,40,Datasets/TOBRFV-LMID/RGB/Pepper/I/Healthy/H_25_RGB_0_40.tiff
train,Pepper\I\Healthy,Healthy,H_25,25,0,41,Datasets/TOBRFV-LMID/RGB/Pepper/I/Healthy/H_25_RGB_0_41.tiff
train,Pepper\I\Healthy,Healthy,H_25,25,0,42,Datasets/TOBRFV-LMID/RGB/Pepper/I/Healthy/H_25_RGB_0_42.tiff
train,Pepper\I\Healthy,Healthy,H_25,25,0,43,Datasets/TOBRFV-LMID/RGB/Pepper/I/Healthy/H_25_RGB_0_43.tiff
train,Pepper\I\Healthy,Healthy,H_25,25,0,44,Datasets/TOBRFV-LMID/RGB/Pepper/I/Healthy/H_25_RGB_0_44.tiff
train,Pepper\I\Healthy,Healthy,H_25,25,0,45,Datasets/TOBRFV-LMID/RGB/Pepper/I/Healthy/H_25_RGB_0_45.tiff
train,Pepper\I\Healthy,Healthy,H_25,25,0,5,Datasets/TOBRFV-LMID/RGB/Pepper/I/Healthy/H_25_RGB_0_5.tiff
train,Pepper\I\Healthy,Healthy,H_25,25,0,6,Datasets/TOBRFV-LMID/RGB/Pepper/I/Healthy/H_25_RGB_0_6.tiff
train,Pepper\I\Healthy,Healthy,H_25,25,0,7,Datasets/TOBRFV-LMID/RGB/Pepper/I/Healthy/H_25_RGB_0_7.tiff
train,Pepper\I\Healthy,Healthy,H_25,25,0,8,Datasets/TOBRFV-LMID/RGB/Pepper/I/Healthy/H_25_RGB_0_8.tiff
train,Pepper\I\Healthy,Healthy,H_25,25,0,9,Datasets/TOBRFV-LMID/RGB/Pepper/I/Healthy/H_25_RGB_0_9.tiff
train,Pepper\I\Healthy,Healthy,H_25,25,15,1,Datasets/TOBRFV-LMID/RGB/Pepper/I/Healthy/H_25_RGB_15_1.tiff
train,Pepper\I\Healthy,Healthy,H_25,25,15,10,Datasets/TOBRFV-LMID/RGB/Pepper/I/Healthy/H_25_RGB_15_10.tiff
train,Pepper\I\Healthy,Healthy,H_25,25,15,11,Datasets/TOBRFV-LMID/RGB/Pepper/I/Healthy/H_25_RGB_15_11.tiff
train,Pepper\I\Healthy,Healthy,H_25,25,15,12,Datasets/TOBRFV-LMID/RGB/Pepper/I/Healthy/H_25_RGB_15_12.tiff
train,Pepper\I\Healthy,Healthy,H_25,25,15,13,Datasets/TOBRFV-LMID/RGB/Pepper/I/Healthy/H_25_RGB_15_13.tiff
train,Pepper\I\Healthy,Healthy,H_25,25,15,14,Datasets/TOBRFV-LMID/RGB/Pepper/I/Healthy/H_25_RGB_15_14.tiff
train,Pepper\I\Healthy,Healthy,H_25,25,15,15,Datasets/TOBRFV-LMID/RGB/Pepper/I/Healthy/H_25_RGB_15_15.tiff
train,Pepper\I\Healthy,Healthy,H_25,25,15,18,Datasets/TOBRFV-LMID/RGB/Pepper/I/Healthy/H_25_RGB_15_18.tiff
train,Pepper\I\Healthy,Healthy,H_25,25,15,19,Datasets/TOBRFV-LMID/RGB/Pepper/I/Healthy/H_25_RGB_15_19.tiff
train,Pepper\I\Healthy,Healthy,H_25,25,15,2,Datasets/TOBRFV-LMID/RGB/Pepper/I/Healthy/H_25_RGB_15_2.tiff
train,Pepper\I\Healthy,Healthy,H_25,25,15,20,Datasets/TOBRFV-LMID/RGB/Pepper/I/Healthy/H_25_RGB_15_20.tiff
train,Pepper\I\Healthy,Healthy,H_25,25,15,22,Datasets/TOBRFV-LMID/RGB/Pepper/I/Healthy/H_25_RGB_15_22.tiff
train,Pepper\I\Healthy,Healthy,H_25,25,15,23,Datasets/TOBRFV-LMID/RGB/Pepper/I/Healthy/H_25_RGB_15_23.tiff
train,Pepper\I\Healthy,Healthy,H_25,25,15,24,Datasets/TOBRFV-LMID/RGB/Pepper/I/Healthy/H_25_RGB_15_24.tiff
train,Pepper\I\Healthy,Healthy,H_25,25,15,25,Datasets/TOBRFV-LMID/RGB/Pepper/I/Healthy/H_25_RGB_15_25.tiff
train,Pepper\I\Healthy,Healthy,H_25,25,15,26,Datasets/TOBRFV-LMID/RGB/Pepper/I/Healthy/H_25_RGB_15_26.tiff
train,Pepper\I\Healthy,Healthy,H_25,25,15,27,Datasets/TOBRFV-LMID/RGB/Pepper/I/Healthy/H_25_RGB_15_27.tiff
train,Pepper\I\Healthy,Healthy,H_25,25,15,28,Datasets/TOBRFV-LMID/RGB/Pepper/I/Healthy/H_25_RGB_15_28.tiff
train,Pepper\I\Healthy,Healthy,H_25,25,15,29,Datasets/TOBRFV-LMID/RGB/Pepper/I/Healthy/H_25_RGB_15_29.tiff
train,Pepper\I\Healthy,Healthy,H_25,25,15,3,Datasets/TOBRFV-LMID/RGB/Pepper/I/Healthy/H_25_RGB_15_3.tiff
train,Pepper\I\Healthy,Healthy,H_25,25,15,30,Datasets/TOBRFV-LMID/RGB/Pepper/I/Healthy/H_25_RGB_15_30.tiff
train,Pepper\I\Healthy,Healthy,H_25,25,15,31,Datasets/TOBRFV-LMID/RGB/Pepper/I/Healthy/H_25_RGB_15_31.tiff
train,Pepper\I\Healthy,Healthy,H_25,25,15,32,Datasets/TOBRFV-LMID/RGB/Pepper/I/Healthy/H_25_RGB_15_32.tiff
train,Pepper\I\Healthy,Healthy,H_25,25,15,33,Datasets/TOBRFV-LMID/RGB/Pepper/I/Healthy/H_25_RGB_15_33.tiff
train,Pepper\I\Healthy,Healthy,H_25,25,15,34,Datasets/TOBRFV-LMID/RGB/Pepper/I/Healthy/H_25_RGB_15_34.tiff
train,Pepper\I\Healthy,Healthy,H_25,25,15,35,Datasets/TOBRFV-LMID/RGB/Pepper/I/Healthy/H_25_RGB_15_35.tiff
train,Pepper\I\Healthy,Healthy,H_25,25,15,36,Datasets/TOBRFV-LMID/RGB/Pepper/I/Healthy/H_25_RGB_15_36.tiff
train,Pepper\I\Healthy,Healthy,H_25,25,15,37,Datasets/TOBRFV-LMID/RGB/Pepper/I/Healthy/H_25_RGB_15_37.tiff
train,Pepper\I\Healthy,Healthy,H_25,25,15,38,Datasets/TOBRFV-LMID/RGB/Pepper/I/Healthy/H_25_RGB_15_38.tiff
train,Pepper\I\Healthy,Healthy,H_25,25,15,39,Datasets/TOBRFV-LMID/RGB/Pepper/I/Healthy/H_25_RGB_15_39.tiff
train,Pepper\I\Healthy,Healthy,H_25,25,15,4,Datasets/TOBRFV-LMID/RGB/Pepper/I/Healthy/H_25_RGB_15_4.tiff
train,Pepper\I\Healthy,Healthy,H_25,25,15,40,Datasets/TOBRFV-LMID/RGB/Pepper/I/Healthy/H_25_RGB_15_40.tiff
train,Pepper\I\Healthy,Healthy,H_25,25,15,41,Datasets/TOBRFV-LMID/RGB/Pepper/I/Healthy/H_25_RGB_15_41.tiff
train,Pepper\I\Healthy,Healthy,H_25,25,15,42,Datasets/TOBRFV-LMID/RGB/Pepper/I/Healthy/H_25_RGB_15_42.tiff
train,Pepper\I\Healthy,Healthy,H_25,25,15,43,Datasets/TOBRFV-LMID/RGB/Pepper/I/Healthy/H_25_RGB_15_43.tiff
train,Pepper\I\Healthy,Healthy,H_25,25,15,44,Datasets/TOBRFV-LMID/RGB/Pepper/I/Healthy/H_25_RGB_15_44.tiff
train,Pepper\I\Healthy,Healthy,H_25,25,15,45,Datasets/TOBRFV-LMID/RGB/Pepper/I/Healthy/H_25_RGB_15_45.tiff
train,Pepper\I\Healthy,Healthy,H_25,25,15,5,Datasets/TOBRFV-LMID/RGB/Pepper/I/Healthy/H_25_RGB_15_5.tiff
train,Pepper\I\Healthy,Healthy,H_25,25,15,6,Datasets/TOBRFV-LMID/RGB/Pepper/I/Healthy/H_25_RGB_15_6.tiff
train,Pepper\I\Healthy,Healthy,H_25,25,15,7,Datasets/TOBRFV-LMID/RGB/Pepper/I/Healthy/H_25_RGB_15_7.tiff
train,Pepper\I\Healthy,Healthy,H_25,25,15,8,Datasets/TOBRFV-LMID/RGB/Pepper/I/Healthy/H_25_RGB_15_8.tiff
train,Pepper\I\Healthy,Healthy,H_25,25,15,9,Datasets/TOBRFV-LMID/RGB/Pepper/I/Healthy/H_25_RGB_15_9.tiff
train,Pepper\I\Healthy,Healthy,H_17,17,0,1,Datasets/TOBRFV-LMID/RGB/Pepper/I/Healthy/H_17_RGB_0_1.tiff
train,Pepper\I\Healthy,Healthy,H_17,17,0,10,Datasets/TOBRFV-LMID/RGB/Pepper/I/Healthy/H_17_RGB_0_10.tiff
train,Pepper\I\Healthy,Healthy,H_17,17,0,11,Datasets/TOBRFV-LMID/RGB/Pepper/I/Healthy/H_17_RGB_0_11.tiff
train,Pepper\I\Healthy,Healthy,H_17,17,0,12,Datasets/TOBRFV-LMID/RGB/Pepper/I/Healthy/H_17_RGB_0_12.tiff
train,Pepper\I\Healthy,Healthy,H_17,17,0,13,Datasets/TOBRFV-LMID/RGB/Pepper/I/Healthy/H_17_RGB_0_13.tiff
train,Pepper\I\Healthy,Healthy,H_17,17,0,14,Datasets/TOBRFV-LMID/RGB/Pepper/I/Healthy/H_17_RGB_0_14.tiff
train,Pepper\I\Healthy,Healthy,H_17,17,0,15,Datasets/TOBRFV-LMID/RGB/Pepper/I/Healthy/H_17_RGB_0_15.tiff
train,Pepper\I\Healthy,Healthy,H_17,17,0,16,Datasets/TOBRFV-LMID/RGB/Pepper/I/Healthy/H_17_RGB_0_16.tiff
train,Pepper\I\Healthy,Healthy,H_17,17,0,17,Datasets/TOBRFV-LMID/RGB/Pepper/I/Healthy/H_17_RGB_0_17.tiff
train,Pepper\I\Healthy,Healthy,H_17,17,0,18,Datasets/TOBRFV-LMID/RGB/Pepper/I/Healthy/H_17_RGB_0_18.tiff
train,Pepper\I\Healthy,Healthy,H_17,17,0,19,Datasets/TOBRFV-LMID/RGB/Pepper/I/Healthy/H_17_RGB_0_19.tiff
train,Pepper\I\Healthy,Healthy,H_17,17,0,2,Datasets/TOBRFV-LMID/RGB/Pepper/I/Healthy/H_17_RGB_0_2.tiff
train,Pepper\I\Healthy,Healthy,H_17,17,0,20,Datasets/TOBRFV-LMID/RGB/Pepper/I/Healthy/H_17_RGB_0_20.tiff
train,Pepper\I\Healthy,Healthy,H_17,17,0,21,Datasets/TOBRFV-LMID/RGB/Pepper/I/Healthy/H_17_RGB_0_21.tiff
train,Pepper\I\Healthy,Healthy,H_17,17,0,22,Datasets/TOBRFV-LMID/RGB/Pepper/I/Healthy/H_17_RGB_0_22.tiff
train,Pepper\I\Healthy,Healthy,H_17,17,0,23,Datasets/TOBRFV-LMID/RGB/Pepper/I/Healthy/H_17_RGB_0_23.tiff
train,Pepper\I\Healthy,Healthy,H_17,17,0,24,Datasets/TOBRFV-LMID/RGB/Pepper/I/Healthy/H_17_RGB_0_24.tiff
train,Pepper\I\Healthy,Healthy,H_17,17,0,25,Datasets/TOBRFV-LMID/RGB/Pepper/I/Healthy/H_17_RGB_0_25.tiff
train,Pepper\I\Healthy,Healthy,H_17,17,0,26,Datasets/TOBRFV-LMID/RGB/Pepper/I/Healthy/H_17_RGB_0_26.tiff
train,Pepper\I\Healthy,Healthy,H_17,17,0,27,Datasets/TOBRFV-LMID/RGB/Pepper/I/Healthy/H_17_RGB_0_27.tiff
train,Pepper\I\Healthy,Healthy,H_17,17,0,28,Datasets/TOBRFV-LMID/RGB/Pepper/I/Healthy/H_17_RGB_0_28.tiff
train,Pepper\I\Healthy,Healthy,H_17,17,0,29,Datasets/TOBRFV-LMID/RGB/Pepper/I/Healthy/H_17_RGB_0_29.tiff
train,Pepper\I\Healthy,Healthy,H_17,17,0,3,Datasets/TOBRFV-LMID/RGB/Pepper/I/Healthy/H_17_RGB_0_3.tiff
train,Pepper\I\Healthy,Healthy,H_17,17,0,30,Datasets/TOBRFV-LMID/RGB/Pepper/I/Healthy/H_17_RGB_0_30.tiff
train,Pepper\I\Healthy,Healthy,H_17,17,0,31,Datasets/TOBRFV-LMID/RGB/Pepper/I/Healthy/H_17_RGB_0_31.tiff
train,Pepper\I\Healthy,Healthy,H_17,17,0,32,Datasets/TOBRFV-LMID/RGB/Pepper/I/Healthy/H_17_RGB_0_32.tiff
train,Pepper\I\Healthy,Healthy,H_17,17,0,33,Datasets/TOBRFV-LMID/RGB/Pepper/I/Healthy/H_17_RGB_0_33.tiff
train,Pepper\I\Healthy,Healthy,H_17,17,0,34,Datasets/TOBRFV-LMID/RGB/Pepper/I/Healthy/H_17_RGB_0_34.tiff
train,Pepper\I\Healthy,Healthy,H_17,17,0,35,Datasets/TOBRFV-LMID/RGB/Pepper/I/Healthy/H_17_RGB_0_35.tiff
train,Pepper\I\Healthy,Healthy,H_17,17,0,36,Datasets/TOBRFV-LMID/RGB/Pepper/I/Healthy/H_17_RGB_0_36.tiff
train,Pepper\I\Healthy,Healthy,H_17,17,0,37,Datasets/TOBRFV-LMID/RGB/Pepper/I/Healthy/H_17_RGB_0_37.tiff
train,Pepper\I\Healthy,Healthy,H_17,17,0,38,Datasets/TOBRFV-LMID/RGB/Pepper/I/Healthy/H_17_RGB_0_38.tiff
train,Pepper\I\Healthy,Healthy,H_17,17,0,39,Datasets/TOBRFV-LMID/RGB/Pepper/I/Healthy/H_17_RGB_0_39.tiff
train,Pepper\I\Healthy,Healthy,H_17,17,0,4,Datasets/TOBRFV-LMID/RGB/Pepper/I/Healthy/H_17_RGB_0_4.tiff
train,Pepper\I\Healthy,Healthy,H_17,17,0,40,Datasets/TOBRFV-LMID/RGB/Pepper/I/Healthy/H_17_RGB_0_40.tiff
train,Pepper\I\Healthy,Healthy,H_17,17,0,41,Datasets/TOBRFV-LMID/RGB/Pepper/I/Healthy/H_17_RGB_0_41.tiff
train,Pepper\I\Healthy,Healthy,H_17,17,0,42,Datasets/TOBRFV-LMID/RGB/Pepper/I/Healthy/H_17_RGB_0_42.tiff
train,Pepper\I\Healthy,Healthy,H_17,17,0,43,Datasets/TOBRFV-LMID/RGB/Pepper/I/Healthy/H_17_RGB_0_43.tiff
train,Pepper\I\Healthy,Healthy,H_17,17,0,44,Datasets/TOBRFV-LMID/RGB/Pepper/I/Healthy/H_17_RGB_0_44.tiff
train,Pepper\I\Healthy,Healthy,H_17,17,0,45,Datasets/TOBRFV-LMID/RGB/Pepper/I/Healthy/H_17_RGB_0_45.tiff
train,Pepper\I\Healthy,Healthy,H_17,17,0,5,Datasets/TOBRFV-LMID/RGB/Pepper/I/Healthy/H_17_RGB_0_5.tiff
train,Pepper\I\Healthy,Healthy,H_17,17,0,6,Datasets/TOBRFV-LMID/RGB/Pepper/I/Healthy/H_17_RGB_0_6.tiff
train,Pepper\I\Healthy,Healthy,H_17,17,0,7,Datasets/TOBRFV-LMID/RGB/Pepper/I/Healthy/H_17_RGB_0_7.tiff
train,Pepper\I\Healthy,Healthy,H_17,17,0,8,Datasets/TOBRFV-LMID/RGB/Pepper/I/Healthy/H_17_RGB_0_8.tiff
train,Pepper\I\Healthy,Healthy,H_17,17,0,9,Datasets/TOBRFV-LMID/RGB/Pepper/I/Healthy/H_17_RGB_0_9.tiff
train,Pepper\I\Healthy,Healthy,H_17,17,15,1,Datasets/TOBRFV-LMID/RGB/Pepper/I/Healthy/H_17_RGB_15_1.tiff
train,Pepper\I\Healthy,Healthy,H_17,17,15,10,Datasets/TOBRFV-LMID/RGB/Pepper/I/Healthy/H_17_RGB_15_10.tiff
train,Pepper\I\Healthy,Healthy,H_17,17,15,11,Datasets/TOBRFV-LMID/RGB/Pepper/I/Healthy/H_17_RGB_15_11.tiff
train,Pepper\I\Healthy,Healthy,H_17,17,15,12,Datasets/TOBRFV-LMID/RGB/Pepper/I/Healthy/H_17_RGB_15_12.tiff
train,Pepper\I\Healthy,Healthy,H_17,17,15,13,Datasets/TOBRFV-LMID/RGB/Pepper/I/Healthy/H_17_RGB_15_13.tiff
train,Pepper\I\Healthy,Healthy,H_17,17,15,14,Datasets/TOBRFV-LMID/RGB/Pepper/I/Healthy/H_17_RGB_15_14.tiff
train,Pepper\I\Healthy,Healthy,H_17,17,15,15,Datasets/TOBRFV-LMID/RGB/Pepper/I/Healthy/H_17_RGB_15_15.tiff
train,Pepper\I\Healthy,Healthy,H_17,17,15,16,Datasets/TOBRFV-LMID/RGB/Pepper/I/Healthy/H_17_RGB_15_16.tiff
train,Pepper\I\Healthy,Healthy,H_17,17,15,17,Datasets/TOBRFV-LMID/RGB/Pepper/I/Healthy/H_17_RGB_15_17.tiff
train,Pepper\I\Healthy,Healthy,H_17,17,15,18,Datasets/TOBRFV-LMID/RGB/Pepper/I/Healthy/H_17_RGB_15_18.tiff
train,Pepper\I\Healthy,Healthy,H_17,17,15,19,Datasets/TOBRFV-LMID/RGB/Pepper/I/Healthy/H_17_RGB_15_19.tiff
train,Pepper\I\Healthy,Healthy,H_17,17,15,2,Datasets/TOBRFV-LMID/RGB/Pepper/I/Healthy/H_17_RGB_15_2.tiff
train,Pepper\I\Healthy,Healthy,H_17,17,15,20,Datasets/TOBRFV-LMID/RGB/Pepper/I/Healthy/H_17_RGB_15_20.tiff
train,Pepper\I\Healthy,Healthy,H_17,17,15,21,Datasets/TOBRFV-LMID/RGB/Pepper/I/Healthy/H_17_RGB_15_21.tiff
train,Pepper\I\Healthy,Healthy,H_17,17,15,22,Datasets/TOBRFV-LMID/RGB/Pepper/I/Healthy/H_17_RGB_15_22.tiff
train,Pepper\I\Healthy,Healthy,H_17,17,15,23,Datasets/TOBRFV-LMID/RGB/Pepper/I/Healthy/H_17_RGB_15_23.tiff
train,Pepper\I\Healthy,Healthy,H_17,17,15,24,Datasets/TOBRFV-LMID/RGB/Pepper/I/Healthy/H_17_RGB_15_24.tiff
train,Pepper\I\Healthy,Healthy,H_17,17,15,25,Datasets/TOBRFV-LMID/RGB/Pepper/I/Healthy/H_17_RGB_15_25.tiff
train,Pepper\I\Healthy,Healthy,H_17,17,15,26,Datasets/TOBRFV-LMID/RGB/Pepper/I/Healthy/H_17_RGB_15_26.tiff
train,Pepper\I\Healthy,Healthy,H_17,17,15,27,Datasets/TOBRFV-LMID/RGB/Pepper/I/Healthy/H_17_RGB_15_27.tiff
train,Pepper\I\Healthy,Healthy,H_17,17,15,28,Datasets/TOBRFV-LMID/RGB/Pepper/I/Healthy/H_17_RGB_15_28.tiff
train,Pepper\I\Healthy,Healthy,H_17,17,15,29,Datasets/TOBRFV-LMID/RGB/Pepper/I/Healthy/H_17_RGB_15_29.tiff
train,Pepper\I\Healthy,Healthy,H_17,17,15,3,Datasets/TOBRFV-LMID/RGB/Pepper/I/Healthy/H_17_RGB_15_3.tiff
train,Pepper\I\Healthy,Healthy,H_17,17,15,30,Datasets/TOBRFV-LMID/RGB/Pepper/I/Healthy/H_17_RGB_15_30.tiff
train,Pepper\I\Healthy,Healthy,H_17,17,15,31,Datasets/TOBRFV-LMID/RGB/Pepper/I/Healthy/H_17_RGB_15_31.tiff
train,Pepper\I\Healthy,Healthy,H_17,17,15,32,Datasets/TOBRFV-LMID/RGB/Pepper/I/Healthy/H_17_RGB_15_32.tiff
train,Pepper\I\Healthy,Healthy,H_17,17,15,33,Datasets/TOBRFV-LMID/RGB/Pepper/I/Healthy/H_17_RGB_15_33.tiff
train,Pepper\I\Healthy,Healthy,H_17,17,15,34,Datasets/TOBRFV-LMID/RGB/Pepper/I/Healthy/H_17_RGB_15_34.tiff
train,Pepper\I\Healthy,Healthy,H_17,17,15,35,Datasets/TOBRFV-LMID/RGB/Pepper/I/Healthy/H_17_RGB_15_35.tiff
train,Pepper\I\Healthy,Healthy,H_17,17,15,36,Datasets/TOBRFV-LMID/RGB/Pepper/I/Healthy/H_17_RGB_15_36.tiff
train,Pepper\I\Healthy,Healthy,H_17,17,15,37,Datasets/TOBRFV-LMID/RGB/Pepper/I/Healthy/H_17_RGB_15_37.tiff
train,Pepper\I\Healthy,Healthy,H_17,17,15,38,Datasets/TOBRFV-LMID/RGB/Pepper/I/Healthy/H_17_RGB_15_38.tiff
train,Pepper\I\Healthy,Healthy,H_17,17,15,39,Datasets/TOBRFV-LMID/RGB/Pepper/I/Healthy/H_17_RGB_15_39.tiff
train,Pepper\I\Healthy,Healthy,H_17,17,15,4,Datasets/TOBRFV-LMID/RGB/Pepper/I/Healthy/H_17_RGB_15_4.tiff
train,Pepper\I\Healthy,Healthy,H_17,17,15,40,Datasets/TOBRFV-LMID/RGB/Pepper/I/Healthy/H_17_RGB_15_40.tiff
train,Pepper\I\Healthy,Healthy,H_17,17,15,41,Datasets/TOBRFV-LMID/RGB/Pepper/I/Healthy/H_17_RGB_15_41.tiff
train,Pepper\I\Healthy,Healthy,H_17,17,15,42,Datasets/TOBRFV-LMID/RGB/Pepper/I/Healthy/H_17_RGB_15_42.tiff
train,Pepper\I\Healthy,Healthy,H_17,17,15,43,Datasets/TOBRFV-LMID/RGB/Pepper/I/Healthy/H_17_RGB_15_43.tiff
train,Pepper\I\Healthy,Healthy,H_17,17,15,44,Datasets/TOBRFV-LMID/RGB/Pepper/I/Healthy/H_17_RGB_15_44.tiff
train,Pepper\I\Healthy,Healthy,H_17,17,15,45,Datasets/TOBRFV-LMID/RGB/Pepper/I/Healthy/H_17_RGB_15_45.tiff
train,Pepper\I\Healthy,Healthy,H_17,17,15,5,Datasets/TOBRFV-LMID/RGB/Pepper/I/Healthy/H_17_RGB_15_5.tiff
train,Pepper\I\Healthy,Healthy,H_17,17,15,6,Datasets/TOBRFV-LMID/RGB/Pepper/I/Healthy/H_17_RGB_15_6.tiff
train,Pepper\I\Healthy,Healthy,H_17,17,15,7,Datasets/TOBRFV-LMID/RGB/Pepper/I/Healthy/H_17_RGB_15_7.tiff
train,Pepper\I\Healthy,Healthy,H_17,17,15,8,Datasets/TOBRFV-LMID/RGB/Pepper/I/Healthy/H_17_RGB_15_8.tiff
train,Pepper\I\Healthy,Healthy,H_17,17,15,9,Datasets/TOBRFV-LMID/RGB/Pepper/I/Healthy/H_17_RGB_15_9.tiff
train,Pepper\I\Healthy,Healthy,H_29,29,0,1,Datasets/TOBRFV-LMID/RGB/Pepper/I/Healthy/H_29_RGB_0_1.tiff
train,Pepper\I\Healthy,Healthy,H_29,29,0,10,Datasets/TOBRFV-LMID/RGB/Pepper/I/Healthy/H_29_RGB_0_10.tiff
train,Pepper\I\Healthy,Healthy,H_29,29,0,11,Datasets/TOBRFV-LMID/RGB/Pepper/I/Healthy/H_29_RGB_0_11.tiff
train,Pepper\I\Healthy,Healthy,H_29,29,0,12,Datasets/TOBRFV-LMID/RGB/Pepper/I/Healthy/H_29_RGB_0_12.tiff
train,Pepper\I\Healthy,Healthy,H_29,29,0,13,Datasets/TOBRFV-LMID/RGB/Pepper/I/Healthy/H_29_RGB_0_13.tiff
train,Pepper\I\Healthy,Healthy,H_29,29,0,14,Datasets/TOBRFV-LMID/RGB/Pepper/I/Healthy/H_29_RGB_0_14.tiff
train,Pepper\I\Healthy,Healthy,H_29,29,0,15,Datasets/TOBRFV-LMID/RGB/Pepper/I/Healthy/H_29_RGB_0_15.tiff
train,Pepper\I\Healthy,Healthy,H_29,29,0,16,Datasets/TOBRFV-LMID/RGB/Pepper/I/Healthy/H_29_RGB_0_16.tiff
train,Pepper\I\Healthy,Healthy,H_29,29,0,17,Datasets/TOBRFV-LMID/RGB/Pepper/I/Healthy/H_29_RGB_0_17.tiff
train,Pepper\I\Healthy,Healthy,H_29,29,0,18,Datasets/TOBRFV-LMID/RGB/Pepper/I/Healthy/H_29_RGB_0_18.tiff
train,Pepper\I\Healthy,Healthy,H_29,29,0,19,Datasets/TOBRFV-LMID/RGB/Pepper/I/Healthy/H_29_RGB_0_19.tiff
train,Pepper\I\Healthy,Healthy,H_29,29,0,2,Datasets/TOBRFV-LMID/RGB/Pepper/I/Healthy/H_29_RGB_0_2.tiff
train,Pepper\I\Healthy,Healthy,H_29,29,0,20,Datasets/TOBRFV-LMID/RGB/Pepper/I/Healthy/H_29_RGB_0_20.tiff
train,Pepper\I\Healthy,Healthy,H_29,29,0,21,Datasets/TOBRFV-LMID/RGB/Pepper/I/Healthy/H_29_RGB_0_21.tiff
train,Pepper\I\Healthy,Healthy,H_29,29,0,22,Datasets/TOBRFV-LMID/RGB/Pepper/I/Healthy/H_29_RGB_0_22.tiff
train,Pepper\I\Healthy,Healthy,H_29,29,0,23,Datasets/TOBRFV-LMID/RGB/Pepper/I/Healthy/H_29_RGB_0_23.tiff
train,Pepper\I\Healthy,Healthy,H_29,29,0,24,Datasets/TOBRFV-LMID/RGB/Pepper/I/Healthy/H_29_RGB_0_24.tiff
train,Pepper\I\Healthy,Healthy,H_29,29,0,25,Datasets/TOBRFV-LMID/RGB/Pepper/I/Healthy/H_29_RGB_0_25.tiff
train,Pepper\I\Healthy,Healthy,H_29,29,0,26,Datasets/TOBRFV-LMID/RGB/Pepper/I/Healthy/H_29_RGB_0_26.tiff
train,Pepper\I\Healthy,Healthy,H_29,29,0,3,Datasets/TOBRFV-LMID/RGB/Pepper/I/Healthy/H_29_RGB_0_3.tiff
train,Pepper\I\Healthy,Healthy,H_29,29,0,30,Datasets/TOBRFV-LMID/RGB/Pepper/I/Healthy/H_29_RGB_0_30.tiff
train,Pepper\I\Healthy,Healthy,H_29,29,0,31,Datasets/TOBRFV-LMID/RGB/Pepper/I/Healthy/H_29_RGB_0_31.tiff
train,Pepper\I\Healthy,Healthy,H_29,29,0,32,Datasets/TOBRFV-LMID/RGB/Pepper/I/Healthy/H_29_RGB_0_32.tiff
train,Pepper\I\Healthy,Healthy,H_29,29,0,33,Datasets/TOBRFV-LMID/RGB/Pepper/I/Healthy/H_29_RGB_0_33.tiff
train,Pepper\I\Healthy,Healthy,H_29,29,0,34,Datasets/TOBRFV-LMID/RGB/Pepper/I/Healthy/H_29_RGB_0_34.tiff
train,Pepper\I\Healthy,Healthy,H_29,29,0,35,Datasets/TOBRFV-LMID/RGB/Pepper/I/Healthy/H_29_RGB_0_35.tiff
train,Pepper\I\Healthy,Healthy,H_29,29,0,36,Datasets/TOBRFV-LMID/RGB/Pepper/I/Healthy/H_29_RGB_0_36.tiff
train,Pepper\I\Healthy,Healthy,H_29,29,0,37,Datasets/TOBRFV-LMID/RGB/Pepper/I/Healthy/H_29_RGB_0_37.tiff
train,Pepper\I\Healthy,Healthy,H_29,29,0,38,Datasets/TOBRFV-LMID/RGB/Pepper/I/Healthy/H_29_RGB_0_38.tiff
train,Pepper\I\Healthy,Healthy,H_29,29,0,39,Datasets/TOBRFV-LMID/RGB/Pepper/I/Healthy/H_29_RGB_0_39.tiff
train,Pepper\I\Healthy,Healthy,H_29,29,0,4,Datasets/TOBRFV-LMID/RGB/Pepper/I/Healthy/H_29_RGB_0_4.tiff
train,Pepper\I\Healthy,Healthy,H_29,29,0,40,Datasets/TOBRFV-LMID/RGB/Pepper/I/Healthy/H_29_RGB_0_40.tiff
train,Pepper\I\Healthy,Healthy,H_29,29,0,41,Datasets/TOBRFV-LMID/RGB/Pepper/I/Healthy/H_29_RGB_0_41.tiff
train,Pepper\I\Healthy,Healthy,H_29,29,0,42,Datasets/TOBRFV-LMID/RGB/Pepper/I/Healthy/H_29_RGB_0_42.tiff
train,Pepper\I\Healthy,Healthy,H_29,29,0,43,Datasets/TOBRFV-LMID/RGB/Pepper/I/Healthy/H_29_RGB_0_43.tiff
train,Pepper\I\Healthy,Healthy,H_29,29,0,44,Datasets/TOBRFV-LMID/RGB/Pepper/I/Healthy/H_29_RGB_0_44.tiff
train,Pepper\I\Healthy,Healthy,H_29,29,0,45,Datasets/TOBRFV-LMID/RGB/Pepper/I/Healthy/H_29_RGB_0_45.tiff
train,Pepper\I\Healthy,Healthy,H_29,29,0,5,Datasets/TOBRFV-LMID/RGB/Pepper/I/Healthy/H_29_RGB_0_5.tiff
train,Pepper\I\Healthy,Healthy,H_29,29,0,6,Datasets/TOBRFV-LMID/RGB/Pepper/I/Healthy/H_29_RGB_0_6.tiff
train,Pepper\I\Healthy,Healthy,H_29,29,0,7,Datasets/TOBRFV-LMID/RGB/Pepper/I/Healthy/H_29_RGB_0_7.tiff
train,Pepper\I\Healthy,Healthy,H_29,29,0,8,Datasets/TOBRFV-LMID/RGB/Pepper/I/Healthy/H_29_RGB_0_8.tiff
train,Pepper\I\Healthy,Healthy,H_29,29,0,9,Datasets/TOBRFV-LMID/RGB/Pepper/I/Healthy/H_29_RGB_0_9.tiff
train,Pepper\I\Healthy,Healthy,H_29,29,15,1,Datasets/TOBRFV-LMID/RGB/Pepper/I/Healthy/H_29_RGB_15_1.tiff
train,Pepper\I\Healthy,Healthy,H_29,29,15,10,Datasets/TOBRFV-LMID/RGB/Pepper/I/Healthy/H_29_RGB_15_10.tiff
train,Pepper\I\Healthy,Healthy,H_29,29,15,11,Datasets/TOBRFV-LMID/RGB/Pepper/I/Healthy/H_29_RGB_15_11.tiff
train,Pepper\I\Healthy,Healthy,H_29,29,15,12,Datasets/TOBRFV-LMID/RGB/Pepper/I/Healthy/H_29_RGB_15_12.tiff
train,Pepper\I\Healthy,Healthy,H_29,29,15,13,Datasets/TOBRFV-LMID/RGB/Pepper/I/Healthy/H_29_RGB_15_13.tiff
train,Pepper\I\Healthy,Healthy,H_29,29,15,14,Datasets/TOBRFV-LMID/RGB/Pepper/I/Healthy/H_29_RGB_15_14.tiff
train,Pepper\I\Healthy,Healthy,H_29,29,15,15,Datasets/TOBRFV-LMID/RGB/Pepper/I/Healthy/H_29_RGB_15_15.tiff
train,Pepper\I\Healthy,Healthy,H_29,29,15,16,Datasets/TOBRFV-LMID/RGB/Pepper/I/Healthy/H_29_RGB_15_16.tiff
train,Pepper\I\Healthy,Healthy,H_29,29,15,17,Datasets/TOBRFV-LMID/RGB/Pepper/I/Healthy/H_29_RGB_15_17.tiff
train,Pepper\I\Healthy,Healthy,H_29,29,15,18,Datasets/TOBRFV-LMID/RGB/Pepper/I/Healthy/H_29_RGB_15_18.tiff
train,Pepper\I\Healthy,Healthy,H_29,29,15,19,Datasets/TOBRFV-LMID/RGB/Pepper/I/Healthy/H_29_RGB_15_19.tiff
train,Pepper\I\Healthy,Healthy,H_29,29,15,2,Datasets/TOBRFV-LMID/RGB/Pepper/I/Healthy/H_29_RGB_15_2.tiff
train,Pepper\I\Healthy,Healthy,H_29,29,15,20,Datasets/TOBRFV-LMID/RGB/Pepper/I/Healthy/H_29_RGB_15_20.tiff
train,Pepper\I\Healthy,Healthy,H_29,29,15,21,Datasets/TOBRFV-LMID/RGB/Pepper/I/Healthy/H_29_RGB_15_21.tiff
train,Pepper\I\Healthy,Healthy,H_29,29,15,22,Datasets/TOBRFV-LMID/RGB/Pepper/I/Healthy/H_29_RGB_15_22.tiff
train,Pepper\I\Healthy,Healthy,H_29,29,15,23,Datasets/TOBRFV-LMID/RGB/Pepper/I/Healthy/H_29_RGB_15_23.tiff
train,Pepper\I\Healthy,Healthy,H_29,29,15,24,Datasets/TOBRFV-LMID/RGB/Pepper/I/Healthy/H_29_RGB_15_24.tiff
train,Pepper\I\Healthy,Healthy,H_29,29,15,25,Datasets/TOBRFV-LMID/RGB/Pepper/I/Healthy/H_29_RGB_15_25.tiff
train,Pepper\I\Healthy,Healthy,H_29,29,15,26,Datasets/TOBRFV-LMID/RGB/Pepper/I/Healthy/H_29_RGB_15_26.tiff
train,Pepper\I\Healthy,Healthy,H_29,29,15,27,Datasets/TOBRFV-LMID/RGB/Pepper/I/Healthy/H_29_RGB_15_27.tiff
train,Pepper\I\Healthy,Healthy,H_29,29,15,28,Datasets/TOBRFV-LMID/RGB/Pepper/I/Healthy/H_29_RGB_15_28.tiff
train,Pepper\I\Healthy,Healthy,H_29,29,15,29,Datasets/TOBRFV-LMID/RGB/Pepper/I/Healthy/H_29_RGB_15_29.tiff
train,Pepper\I\Healthy,Healthy,H_29,29,15,3,Datasets/TOBRFV-LMID/RGB/Pepper/I/Healthy/H_29_RGB_15_3.tiff
train,Pepper\I\Healthy,Healthy,H_29,29,15,30,Datasets/TOBRFV-LMID/RGB/Pepper/I/Healthy/H_29_RGB_15_30.tiff
train,Pepper\I\Healthy,Healthy,H_29,29,15,31,Datasets/TOBRFV-LMID/RGB/Pepper/I/Healthy/H_29_RGB_15_31.tiff
train,Pepper\I\Healthy,Healthy,H_29,29,15,32,Datasets/TOBRFV-LMID/RGB/Pepper/I/Healthy/H_29_RGB_15_32.tiff
train,Pepper\I\Healthy,Healthy,H_29,29,15,33,Datasets/TOBRFV-LMID/RGB/Pepper/I/Healthy/H_29_RGB_15_33.tiff
train,Pepper\I\Healthy,Healthy,H_29,29,15,34,Datasets/TOBRFV-LMID/RGB/Pepper/I/Healthy/H_29_RGB_15_34.tiff
train,Pepper\I\Healthy,Healthy,H_29,29,15,35,Datasets/TOBRFV-LMID/RGB/Pepper/I/Healthy/H_29_RGB_15_35.tiff
train,Pepper\I\Healthy,Healthy,H_29,29,15,36,Datasets/TOBRFV-LMID/RGB/Pepper/I/Healthy/H_29_RGB_15_36.tiff
train,Pepper\I\Healthy,Healthy,H_29,29,15,37,Datasets/TOBRFV-LMID/RGB/Pepper/I/Healthy/H_29_RGB_15_37.tiff
train,Pepper\I\Healthy,Healthy,H_29,29,15,38,Datasets/TOBRFV-LMID/RGB/Pepper/I/Healthy/H_29_RGB_15_38.tiff
train,Pepper\I\Healthy,Healthy,H_29,29,15,39,Datasets/TOBRFV-LMID/RGB/Pepper/I/Healthy/H_29_RGB_15_39.tiff
train,Pepper\I\Healthy,Healthy,H_29,29,15,4,Datasets/TOBRFV-LMID/RGB/Pepper/I/Healthy/H_29_RGB_15_4.tiff
train,Pepper\I\Healthy,Healthy,H_29,29,15,40,Datasets/TOBRFV-LMID/RGB/Pepper/I/Healthy/H_29_RGB_15_40.tiff
train,Pepper\I\Healthy,Healthy,H_29,29,15,41,Datasets/TOBRFV-LMID/RGB/Pepper/I/Healthy/H_29_RGB_15_41.tiff
train,Pepper\I\Healthy,Healthy,H_29,29,15,42,Datasets/TOBRFV-LMID/RGB/Pepper/I/Healthy/H_29_RGB_15_42.tiff
train,Pepper\I\Healthy,Healthy,H_29,29,15,43,Datasets/TOBRFV-LMID/RGB/Pepper/I/Healthy/H_29_RGB_15_43.tiff
train,Pepper\I\Healthy,Healthy,H_29,29,15,44,Datasets/TOBRFV-LMID/RGB/Pepper/I/Healthy/H_29_RGB_15_44.tiff
train,Pepper\I\Healthy,Healthy,H_29,29,15,45,Datasets/TOBRFV-LMID/RGB/Pepper/I/Healthy/H_29_RGB_15_45.tiff
train,Pepper\I\Healthy,Healthy,H_29,29,15,5,Datasets/TOBRFV-LMID/RGB/Pepper/I/Healthy/H_29_RGB_15_5.tiff
train,Pepper\I\Healthy,Healthy,H_29,29,15,6,Datasets/TOBRFV-LMID/RGB/Pepper/I/Healthy/H_29_RGB_15_6.tiff
train,Pepper\I\Healthy,Healthy,H_29,29,15,7,Datasets/TOBRFV-LMID/RGB/Pepper/I/Healthy/H_29_RGB_15_7.tiff
train,Pepper\I\Healthy,Healthy,H_29,29,15,8,Datasets/TOBRFV-LMID/RGB/Pepper/I/Healthy/H_29_RGB_15_8.tiff
train,Pepper\I\Healthy,Healthy,H_29,29,15,9,Datasets/TOBRFV-LMID/RGB/Pepper/I/Healthy/H_29_RGB_15_9.tiff
train,Pepper\I\Healthy,Healthy,H_11,11,0,1,Datasets/TOBRFV-LMID/RGB/Pepper/I/Healthy/H_11_RGB_0_1.tiff
train,Pepper\I\Healthy,Healthy,H_11,11,0,10,Datasets/TOBRFV-LMID/RGB/Pepper/I/Healthy/H_11_RGB_0_10.tiff
train,Pepper\I\Healthy,Healthy,H_11,11,0,11,Datasets/TOBRFV-LMID/RGB/Pepper/I/Healthy/H_11_RGB_0_11.tiff
train,Pepper\I\Healthy,Healthy,H_11,11,0,12,Datasets/TOBRFV-LMID/RGB/Pepper/I/Healthy/H_11_RGB_0_12.tiff
train,Pepper\I\Healthy,Healthy,H_11,11,0,13,Datasets/TOBRFV-LMID/RGB/Pepper/I/Healthy/H_11_RGB_0_13.tiff
train,Pepper\I\Healthy,Healthy,H_11,11,0,14,Datasets/TOBRFV-LMID/RGB/Pepper/I/Healthy/H_11_RGB_0_14.tiff
train,Pepper\I\Healthy,Healthy,H_11,11,0,15,Datasets/TOBRFV-LMID/RGB/Pepper/I/Healthy/H_11_RGB_0_15.tiff
train,Pepper\I\Healthy,Healthy,H_11,11,0,16,Datasets/TOBRFV-LMID/RGB/Pepper/I/Healthy/H_11_RGB_0_16.tiff
train,Pepper\I\Healthy,Healthy,H_11,11,0,17,Datasets/TOBRFV-LMID/RGB/Pepper/I/Healthy/H_11_RGB_0_17.tiff
train,Pepper\I\Healthy,Healthy,H_11,11,0,18,Datasets/TOBRFV-LMID/RGB/Pepper/I/Healthy/H_11_RGB_0_18.tiff
train,Pepper\I\Healthy,Healthy,H_11,11,0,19,Datasets/TOBRFV-LMID/RGB/Pepper/I/Healthy/H_11_RGB_0_19.tiff
train,Pepper\I\Healthy,Healthy,H_11,11,0,2,Datasets/TOBRFV-LMID/RGB/Pepper/I/Healthy/H_11_RGB_0_2.tiff
train,Pepper\I\Healthy,Healthy,H_11,11,0,20,Datasets/TOBRFV-LMID/RGB/Pepper/I/Healthy/H_11_RGB_0_20.tiff
train,Pepper\I\Healthy,Healthy,H_11,11,0,22,Datasets/TOBRFV-LMID/RGB/Pepper/I/Healthy/H_11_RGB_0_22.tiff
train,Pepper\I\Healthy,Healthy,H_11,11,0,23,Datasets/TOBRFV-LMID/RGB/Pepper/I/Healthy/H_11_RGB_0_23.tiff
train,Pepper\I\Healthy,Healthy,H_11,11,0,24,Datasets/TOBRFV-LMID/RGB/Pepper/I/Healthy/H_11_RGB_0_24.tiff
train,Pepper\I\Healthy,Healthy,H_11,11,0,25,Datasets/TOBRFV-LMID/RGB/Pepper/I/Healthy/H_11_RGB_0_25.tiff
train,Pepper\I\Healthy,Healthy,H_11,11,0,27,Datasets/TOBRFV-LMID/RGB/Pepper/I/Healthy/H_11_RGB_0_27.tiff
train,Pepper\I\Healthy,Healthy,H_11,11,0,28,Datasets/TOBRFV-LMID/RGB/Pepper/I/Healthy/H_11_RGB_0_28.tiff
train,Pepper\I\Healthy,Healthy,H_11,11,0,29,Datasets/TOBRFV-LMID/RGB/Pepper/I/Healthy/H_11_RGB_0_29.tiff
train,Pepper\I\Healthy,Healthy,H_11,11,0,3,Datasets/TOBRFV-LMID/RGB/Pepper/I/Healthy/H_11_RGB_0_3.tiff
train,Pepper\I\Healthy,Healthy,H_11,11,0,30,Datasets/TOBRFV-LMID/RGB/Pepper/I/Healthy/H_11_RGB_0_30.tiff
train,Pepper\I\Healthy,Healthy,H_11,11,0,31,Datasets/TOBRFV-LMID/RGB/Pepper/I/Healthy/H_11_RGB_0_31.tiff
train,Pepper\I\Healthy,Healthy,H_11,11,0,32,Datasets/TOBRFV-LMID/RGB/Pepper/I/Healthy/H_11_RGB_0_32.tiff
train,Pepper\I\Healthy,Healthy,H_11,11,0,33,Datasets/TOBRFV-LMID/RGB/Pepper/I/Healthy/H_11_RGB_0_33.tiff
train,Pepper\I\Healthy,Healthy,H_11,11,0,34,Datasets/TOBRFV-LMID/RGB/Pepper/I/Healthy/H_11_RGB_0_34.tiff
train,Pepper\I\Healthy,Healthy,H_11,11,0,35,Datasets/TOBRFV-LMID/RGB/Pepper/I/Healthy/H_11_RGB_0_35.tiff
train,Pepper\I\Healthy,Healthy,H_11,11,0,36,Datasets/TOBRFV-LMID/RGB/Pepper/I/Healthy/H_11_RGB_0_36.tiff
train,Pepper\I\Healthy,Healthy,H_11,11,0,37,Datasets/TOBRFV-LMID/RGB/Pepper/I/Healthy/H_11_RGB_0_37.tiff
train,Pepper\I\Healthy,Healthy,H_11,11,0,38,Datasets/TOBRFV-LMID/RGB/Pepper/I/Healthy/H_11_RGB_0_38.tiff
train,Pepper\I\Healthy,Healthy,H_11,11,0,39,Datasets/TOBRFV-LMID/RGB/Pepper/I/Healthy/H_11_RGB_0_39.tiff
train,Pepper\I\Healthy,Healthy,H_11,11,0,4,Datasets/TOBRFV-LMID/RGB/Pepper/I/Healthy/H_11_RGB_0_4.tiff
train,Pepper\I\Healthy,Healthy,H_11,11,0,40,Datasets/TOBRFV-LMID/RGB/Pepper/I/Healthy/H_11_RGB_0_40.tiff
train,Pepper\I\Healthy,Healthy,H_11,11,0,41,Datasets/TOBRFV-LMID/RGB/Pepper/I/Healthy/H_11_RGB_0_41.tiff
train,Pepper\I\Healthy,Healthy,H_11,11,0,42,Datasets/TOBRFV-LMID/RGB/Pepper/I/Healthy/H_11_RGB_0_42.tiff
train,Pepper\I\Healthy,Healthy,H_11,11,0,43,Datasets/TOBRFV-LMID/RGB/Pepper/I/Healthy/H_11_RGB_0_43.tiff
train,Pepper\I\Healthy,Healthy,H_11,11,0,44,Datasets/TOBRFV-LMID/RGB/Pepper/I/Healthy/H_11_RGB_0_44.tiff
train,Pepper\I\Healthy,Healthy,H_11,11,0,45,Datasets/TOBRFV-LMID/RGB/Pepper/I/Healthy/H_11_RGB_0_45.tiff
train,Pepper\I\Healthy,Healthy,H_11,11,0,5,Datasets/TOBRFV-LMID/RGB/Pepper/I/Healthy/H_11_RGB_0_5.tiff
train,Pepper\I\Healthy,Healthy,H_11,11,0,6,Datasets/TOBRFV-LMID/RGB/Pepper/I/Healthy/H_11_RGB_0_6.tiff
train,Pepper\I\Healthy,Healthy,H_11,11,0,7,Datasets/TOBRFV-LMID/RGB/Pepper/I/Healthy/H_11_RGB_0_7.tiff
train,Pepper\I\Healthy,Healthy,H_11,11,0,8,Datasets/TOBRFV-LMID/RGB/Pepper/I/Healthy/H_11_RGB_0_8.tiff
train,Pepper\I\Healthy,Healthy,H_11,11,0,9,Datasets/TOBRFV-LMID/RGB/Pepper/I/Healthy/H_11_RGB_0_9.tiff
train,Pepper\I\Healthy,Healthy,H_11,11,5,1,Datasets/TOBRFV-LMID/RGB/Pepper/I/Healthy/H_11_RGB_5_1.tiff
train,Pepper\I\Healthy,Healthy,H_11,11,5,11,Datasets/TOBRFV-LMID/RGB/Pepper/I/Healthy/H_11_RGB_5_11.tiff
train,Pepper\I\Healthy,Healthy,H_11,11,5,12,Datasets/TOBRFV-LMID/RGB/Pepper/I/Healthy/H_11_RGB_5_12.tiff
train,Pepper\I\Healthy,Healthy,H_11,11,5,13,Datasets/TOBRFV-LMID/RGB/Pepper/I/Healthy/H_11_RGB_5_13.tiff
train,Pepper\I\Healthy,Healthy,H_11,11,5,14,Datasets/TOBRFV-LMID/RGB/Pepper/I/Healthy/H_11_RGB_5_14.tiff
train,Pepper\I\Healthy,Healthy,H_11,11,5,15,Datasets/TOBRFV-LMID/RGB/Pepper/I/Healthy/H_11_RGB_5_15.tiff
train,Pepper\I\Healthy,Healthy,H_11,11,5,16,Datasets/TOBRFV-LMID/RGB/Pepper/I/Healthy/H_11_RGB_5_16.tiff
train,Pepper\I\Healthy,Healthy,H_11,11,5,17,Datasets/TOBRFV-LMID/RGB/Pepper/I/Healthy/H_11_RGB_5_17.tiff
train,Pepper\I\Healthy,Healthy,H_11,11,5,18,Datasets/TOBRFV-LMID/RGB/Pepper/I/Healthy/H_11_RGB_5_18.tiff
train,Pepper\I\Healthy,Healthy,H_11,11,5,19,Datasets/TOBRFV-LMID/RGB/Pepper/I/Healthy/H_11_RGB_5_19.tiff
train,Pepper\I\Healthy,Healthy,H_11,11,5,20,Datasets/TOBRFV-LMID/RGB/Pepper/I/Healthy/H_11_RGB_5_20.tiff
train,Pepper\I\Healthy,Healthy,H_11,11,5,21,Datasets/TOBRFV-LMID/RGB/Pepper/I/Healthy/H_11_RGB_5_21.tiff
train,Pepper\I\Healthy,Healthy,H_11,11,5,22,Datasets/TOBRFV-LMID/RGB/Pepper/I/Healthy/H_11_RGB_5_22.tiff
train,Pepper\I\Healthy,Healthy,H_11,11,5,23,Datasets/TOBRFV-LMID/RGB/Pepper/I/Healthy/H_11_RGB_5_23.tiff
train,Pepper\I\Healthy,Healthy,H_11,11,5,24,Datasets/TOBRFV-LMID/RGB/Pepper/I/Healthy/H_11_RGB_5_24.tiff
train,Pepper\I\Healthy,Healthy,H_11,11,5,25,Datasets/TOBRFV-LMID/RGB/Pepper/I/Healthy/H_11_RGB_5_25.tiff
train,Pepper\I\Healthy,Healthy,H_11,11,5,26,Datasets/TOBRFV-LMID/RGB/Pepper/I/Healthy/H_11_RGB_5_26.tiff
train,Pepper\I\Healthy,Healthy,H_11,11,5,27,Datasets/TOBRFV-LMID/RGB/Pepper/I/Healthy/H_11_RGB_5_27.tiff
train,Pepper\I\Healthy,Healthy,H_11,11,5,28,Datasets/TOBRFV-LMID/RGB/Pepper/I/Healthy/H_11_RGB_5_28.tiff
train,Pepper\I\Healthy,Healthy,H_11,11,5,29,Datasets/TOBRFV-LMID/RGB/Pepper/I/Healthy/H_11_RGB_5_29.tiff
train,Pepper\I\Healthy,Healthy,H_11,11,5,3,Datasets/TOBRFV-LMID/RGB/Pepper/I/Healthy/H_11_RGB_5_3.tiff
train,Pepper\I\Healthy,Healthy,H_11,11,5,30,Datasets/TOBRFV-LMID/RGB/Pepper/I/Healthy/H_11_RGB_5_30.tiff
train,Pepper\I\Healthy,Healthy,H_11,11,5,31,Datasets/TOBRFV-LMID/RGB/Pepper/I/Healthy/H_11_RGB_5_31.tiff
train,Pepper\I\Healthy,Healthy,H_11,11,5,32,Datasets/TOBRFV-LMID/RGB/Pepper/I/Healthy/H_11_RGB_5_32.tiff
train,Pepper\I\Healthy,Healthy,H_11,11,5,33,Datasets/TOBRFV-LMID/RGB/Pepper/I/Healthy/H_11_RGB_5_33.tiff
train,Pepper\I\Healthy,Healthy,H_11,11,5,34,Datasets/TOBRFV-LMID/RGB/Pepper/I/Healthy/H_11_RGB_5_34.tiff
train,Pepper\I\Healthy,Healthy,H_11,11,5,36,Datasets/TOBRFV-LMID/RGB/Pepper/I/Healthy/H_11_RGB_5_36.tiff
train,Pepper\I\Healthy,Healthy,H_11,11,5,37,Datasets/TOBRFV-LMID/RGB/Pepper/I/Healthy/H_11_RGB_5_37.tiff
train,Pepper\I\Healthy,Healthy,H_11,11,5,38,Datasets/TOBRFV-LMID/RGB/Pepper/I/Healthy/H_11_RGB_5_38.tiff
train,Pepper\I\Healthy,Healthy,H_11,11,5,39,Datasets/TOBRFV-LMID/RGB/Pepper/I/Healthy/H_11_RGB_5_39.tiff
train,Pepper\I\Healthy,Healthy,H_11,11,5,4,Datasets/TOBRFV-LMID/RGB/Pepper/I/Healthy/H_11_RGB_5_4.tiff
train,Pepper\I\Healthy,Healthy,H_11,11,5,40,Datasets/TOBRFV-LMID/RGB/Pepper/I/Healthy/H_11_RGB_5_40.tiff
train,Pepper\I\Healthy,Healthy,H_11,11,5,41,Datasets/TOBRFV-LMID/RGB/Pepper/I/Healthy/H_11_RGB_5_41.tiff
train,Pepper\I\Healthy,Healthy,H_11,11,5,42,Datasets/TOBRFV-LMID/RGB/Pepper/I/Healthy/H_11_RGB_5_42.tiff
train,Pepper\I\Healthy,Healthy,H_11,11,5,43,Datasets/TOBRFV-LMID/RGB/Pepper/I/Healthy/H_11_RGB_5_43.tiff
train,Pepper\I\Healthy,Healthy,H_11,11,5,44,Datasets/TOBRFV-LMID/RGB/Pepper/I/Healthy/H_11_RGB_5_44.tiff
train,Pepper\I\Healthy,Healthy,H_11,11,5,45,Datasets/TOBRFV-LMID/RGB/Pepper/I/Healthy/H_11_RGB_5_45.tiff
train,Pepper\I\Healthy,Healthy,H_11,11,5,5,Datasets/TOBRFV-LMID/RGB/Pepper/I/Healthy/H_11_RGB_5_5.tiff
train,Pepper\I\Healthy,Healthy,H_11,11,5,8,Datasets/TOBRFV-LMID/RGB/Pepper/I/Healthy/H_11_RGB_5_8.tiff
train,Pepper\I\Healthy,Healthy,H_19,19,0,1,Datasets/TOBRFV-LMID/RGB/Pepper/I/Healthy/H_19_RGB_0_1.tiff
train,Pepper\I\Healthy,Healthy,H_19,19,0,10,Datasets/TOBRFV-LMID/RGB/Pepper/I/Healthy/H_19_RGB_0_10.tiff
train,Pepper\I\Healthy,Healthy,H_19,19,0,11,Datasets/TOBRFV-LMID/RGB/Pepper/I/Healthy/H_19_RGB_0_11.tiff
train,Pepper\I\Healthy,Healthy,H_19,19,0,12,Datasets/TOBRFV-LMID/RGB/Pepper/I/Healthy/H_19_RGB_0_12.tiff
train,Pepper\I\Healthy,Healthy,H_19,19,0,13,Datasets/TOBRFV-LMID/RGB/Pepper/I/Healthy/H_19_RGB_0_13.tiff
train,Pepper\I\Healthy,Healthy,H_19,19,0,14,Datasets/TOBRFV-LMID/RGB/Pepper/I/Healthy/H_19_RGB_0_14.tiff
train,Pepper\I\Healthy,Healthy,H_19,19,0,15,Datasets/TOBRFV-LMID/RGB/Pepper/I/Healthy/H_19_RGB_0_15.tiff
train,Pepper\I\Healthy,Healthy,H_19,19,0,16,Datasets/TOBRFV-LMID/RGB/Pepper/I/Healthy/H_19_RGB_0_16.tiff
train,Pepper\I\Healthy,Healthy,H_19,19,0,17,Datasets/TOBRFV-LMID/RGB/Pepper/I/Healthy/H_19_RGB_0_17.tiff
train,Pepper\I\Healthy,Healthy,H_19,19,0,18,Datasets/TOBRFV-LMID/RGB/Pepper/I/Healthy/H_19_RGB_0_18.tiff
train,Pepper\I\Healthy,Healthy,H_19,19,0,19,Datasets/TOBRFV-LMID/RGB/Pepper/I/Healthy/H_19_RGB_0_19.tiff
train,Pepper\I\Healthy,Healthy,H_19,19,0,2,Datasets/TOBRFV-LMID/RGB/Pepper/I/Healthy/H_19_RGB_0_2.tiff
train,Pepper\I\Healthy,Healthy,H_19,19,0,20,Datasets/TOBRFV-LMID/RGB/Pepper/I/Healthy/H_19_RGB_0_20.tiff
train,Pepper\I\Healthy,Healthy,H_19,19,0,21,Datasets/TOBRFV-LMID/RGB/Pepper/I/Healthy/H_19_RGB_0_21.tiff
train,Pepper\I\Healthy,Healthy,H_19,19,0,22,Datasets/TOBRFV-LMID/RGB/Pepper/I/Healthy/H_19_RGB_0_22.tiff
train,Pepper\I\Healthy,Healthy,H_19,19,0,23,Datasets/TOBRFV-LMID/RGB/Pepper/I/Healthy/H_19_RGB_0_23.tiff
train,Pepper\I\Healthy,Healthy,H_19,19,0,24,Datasets/TOBRFV-LMID/RGB/Pepper/I/Healthy/H_19_RGB_0_24.tiff
train,Pepper\I\Healthy,Healthy,H_19,19,0,25,Datasets/TOBRFV-LMID/RGB/Pepper/I/Healthy/H_19_RGB_0_25.tiff
train,Pepper\I\Healthy,Healthy,H_19,19,0,26,Datasets/TOBRFV-LMID/RGB/Pepper/I/Healthy/H_19_RGB_0_26.tiff
train,Pepper\I\Healthy,Healthy,H_19,19,0,27,Datasets/TOBRFV-LMID/RGB/Pepper/I/Healthy/H_19_RGB_0_27.tiff
train,Pepper\I\Healthy,Healthy,H_19,19,0,28,Datasets/TOBRFV-LMID/RGB/Pepper/I/Healthy/H_19_RGB_0_28.tiff
train,Pepper\I\Healthy,Healthy,H_19,19,0,29,Datasets/TOBRFV-LMID/RGB/Pepper/I/Healthy/H_19_RGB_0_29.tiff
train,Pepper\I\Healthy,Healthy,H_19,19,0,3,Datasets/TOBRFV-LMID/RGB/Pepper/I/Healthy/H_19_RGB_0_3.tiff
train,Pepper\I\Healthy,Healthy,H_19,19,0,30,Datasets/TOBRFV-LMID/RGB/Pepper/I/Healthy/H_19_RGB_0_30.tiff
train,Pepper\I\Healthy,Healthy,H_19,19,0,31,Datasets/TOBRFV-LMID/RGB/Pepper/I/Healthy/H_19_RGB_0_31.tiff
train,Pepper\I\Healthy,Healthy,H_19,19,0,32,Datasets/TOBRFV-LMID/RGB/Pepper/I/Healthy/H_19_RGB_0_32.tiff
train,Pepper\I\Healthy,Healthy,H_19,19,0,33,Datasets/TOBRFV-LMID/RGB/Pepper/I/Healthy/H_19_RGB_0_33.tiff
train,Pepper\I\Healthy,Healthy,H_19,19,0,34,Datasets/TOBRFV-LMID/RGB/Pepper/I/Healthy/H_19_RGB_0_34.tiff
train,Pepper\I\Healthy,Healthy,H_19,19,0,35,Datasets/TOBRFV-LMID/RGB/Pepper/I/Healthy/H_19_RGB_0_35.tiff
train,Pepper\I\Healthy,Healthy,H_19,19,0,36,Datasets/TOBRFV-LMID/RGB/Pepper/I/Healthy/H_19_RGB_0_36.tiff
train,Pepper\I\Healthy,Healthy,H_19,19,0,37,Datasets/TOBRFV-LMID/RGB/Pepper/I/Healthy/H_19_RGB_0_37.tiff
train,Pepper\I\Healthy,Healthy,H_19,19,0,38,Datasets/TOBRFV-LMID/RGB/Pepper/I/Healthy/H_19_RGB_0_38.tiff
train,Pepper\I\Healthy,Healthy,H_19,19,0,39,Datasets/TOBRFV-LMID/RGB/Pepper/I/Healthy/H_19_RGB_0_39.tiff
train,Pepper\I\Healthy,Healthy,H_19,19,0,4,Datasets/TOBRFV-LMID/RGB/Pepper/I/Healthy/H_19_RGB_0_4.tiff
train,Pepper\I\Healthy,Healthy,H_19,19,0,40,Datasets/TOBRFV-LMID/RGB/Pepper/I/Healthy/H_19_RGB_0_40.tiff
train,Pepper\I\Healthy,Healthy,H_19,19,0,41,Datasets/TOBRFV-LMID/RGB/Pepper/I/Healthy/H_19_RGB_0_41.tiff
train,Pepper\I\Healthy,Healthy,H_19,19,0,42,Datasets/TOBRFV-LMID/RGB/Pepper/I/Healthy/H_19_RGB_0_42.tiff
train,Pepper\I\Healthy,Healthy,H_19,19,0,43,Datasets/TOBRFV-LMID/RGB/Pepper/I/Healthy/H_19_RGB_0_43.tiff
train,Pepper\I\Healthy,Healthy,H_19,19,0,44,Datasets/TOBRFV-LMID/RGB/Pepper/I/Healthy/H_19_RGB_0_44.tiff
train,Pepper\I\Healthy,Healthy,H_19,19,0,45,Datasets/TOBRFV-LMID/RGB/Pepper/I/Healthy/H_19_RGB_0_45.tiff
train,Pepper\I\Healthy,Healthy,H_19,19,0,5,Datasets/TOBRFV-LMID/RGB/Pepper/I/Healthy/H_19_RGB_0_5.tiff
train,Pepper\I\Healthy,Healthy,H_19,19,0,6,Datasets/TOBRFV-LMID/RGB/Pepper/I/Healthy/H_19_RGB_0_6.tiff
train,Pepper\I\Healthy,Healthy,H_19,19,0,7,Datasets/TOBRFV-LMID/RGB/Pepper/I/Healthy/H_19_RGB_0_7.tiff
train,Pepper\I\Healthy,Healthy,H_19,19,0,8,Datasets/TOBRFV-LMID/RGB/Pepper/I/Healthy/H_19_RGB_0_8.tiff
train,Pepper\I\Healthy,Healthy,H_19,19,0,9,Datasets/TOBRFV-LMID/RGB/Pepper/I/Healthy/H_19_RGB_0_9.tiff
train,Pepper\I\Healthy,Healthy,H_19,19,15,1,Datasets/TOBRFV-LMID/RGB/Pepper/I/Healthy/H_19_RGB_15_1.tiff
train,Pepper\I\Healthy,Healthy,H_19,19,15,10,Datasets/TOBRFV-LMID/RGB/Pepper/I/Healthy/H_19_RGB_15_10.tiff
train,Pepper\I\Healthy,Healthy,H_19,19,15,11,Datasets/TOBRFV-LMID/RGB/Pepper/I/Healthy/H_19_RGB_15_11.tiff
train,Pepper\I\Healthy,Healthy,H_19,19,15,12,Datasets/TOBRFV-LMID/RGB/Pepper/I/Healthy/H_19_RGB_15_12.tiff
train,Pepper\I\Healthy,Healthy,H_19,19,15,13,Datasets/TOBRFV-LMID/RGB/Pepper/I/Healthy/H_19_RGB_15_13.tiff
train,Pepper\I\Healthy,Healthy,H_19,19,15,14,Datasets/TOBRFV-LMID/RGB/Pepper/I/Healthy/H_19_RGB_15_14.tiff
train,Pepper\I\Healthy,Healthy,H_19,19,15,15,Datasets/TOBRFV-LMID/RGB/Pepper/I/Healthy/H_19_RGB_15_15.tiff
train,Pepper\I\Healthy,Healthy,H_19,19,15,16,Datasets/TOBRFV-LMID/RGB/Pepper/I/Healthy/H_19_RGB_15_16.tiff
train,Pepper\I\Healthy,Healthy,H_19,19,15,17,Datasets/TOBRFV-LMID/RGB/Pepper/I/Healthy/H_19_RGB_15_17.tiff
train,Pepper\I\Healthy,Healthy,H_19,19,15,18,Datasets/TOBRFV-LMID/RGB/Pepper/I/Healthy/H_19_RGB_15_18.tiff
train,Pepper\I\Healthy,Healthy,H_19,19,15,19,Datasets/TOBRFV-LMID/RGB/Pepper/I/Healthy/H_19_RGB_15_19.tiff
train,Pepper\I\Healthy,Healthy,H_19,19,15,2,Datasets/TOBRFV-LMID/RGB/Pepper/I/Healthy/H_19_RGB_15_2.tiff
train,Pepper\I\Healthy,Healthy,H_19,19,15,20,Datasets/TOBRFV-LMID/RGB/Pepper/I/Healthy/H_19_RGB_15_20.tiff
train,Pepper\I\Healthy,Healthy,H_19,19,15,21,Datasets/TOBRFV-LMID/RGB/Pepper/I/Healthy/H_19_RGB_15_21.tiff
train,Pepper\I\Healthy,Healthy,H_19,19,15,22,Datasets/TOBRFV-LMID/RGB/Pepper/I/Healthy/H_19_RGB_15_22.tiff
train,Pepper\I\Healthy,Healthy,H_19,19,15,23,Datasets/TOBRFV-LMID/RGB/Pepper/I/Healthy/H_19_RGB_15_23.tiff
train,Pepper\I\Healthy,Healthy,H_19,19,15,24,Datasets/TOBRFV-LMID/RGB/Pepper/I/Healthy/H_19_RGB_15_24.tiff
train,Pepper\I\Healthy,Healthy,H_19,19,15,25,Datasets/TOBRFV-LMID/RGB/Pepper/I/Healthy/H_19_RGB_15_25.tiff
train,Pepper\I\Healthy,Healthy,H_19,19,15,26,Datasets/TOBRFV-LMID/RGB/Pepper/I/Healthy/H_19_RGB_15_26.tiff
train,Pepper\I\Healthy,Healthy,H_19,19,15,27,Datasets/TOBRFV-LMID/RGB/Pepper/I/Healthy/H_19_RGB_15_27.tiff
train,Pepper\I\Healthy,Healthy,H_19,19,15,28,Datasets/TOBRFV-LMID/RGB/Pepper/I/Healthy/H_19_RGB_15_28.tiff
train,Pepper\I\Healthy,Healthy,H_19,19,15,3,Datasets/TOBRFV-LMID/RGB/Pepper/I/Healthy/H_19_RGB_15_3.tiff
train,Pepper\I\Healthy,Healthy,H_19,19,15,30,Datasets/TOBRFV-LMID/RGB/Pepper/I/Healthy/H_19_RGB_15_30.tiff
train,Pepper\I\Healthy,Healthy,H_19,19,15,31,Datasets/TOBRFV-LMID/RGB/Pepper/I/Healthy/H_19_RGB_15_31.tiff
train,Pepper\I\Healthy,Healthy,H_19,19,15,32,Datasets/TOBRFV-LMID/RGB/Pepper/I/Healthy/H_19_RGB_15_32.tiff
train,Pepper\I\Healthy,Healthy,H_19,19,15,33,Datasets/TOBRFV-LMID/RGB/Pepper/I/Healthy/H_19_RGB_15_33.tiff
train,Pepper\I\Healthy,Healthy,H_19,19,15,34,Datasets/TOBRFV-LMID/RGB/Pepper/I/Healthy/H_19_RGB_15_34.tiff
train,Pepper\I\Healthy,Healthy,H_19,19,15,35,Datasets/TOBRFV-LMID/RGB/Pepper/I/Healthy/H_19_RGB_15_35.tiff
train,Pepper\I\Healthy,Healthy,H_19,19,15,36,Datasets/TOBRFV-LMID/RGB/Pepper/I/Healthy/H_19_RGB_15_36.tiff
train,Pepper\I\Healthy,Healthy,H_19,19,15,37,Datasets/TOBRFV-LMID/RGB/Pepper/I/Healthy/H_19_RGB_15_37.tiff
train,Pepper\I\Healthy,Healthy,H_19,19,15,38,Datasets/TOBRFV-LMID/RGB/Pepper/I/Healthy/H_19_RGB_15_38.tiff
train,Pepper\I\Healthy,Healthy,H_19,19,15,39,Datasets/TOBRFV-LMID/RGB/Pepper/I/Healthy/H_19_RGB_15_39.tiff
train,Pepper\I\Healthy,Healthy,H_19,19,15,4,Datasets/TOBRFV-LMID/RGB/Pepper/I/Healthy/H_19_RGB_15_4.tiff
train,Pepper\I\Healthy,Healthy,H_19,19,15,40,Datasets/TOBRFV-LMID/RGB/Pepper/I/Healthy/H_19_RGB_15_40.tiff
train,Pepper\I\Healthy,Healthy,H_19,19,15,41,Datasets/TOBRFV-LMID/RGB/Pepper/I/Healthy/H_19_RGB_15_41.tiff
train,Pepper\I\Healthy,Healthy,H_19,19,15,42,Datasets/TOBRFV-LMID/RGB/Pepper/I/Healthy/H_19_RGB_15_42.tiff
train,Pepper\I\Healthy,Healthy,H_19,19,15,43,Datasets/TOBRFV-LMID/RGB/Pepper/I/Healthy/H_19_RGB_15_43.tiff
train,Pepper\I\Healthy,Healthy,H_19,19,15,44,Datasets/TOBRFV-LMID/RGB/Pepper/I/Healthy/H_19_RGB_15_44.tiff
train,Pepper\I\Healthy,Healthy,H_19,19,15,45,Datasets/TOBRFV-LMID/RGB/Pepper/I/Healthy/H_19_RGB_15_45.tiff
train,Pepper\I\Healthy,Healthy,H_19,19,15,5,Datasets/TOBRFV-LMID/RGB/Pepper/I/Healthy/H_19_RGB_15_5.tiff
train,Pepper\I\Healthy,Healthy,H_19,19,15,6,Datasets/TOBRFV-LMID/RGB/Pepper/I/Healthy/H_19_RGB_15_6.tiff
train,Pepper\I\Healthy,Healthy,H_19,19,15,7,Datasets/TOBRFV-LMID/RGB/Pepper/I/Healthy/H_19_RGB_15_7.tiff
train,Pepper\I\Healthy,Healthy,H_19,19,15,8,Datasets/TOBRFV-LMID/RGB/Pepper/I/Healthy/H_19_RGB_15_8.tiff
train,Pepper\I\Healthy,Healthy,H_19,19,15,9,Datasets/TOBRFV-LMID/RGB/Pepper/I/Healthy/H_19_RGB_15_9.tiff
train,Pepper\I\Healthy,Healthy,H_27,27,0,10,Datasets/TOBRFV-LMID/RGB/Pepper/I/Healthy/H_27_RGB_0_10.tiff
train,Pepper\I\Healthy,Healthy,H_27,27,0,11,Datasets/TOBRFV-LMID/RGB/Pepper/I/Healthy/H_27_RGB_0_11.tiff
train,Pepper\I\Healthy,Healthy,H_27,27,0,12,Datasets/TOBRFV-LMID/RGB/Pepper/I/Healthy/H_27_RGB_0_12.tiff
train,Pepper\I\Healthy,Healthy,H_27,27,0,13,Datasets/TOBRFV-LMID/RGB/Pepper/I/Healthy/H_27_RGB_0_13.tiff
train,Pepper\I\Healthy,Healthy,H_27,27,0,14,Datasets/TOBRFV-LMID/RGB/Pepper/I/Healthy/H_27_RGB_0_14.tiff
train,Pepper\I\Healthy,Healthy,H_27,27,0,15,Datasets/TOBRFV-LMID/RGB/Pepper/I/Healthy/H_27_RGB_0_15.tiff
train,Pepper\I\Healthy,Healthy,H_27,27,0,16,Datasets/TOBRFV-LMID/RGB/Pepper/I/Healthy/H_27_RGB_0_16.tiff
train,Pepper\I\Healthy,Healthy,H_27,27,0,17,Datasets/TOBRFV-LMID/RGB/Pepper/I/Healthy/H_27_RGB_0_17.tiff
train,Pepper\I\Healthy,Healthy,H_27,27,0,18,Datasets/TOBRFV-LMID/RGB/Pepper/I/Healthy/H_27_RGB_0_18.tiff
train,Pepper\I\Healthy,Healthy,H_27,27,0,19,Datasets/TOBRFV-LMID/RGB/Pepper/I/Healthy/H_27_RGB_0_19.tiff
train,Pepper\I\Healthy,Healthy,H_27,27,0,2,Datasets/TOBRFV-LMID/RGB/Pepper/I/Healthy/H_27_RGB_0_2.tiff
train,Pepper\I\Healthy,Healthy,H_27,27,0,20,Datasets/TOBRFV-LMID/RGB/Pepper/I/Healthy/H_27_RGB_0_20.tiff
train,Pepper\I\Healthy,Healthy,H_27,27,0,21,Datasets/TOBRFV-LMID/RGB/Pepper/I/Healthy/H_27_RGB_0_21.tiff
train,Pepper\I\Healthy,Healthy,H_27,27,0,22,Datasets/TOBRFV-LMID/RGB/Pepper/I/Healthy/H_27_RGB_0_22.tiff
train,Pepper\I\Healthy,Healthy,H_27,27,0,23,Datasets/TOBRFV-LMID/RGB/Pepper/I/Healthy/H_27_RGB_0_23.tiff
train,Pepper\I\Healthy,Healthy,H_27,27,0,24,Datasets/TOBRFV-LMID/RGB/Pepper/I/Healthy/H_27_RGB_0_24.tiff
train,Pepper\I\Healthy,Healthy,H_27,27,0,25,Datasets/TOBRFV-LMID/RGB/Pepper/I/Healthy/H_27_RGB_0_25.tiff
train,Pepper\I\Healthy,Healthy,H_27,27,0,26,Datasets/TOBRFV-LMID/RGB/Pepper/I/Healthy/H_27_RGB_0_26.tiff
train,Pepper\I\Healthy,Healthy,H_27,27,0,29,Datasets/TOBRFV-LMID/RGB/Pepper/I/Healthy/H_27_RGB_0_29.tiff
train,Pepper\I\Healthy,Healthy,H_27,27,0,3,Datasets/TOBRFV-LMID/RGB/Pepper/I/Healthy/H_27_RGB_0_3.tiff
train,Pepper\I\Healthy,Healthy,H_27,27,0,30,Datasets/TOBRFV-LMID/RGB/Pepper/I/Healthy/H_27_RGB_0_30.tiff
train,Pepper\I\Healthy,Healthy,H_27,27,0,31,Datasets/TOBRFV-LMID/RGB/Pepper/I/Healthy/H_27_RGB_0_31.tiff
train,Pepper\I\Healthy,Healthy,H_27,27,0,32,Datasets/TOBRFV-LMID/RGB/Pepper/I/Healthy/H_27_RGB_0_32.tiff
train,Pepper\I\Healthy,Healthy,H_27,27,0,33,Datasets/TOBRFV-LMID/RGB/Pepper/I/Healthy/H_27_RGB_0_33.tiff
train,Pepper\I\Healthy,Healthy,H_27,27,0,34,Datasets/TOBRFV-LMID/RGB/Pepper/I/Healthy/H_27_RGB_0_34.tiff
train,Pepper\I\Healthy,Healthy,H_27,27,0,35,Datasets/TOBRFV-LMID/RGB/Pepper/I/Healthy/H_27_RGB_0_35.tiff
train,Pepper\I\Healthy,Healthy,H_27,27,0,39,Datasets/TOBRFV-LMID/RGB/Pepper/I/Healthy/H_27_RGB_0_39.tiff
train,Pepper\I\Healthy,Healthy,H_27,27,0,40,Datasets/TOBRFV-LMID/RGB/Pepper/I/Healthy/H_27_RGB_0_40.tiff
train,Pepper\I\Healthy,Healthy,H_27,27,0,41,Datasets/TOBRFV-LMID/RGB/Pepper/I/Healthy/H_27_RGB_0_41.tiff
train,Pepper\I\Healthy,Healthy,H_27,27,0,42,Datasets/TOBRFV-LMID/RGB/Pepper/I/Healthy/H_27_RGB_0_42.tiff
train,Pepper\I\Healthy,Healthy,H_27,27,0,43,Datasets/TOBRFV-LMID/RGB/Pepper/I/Healthy/H_27_RGB_0_43.tiff
train,Pepper\I\Healthy,Healthy,H_27,27,0,44,Datasets/TOBRFV-LMID/RGB/Pepper/I/Healthy/H_27_RGB_0_44.tiff
train,Pepper\I\Healthy,Healthy,H_27,27,0,45,Datasets/TOBRFV-LMID/RGB/Pepper/I/Healthy/H_27_RGB_0_45.tiff
train,Pepper\I\Healthy,Healthy,H_27,27,0,8,Datasets/TOBRFV-LMID/RGB/Pepper/I/Healthy/H_27_RGB_0_8.tiff
train,Pepper\I\Healthy,Healthy,H_27,27,0,9,Datasets/TOBRFV-LMID/RGB/Pepper/I/Healthy/H_27_RGB_0_9.tiff
train,Pepper\I\Healthy,Healthy,H_27,27,15,1,Datasets/TOBRFV-LMID/RGB/Pepper/I/Healthy/H_27_RGB_15_1.tiff
train,Pepper\I\Healthy,Healthy,H_27,27,15,10,Datasets/TOBRFV-LMID/RGB/Pepper/I/Healthy/H_27_RGB_15_10.tiff
train,Pepper\I\Healthy,Healthy,H_27,27,15,11,Datasets/TOBRFV-LMID/RGB/Pepper/I/Healthy/H_27_RGB_15_11.tiff
train,Pepper\I\Healthy,Healthy,H_27,27,15,12,Datasets/TOBRFV-LMID/RGB/Pepper/I/Healthy/H_27_RGB_15_12.tiff
train,Pepper\I\Healthy,Healthy,H_27,27,15,13,Datasets/TOBRFV-LMID/RGB/Pepper/I/Healthy/H_27_RGB_15_13.tiff
train,Pepper\I\Healthy,Healthy,H_27,27,15,14,Datasets/TOBRFV-LMID/RGB/Pepper/I/Healthy/H_27_RGB_15_14.tiff
train,Pepper\I\Healthy,Healthy,H_27,27,15,15,Datasets/TOBRFV-LMID/RGB/Pepper/I/Healthy/H_27_RGB_15_15.tiff
train,Pepper\I\Healthy,Healthy,H_27,27,15,16,Datasets/TOBRFV-LMID/RGB/Pepper/I/Healthy/H_27_RGB_15_16.tiff
train,Pepper\I\Healthy,Healthy,H_27,27,15,17,Datasets/TOBRFV-LMID/RGB/Pepper/I/Healthy/H_27_RGB_15_17.tiff
train,Pepper\I\Healthy,Healthy,H_27,27,15,18,Datasets/TOBRFV-LMID/RGB/Pepper/I/Healthy/H_27_RGB_15_18.tiff
train,Pepper\I\Healthy,Healthy,H_27,27,15,19,Datasets/TOBRFV-LMID/RGB/Pepper/I/Healthy/H_27_RGB_15_19.tiff
train,Pepper\I\Healthy,Healthy,H_27,27,15,2,Datasets/TOBRFV-LMID/RGB/Pepper/I/Healthy/H_27_RGB_15_2.tiff
train,Pepper\I\Healthy,Healthy,H_27,27,15,20,Datasets/TOBRFV-LMID/RGB/Pepper/I/Healthy/H_27_RGB_15_20.tiff
train,Pepper\I\Healthy,Healthy,H_27,27,15,21,Datasets/TOBRFV-LMID/RGB/Pepper/I/Healthy/H_27_RGB_15_21.tiff
train,Pepper\I\Healthy,Healthy,H_27,27,15,22,Datasets/TOBRFV-LMID/RGB/Pepper/I/Healthy/H_27_RGB_15_22.tiff
train,Pepper\I\Healthy,Healthy,H_27,27,15,23,Datasets/TOBRFV-LMID/RGB/Pepper/I/Healthy/H_27_RGB_15_23.tiff
train,Pepper\I\Healthy,Healthy,H_27,27,15,24,Datasets/TOBRFV-LMID/RGB/Pepper/I/Healthy/H_27_RGB_15_24.tiff
train,Pepper\I\Healthy,Healthy,H_27,27,15,25,Datasets/TOBRFV-LMID/RGB/Pepper/I/Healthy/H_27_RGB_15_25.tiff
train,Pepper\I\Healthy,Healthy,H_27,27,15,26,Datasets/TOBRFV-LMID/RGB/Pepper/I/Healthy/H_27_RGB_15_26.tiff
train,Pepper\I\Healthy,Healthy,H_27,27,15,27,Datasets/TOBRFV-LMID/RGB/Pepper/I/Healthy/H_27_RGB_15_27.tiff
train,Pepper\I\Healthy,Healthy,H_27,27,15,28,Datasets/TOBRFV-LMID/RGB/Pepper/I/Healthy/H_27_RGB_15_28.tiff
train,Pepper\I\Healthy,Healthy,H_27,27,15,29,Datasets/TOBRFV-LMID/RGB/Pepper/I/Healthy/H_27_RGB_15_29.tiff
train,Pepper\I\Healthy,Healthy,H_27,27,15,3,Datasets/TOBRFV-LMID/RGB/Pepper/I/Healthy/H_27_RGB_15_3.tiff
train,Pepper\I\Healthy,Healthy,H_27,27,15,30,Datasets/TOBRFV-LMID/RGB/Pepper/I/Healthy/H_27_RGB_15_30.tiff
train,Pepper\I\Healthy,Healthy,H_27,27,15,31,Datasets/TOBRFV-LMID/RGB/Pepper/I/Healthy/H_27_RGB_15_31.tiff
train,Pepper\I\Healthy,Healthy,H_27,27,15,32,Datasets/TOBRFV-LMID/RGB/Pepper/I/Healthy/H_27_RGB_15_32.tiff
train,Pepper\I\Healthy,Healthy,H_27,27,15,33,Datasets/TOBRFV-LMID/RGB/Pepper/I/Healthy/H_27_RGB_15_33.tiff
train,Pepper\I\Healthy,Healthy,H_27,27,15,34,Datasets/TOBRFV-LMID/RGB/Pepper/I/Healthy/H_27_RGB_15_34.tiff
train,Pepper\I\Healthy,Healthy,H_27,27,15,35,Datasets/TOBRFV-LMID/RGB/Pepper/I/Healthy/H_27_RGB_15_35.tiff
train,Pepper\I\Healthy,Healthy,H_27,27,15,36,Datasets/TOBRFV-LMID/RGB/Pepper/I/Healthy/H_27_RGB_15_36.tiff
train,Pepper\I\Healthy,Healthy,H_27,27,15,37,Datasets/TOBRFV-LMID/RGB/Pepper/I/Healthy/H_27_RGB_15_37.tiff
train,Pepper\I\Healthy,Healthy,H_27,27,15,38,Datasets/TOBRFV-LMID/RGB/Pepper/I/Healthy/H_27_RGB_15_38.tiff
train,Pepper\I\Healthy,Healthy,H_27,27,15,39,Datasets/TOBRFV-LMID/RGB/Pepper/I/Healthy/H_27_RGB_15_39.tiff
train,Pepper\I\Healthy,Healthy,H_27,27,15,4,Datasets/TOBRFV-LMID/RGB/Pepper/I/Healthy/H_27_RGB_15_4.tiff
train,Pepper\I\Healthy,Healthy,H_27,27,15,40,Datasets/TOBRFV-LMID/RGB/Pepper/I/Healthy/H_27_RGB_15_40.tiff
train,Pepper\I\Healthy,Healthy,H_27,27,15,41,Datasets/TOBRFV-LMID/RGB/Pepper/I/Healthy/H_27_RGB_15_41.tiff
train,Pepper\I\Healthy,Healthy,H_27,27,15,42,Datasets/TOBRFV-LMID/RGB/Pepper/I/Healthy/H_27_RGB_15_42.tiff
train,Pepper\I\Healthy,Healthy,H_27,27,15,43,Datasets/TOBRFV-LMID/RGB/Pepper/I/Healthy/H_27_RGB_15_43.tiff
train,Pepper\I\Healthy,Healthy,H_27,27,15,44,Datasets/TOBRFV-LMID/RGB/Pepper/I/Healthy/H_27_RGB_15_44.tiff
train,Pepper\I\Healthy,Healthy,H_27,27,15,45,Datasets/TOBRFV-LMID/RGB/Pepper/I/Healthy/H_27_RGB_15_45.tiff
train,Pepper\I\Healthy,Healthy,H_27,27,15,5,Datasets/TOBRFV-LMID/RGB/Pepper/I/Healthy/H_27_RGB_15_5.tiff
train,Pepper\I\Healthy,Healthy,H_27,27,15,6,Datasets/TOBRFV-LMID/RGB/Pepper/I/Healthy/H_27_RGB_15_6.tiff
train,Pepper\I\Healthy,Healthy,H_27,27,15,7,Datasets/TOBRFV-LMID/RGB/Pepper/I/Healthy/H_27_RGB_15_7.tiff
train,Pepper\I\Healthy,Healthy,H_27,27,15,8,Datasets/TOBRFV-LMID/RGB/Pepper/I/Healthy/H_27_RGB_15_8.tiff
train,Pepper\I\Virus,Virus,V_10,10,0,1,Datasets/TOBRFV-LMID/RGB/Pepper/I/Virus/V_10_RGB_0_1.tiff
train,Pepper\I\Virus,Virus,V_10,10,0,10,Datasets/TOBRFV-LMID/RGB/Pepper/I/Virus/V_10_RGB_0_10.tiff
train,Pepper\I\Virus,Virus,V_10,10,0,11,Datasets/TOBRFV-LMID/RGB/Pepper/I/Virus/V_10_RGB_0_11.tiff
train,Pepper\I\Virus,Virus,V_10,10,0,12,Datasets/TOBRFV-LMID/RGB/Pepper/I/Virus/V_10_RGB_0_12.tiff
train,Pepper\I\Virus,Virus,V_10,10,0,13,Datasets/TOBRFV-LMID/RGB/Pepper/I/Virus/V_10_RGB_0_13.tiff
train,Pepper\I\Virus,Virus,V_10,10,0,14,Datasets/TOBRFV-LMID/RGB/Pepper/I/Virus/V_10_RGB_0_14.tiff
train,Pepper\I\Virus,Virus,V_10,10,0,15,Datasets/TOBRFV-LMID/RGB/Pepper/I/Virus/V_10_RGB_0_15.tiff
train,Pepper\I\Virus,Virus,V_10,10,0,16,Datasets/TOBRFV-LMID/RGB/Pepper/I/Virus/V_10_RGB_0_16.tiff
train,Pepper\I\Virus,Virus,V_10,10,0,17,Datasets/TOBRFV-LMID/RGB/Pepper/I/Virus/V_10_RGB_0_17.tiff
train,Pepper\I\Virus,Virus,V_10,10,0,18,Datasets/TOBRFV-LMID/RGB/Pepper/I/Virus/V_10_RGB_0_18.tiff
train,Pepper\I\Virus,Virus,V_10,10,0,19,Datasets/TOBRFV-LMID/RGB/Pepper/I/Virus/V_10_RGB_0_19.tiff
train,Pepper\I\Virus,Virus,V_10,10,0,2,Datasets/TOBRFV-LMID/RGB/Pepper/I/Virus/V_10_RGB_0_2.tiff
train,Pepper\I\Virus,Virus,V_10,10,0,20,Datasets/TOBRFV-LMID/RGB/Pepper/I/Virus/V_10_RGB_0_20.tiff
train,Pepper\I\Virus,Virus,V_10,10,0,21,Datasets/TOBRFV-LMID/RGB/Pepper/I/Virus/V_10_RGB_0_21.tiff
train,Pepper\I\Virus,Virus,V_10,10,0,22,Datasets/TOBRFV-LMID/RGB/Pepper/I/Virus/V_10_RGB_0_22.tiff
train,Pepper\I\Virus,Virus,V_10,10,0,23,Datasets/TOBRFV-LMID/RGB/Pepper/I/Virus/V_10_RGB_0_23.tiff
train,Pepper\I\Virus,Virus,V_10,10,0,24,Datasets/TOBRFV-LMID/RGB/Pepper/I/Virus/V_10_RGB_0_24.tiff
train,Pepper\I\Virus,Virus,V_10,10,0,25,Datasets/TOBRFV-LMID/RGB/Pepper/I/Virus/V_10_RGB_0_25.tiff
train,Pepper\I\Virus,Virus,V_10,10,0,26,Datasets/TOBRFV-LMID/RGB/Pepper/I/Virus/V_10_RGB_0_26.tiff
train,Pepper\I\Virus,Virus,V_10,10,0,27,Datasets/TOBRFV-LMID/RGB/Pepper/I/Virus/V_10_RGB_0_27.tiff
train,Pepper\I\Virus,Virus,V_10,10,0,28,Datasets/TOBRFV-LMID/RGB/Pepper/I/Virus/V_10_RGB_0_28.tiff
train,Pepper\I\Virus,Virus,V_10,10,0,29,Datasets/TOBRFV-LMID/RGB/Pepper/I/Virus/V_10_RGB_0_29.tiff
train,Pepper\I\Virus,Virus,V_10,10,0,3,Datasets/TOBRFV-LMID/RGB/Pepper/I/Virus/V_10_RGB_0_3.tiff
train,Pepper\I\Virus,Virus,V_10,10,0,30,Datasets/TOBRFV-LMID/RGB/Pepper/I/Virus/V_10_RGB_0_30.tiff
train,Pepper\I\Virus,Virus,V_10,10,0,31,Datasets/TOBRFV-LMID/RGB/Pepper/I/Virus/V_10_RGB_0_31.tiff
train,Pepper\I\Virus,Virus,V_10,10,0,32,Datasets/TOBRFV-LMID/RGB/Pepper/I/Virus/V_10_RGB_0_32.tiff
train,Pepper\I\Virus,Virus,V_10,10,0,33,Datasets/TOBRFV-LMID/RGB/Pepper/I/Virus/V_10_RGB_0_33.tiff
train,Pepper\I\Virus,Virus,V_10,10,0,34,Datasets/TOBRFV-LMID/RGB/Pepper/I/Virus/V_10_RGB_0_34.tiff
train,Pepper\I\Virus,Virus,V_10,10,0,35,Datasets/TOBRFV-LMID/RGB/Pepper/I/Virus/V_10_RGB_0_35.tiff
train,Pepper\I\Virus,Virus,V_10,10,0,36,Datasets/TOBRFV-LMID/RGB/Pepper/I/Virus/V_10_RGB_0_36.tiff
train,Pepper\I\Virus,Virus,V_10,10,0,37,Datasets/TOBRFV-LMID/RGB/Pepper/I/Virus/V_10_RGB_0_37.tiff
train,Pepper\I\Virus,Virus,V_10,10,0,38,Datasets/TOBRFV-LMID/RGB/Pepper/I/Virus/V_10_RGB_0_38.tiff
train,Pepper\I\Virus,Virus,V_10,10,0,39,Datasets/TOBRFV-LMID/RGB/Pepper/I/Virus/V_10_RGB_0_39.tiff
train,Pepper\I\Virus,Virus,V_10,10,0,4,Datasets/TOBRFV-LMID/RGB/Pepper/I/Virus/V_10_RGB_0_4.tiff
train,Pepper\I\Virus,Virus,V_10,10,0,40,Datasets/TOBRFV-LMID/RGB/Pepper/I/Virus/V_10_RGB_0_40.tiff
train,Pepper\I\Virus,Virus,V_10,10,0,41,Datasets/TOBRFV-LMID/RGB/Pepper/I/Virus/V_10_RGB_0_41.tiff
train,Pepper\I\Virus,Virus,V_10,10,0,42,Datasets/TOBRFV-LMID/RGB/Pepper/I/Virus/V_10_RGB_0_42.tiff
train,Pepper\I\Virus,Virus,V_10,10,0,43,Datasets/TOBRFV-LMID/RGB/Pepper/I/Virus/V_10_RGB_0_43.tiff
train,Pepper\I\Virus,Virus,V_10,10,0,44,Datasets/TOBRFV-LMID/RGB/Pepper/I/Virus/V_10_RGB_0_44.tiff
train,Pepper\I\Virus,Virus,V_10,10,0,45,Datasets/TOBRFV-LMID/RGB/Pepper/I/Virus/V_10_RGB_0_45.tiff
train,Pepper\I\Virus,Virus,V_10,10,0,5,Datasets/TOBRFV-LMID/RGB/Pepper/I/Virus/V_10_RGB_0_5.tiff
train,Pepper\I\Virus,Virus,V_10,10,0,6,Datasets/TOBRFV-LMID/RGB/Pepper/I/Virus/V_10_RGB_0_6.tiff
train,Pepper\I\Virus,Virus,V_10,10,0,7,Datasets/TOBRFV-LMID/RGB/Pepper/I/Virus/V_10_RGB_0_7.tiff
train,Pepper\I\Virus,Virus,V_10,10,0,8,Datasets/TOBRFV-LMID/RGB/Pepper/I/Virus/V_10_RGB_0_8.tiff
train,Pepper\I\Virus,Virus,V_10,10,0,9,Datasets/TOBRFV-LMID/RGB/Pepper/I/Virus/V_10_RGB_0_9.tiff
train,Pepper\I\Virus,Virus,V_10,10,5,1,Datasets/TOBRFV-LMID/RGB/Pepper/I/Virus/V_10_RGB_5_1.tiff
train,Pepper\I\Virus,Virus,V_10,10,5,10,Datasets/TOBRFV-LMID/RGB/Pepper/I/Virus/V_10_RGB_5_10.tiff
train,Pepper\I\Virus,Virus,V_10,10,5,11,Datasets/TOBRFV-LMID/RGB/Pepper/I/Virus/V_10_RGB_5_11.tiff
train,Pepper\I\Virus,Virus,V_10,10,5,12,Datasets/TOBRFV-LMID/RGB/Pepper/I/Virus/V_10_RGB_5_12.tiff
train,Pepper\I\Virus,Virus,V_10,10,5,13,Datasets/TOBRFV-LMID/RGB/Pepper/I/Virus/V_10_RGB_5_13.tiff
train,Pepper\I\Virus,Virus,V_10,10,5,14,Datasets/TOBRFV-LMID/RGB/Pepper/I/Virus/V_10_RGB_5_14.tiff
train,Pepper\I\Virus,Virus,V_10,10,5,16,Datasets/TOBRFV-LMID/RGB/Pepper/I/Virus/V_10_RGB_5_16.tiff
train,Pepper\I\Virus,Virus,V_10,10,5,17,Datasets/TOBRFV-LMID/RGB/Pepper/I/Virus/V_10_RGB_5_17.tiff
train,Pepper\I\Virus,Virus,V_10,10,5,18,Datasets/TOBRFV-LMID/RGB/Pepper/I/Virus/V_10_RGB_5_18.tiff
train,Pepper\I\Virus,Virus,V_10,10,5,19,Datasets/TOBRFV-LMID/RGB/Pepper/I/Virus/V_10_RGB_5_19.tiff
train,Pepper\I\Virus,Virus,V_10,10,5,2,Datasets/TOBRFV-LMID/RGB/Pepper/I/Virus/V_10_RGB_5_2.tiff
train,Pepper\I\Virus,Virus,V_10,10,5,20,Datasets/TOBRFV-LMID/RGB/Pepper/I/Virus/V_10_RGB_5_20.tiff
train,Pepper\I\Virus,Virus,V_10,10,5,21,Datasets/TOBRFV-LMID/RGB/Pepper/I/Virus/V_10_RGB_5_21.tiff
train,Pepper\I\Virus,Virus,V_10,10,5,22,Datasets/TOBRFV-LMID/RGB/Pepper/I/Virus/V_10_RGB_5_22.tiff
train,Pepper\I\Virus,Virus,V_10,10,5,23,Datasets/TOBRFV-LMID/RGB/Pepper/I/Virus/V_10_RGB_5_23.tiff
train,Pepper\I\Virus,Virus,V_10,10,5,24,Datasets/TOBRFV-LMID/RGB/Pepper/I/Virus/V_10_RGB_5_24.tiff
train,Pepper\I\Virus,Virus,V_10,10,5,25,Datasets/TOBRFV-LMID/RGB/Pepper/I/Virus/V_10_RGB_5_25.tiff
train,Pepper\I\Virus,Virus,V_10,10,5,26,Datasets/TOBRFV-LMID/RGB/Pepper/I/Virus/V_10_RGB_5_26.tiff
train,Pepper\I\Virus,Virus,V_10,10,5,27,Datasets/TOBRFV-LMID/RGB/Pepper/I/Virus/V_10_RGB_5_27.tiff
train,Pepper\I\Virus,Virus,V_10,10,5,28,Datasets/TOBRFV-LMID/RGB/Pepper/I/Virus/V_10_RGB_5_28.tiff
train,Pepper\I\Virus,Virus,V_10,10,5,29,Datasets/TOBRFV-LMID/RGB/Pepper/I/Virus/V_10_RGB_5_29.tiff
train,Pepper\I\Virus,Virus,V_10,10,5,3,Datasets/TOBRFV-LMID/RGB/Pepper/I/Virus/V_10_RGB_5_3.tiff
train,Pepper\I\Virus,Virus,V_10,10,5,30,Datasets/TOBRFV-LMID/RGB/Pepper/I/Virus/V_10_RGB_5_30.tiff
train,Pepper\I\Virus,Virus,V_10,10,5,31,Datasets/TOBRFV-LMID/RGB/Pepper/I/Virus/V_10_RGB_5_31.tiff
train,Pepper\I\Virus,Virus,V_10,10,5,32,Datasets/TOBRFV-LMID/RGB/Pepper/I/Virus/V_10_RGB_5_32.tiff
train,Pepper\I\Virus,Virus,V_10,10,5,33,Datasets/TOBRFV-LMID/RGB/Pepper/I/Virus/V_10_RGB_5_33.tiff
train,Pepper\I\Virus,Virus,V_10,10,5,34,Datasets/TOBRFV-LMID/RGB/Pepper/I/Virus/V_10_RGB_5_34.tiff
train,Pepper\I\Virus,Virus,V_10,10,5,36,Datasets/TOBRFV-LMID/RGB/Pepper/I/Virus/V_10_RGB_5_36.tiff
train,Pepper\I\Virus,Virus,V_10,10,5,37,Datasets/TOBRFV-LMID/RGB/Pepper/I/Virus/V_10_RGB_5_37.tiff
train,Pepper\I\Virus,Virus,V_10,10,5,38,Datasets/TOBRFV-LMID/RGB/Pepper/I/Virus/V_10_RGB_5_38.tiff
train,Pepper\I\Virus,Virus,V_10,10,5,39,Datasets/TOBRFV-LMID/RGB/Pepper/I/Virus/V_10_RGB_5_39.tiff
train,Pepper\I\Virus,Virus,V_10,10,5,4,Datasets/TOBRFV-LMID/RGB/Pepper/I/Virus/V_10_RGB_5_4.tiff
train,Pepper\I\Virus,Virus,V_10,10,5,40,Datasets/TOBRFV-LMID/RGB/Pepper/I/Virus/V_10_RGB_5_40.tiff
train,Pepper\I\Virus,Virus,V_10,10,5,41,Datasets/TOBRFV-LMID/RGB/Pepper/I/Virus/V_10_RGB_5_41.tiff
train,Pepper\I\Virus,Virus,V_10,10,5,42,Datasets/TOBRFV-LMID/RGB/Pepper/I/Virus/V_10_RGB_5_42.tiff
train,Pepper\I\Virus,Virus,V_10,10,5,43,Datasets/TOBRFV-LMID/RGB/Pepper/I/Virus/V_10_RGB_5_43.tiff
train,Pepper\I\Virus,Virus,V_10,10,5,44,Datasets/TOBRFV-LMID/RGB/Pepper/I/Virus/V_10_RGB_5_44.tiff
train,Pepper\I\Virus,Virus,V_10,10,5,45,Datasets/TOBRFV-LMID/RGB/Pepper/I/Virus/V_10_RGB_5_45.tiff
train,Pepper\I\Virus,Virus,V_10,10,5,5,Datasets/TOBRFV-LMID/RGB/Pepper/I/Virus/V_10_RGB_5_5.tiff
train,Pepper\I\Virus,Virus,V_10,10,5,6,Datasets/TOBRFV-LMID/RGB/Pepper/I/Virus/V_10_RGB_5_6.tiff
train,Pepper\I\Virus,Virus,V_10,10,5,7,Datasets/TOBRFV-LMID/RGB/Pepper/I/Virus/V_10_RGB_5_7.tiff
train,Pepper\I\Virus,Virus,V_10,10,5,8,Datasets/TOBRFV-LMID/RGB/Pepper/I/Virus/V_10_RGB_5_8.tiff
train,Pepper\I\Virus,Virus,V_10,10,5,9,Datasets/TOBRFV-LMID/RGB/Pepper/I/Virus/V_10_RGB_5_9.tiff
train,Pepper\I\Virus,Virus,V_22,22,0,1,Datasets/TOBRFV-LMID/RGB/Pepper/I/Virus/V_22_RGB_0_1.tiff
train,Pepper\I\Virus,Virus,V_22,22,0,10,Datasets/TOBRFV-LMID/RGB/Pepper/I/Virus/V_22_RGB_0_10.tiff
train,Pepper\I\Virus,Virus,V_22,22,0,11,Datasets/TOBRFV-LMID/RGB/Pepper/I/Virus/V_22_RGB_0_11.tiff
train,Pepper\I\Virus,Virus,V_22,22,0,12,Datasets/TOBRFV-LMID/RGB/Pepper/I/Virus/V_22_RGB_0_12.tiff
train,Pepper\I\Virus,Virus,V_22,22,0,13,Datasets/TOBRFV-LMID/RGB/Pepper/I/Virus/V_22_RGB_0_13.tiff
train,Pepper\I\Virus,Virus,V_22,22,0,14,Datasets/TOBRFV-LMID/RGB/Pepper/I/Virus/V_22_RGB_0_14.tiff
train,Pepper\I\Virus,Virus,V_22,22,0,15,Datasets/TOBRFV-LMID/RGB/Pepper/I/Virus/V_22_RGB_0_15.tiff
train,Pepper\I\Virus,Virus,V_22,22,0,16,Datasets/TOBRFV-LMID/RGB/Pepper/I/Virus/V_22_RGB_0_16.tiff
train,Pepper\I\Virus,Virus,V_22,22,0,17,Datasets/TOBRFV-LMID/RGB/Pepper/I/Virus/V_22_RGB_0_17.tiff
train,Pepper\I\Virus,Virus,V_22,22,0,18,Datasets/TOBRFV-LMID/RGB/Pepper/I/Virus/V_22_RGB_0_18.tiff
train,Pepper\I\Virus,Virus,V_22,22,0,19,Datasets/TOBRFV-LMID/RGB/Pepper/I/Virus/V_22_RGB_0_19.tiff
train,Pepper\I\Virus,Virus,V_22,22,0,2,Datasets/TOBRFV-LMID/RGB/Pepper/I/Virus/V_22_RGB_0_2.tiff
train,Pepper\I\Virus,Virus,V_22,22,0,20,Datasets/TOBRFV-LMID/RGB/Pepper/I/Virus/V_22_RGB_0_20.tiff
train,Pepper\I\Virus,Virus,V_22,22,0,21,Datasets/TOBRFV-LMID/RGB/Pepper/I/Virus/V_22_RGB_0_21.tiff
train,Pepper\I\Virus,Virus,V_22,22,0,22,Datasets/TOBRFV-LMID/RGB/Pepper/I/Virus/V_22_RGB_0_22.tiff
train,Pepper\I\Virus,Virus,V_22,22,0,23,Datasets/TOBRFV-LMID/RGB/Pepper/I/Virus/V_22_RGB_0_23.tiff
train,Pepper\I\Virus,Virus,V_22,22,0,24,Datasets/TOBRFV-LMID/RGB/Pepper/I/Virus/V_22_RGB_0_24.tiff
train,Pepper\I\Virus,Virus,V_22,22,0,25,Datasets/TOBRFV-LMID/RGB/Pepper/I/Virus/V_22_RGB_0_25.tiff
train,Pepper\I\Virus,Virus,V_22,22,0,26,Datasets/TOBRFV-LMID/RGB/Pepper/I/Virus/V_22_RGB_0_26.tiff
train,Pepper\I\Virus,Virus,V_22,22,0,27,Datasets/TOBRFV-LMID/RGB/Pepper/I/Virus/V_22_RGB_0_27.tiff
train,Pepper\I\Virus,Virus,V_22,22,0,28,Datasets/TOBRFV-LMID/RGB/Pepper/I/Virus/V_22_RGB_0_28.tiff
train,Pepper\I\Virus,Virus,V_22,22,0,29,Datasets/TOBRFV-LMID/RGB/Pepper/I/Virus/V_22_RGB_0_29.tiff
train,Pepper\I\Virus,Virus,V_22,22,0,3,Datasets/TOBRFV-LMID/RGB/Pepper/I/Virus/V_22_RGB_0_3.tiff
train,Pepper\I\Virus,Virus,V_22,22,0,30,Datasets/TOBRFV-LMID/RGB/Pepper/I/Virus/V_22_RGB_0_30.tiff
train,Pepper\I\Virus,Virus,V_22,22,0,31,Datasets/TOBRFV-LMID/RGB/Pepper/I/Virus/V_22_RGB_0_31.tiff
train,Pepper\I\Virus,Virus,V_22,22,0,32,Datasets/TOBRFV-LMID/RGB/Pepper/I/Virus/V_22_RGB_0_32.tiff
train,Pepper\I\Virus,Virus,V_22,22,0,33,Datasets/TOBRFV-LMID/RGB/Pepper/I/Virus/V_22_RGB_0_33.tiff
train,Pepper\I\Virus,Virus,V_22,22,0,34,Datasets/TOBRFV-LMID/RGB/Pepper/I/Virus/V_22_RGB_0_34.tiff
train,Pepper\I\Virus,Virus,V_22,22,0,35,Datasets/TOBRFV-LMID/RGB/Pepper/I/Virus/V_22_RGB_0_35.tiff
train,Pepper\I\Virus,Virus,V_22,22,0,36,Datasets/TOBRFV-LMID/RGB/Pepper/I/Virus/V_22_RGB_0_36.tiff
train,Pepper\I\Virus,Virus,V_22,22,0,37,Datasets/TOBRFV-LMID/RGB/Pepper/I/Virus/V_22_RGB_0_37.tiff
train,Pepper\I\Virus,Virus,V_22,22,0,38,Datasets/TOBRFV-LMID/RGB/Pepper/I/Virus/V_22_RGB_0_38.tiff
train,Pepper\I\Virus,Virus,V_22,22,0,39,Datasets/TOBRFV-LMID/RGB/Pepper/I/Virus/V_22_RGB_0_39.tiff
train,Pepper\I\Virus,Virus,V_22,22,0,4,Datasets/TOBRFV-LMID/RGB/Pepper/I/Virus/V_22_RGB_0_4.tiff
train,Pepper\I\Virus,Virus,V_22,22,0,40,Datasets/TOBRFV-LMID/RGB/Pepper/I/Virus/V_22_RGB_0_40.tiff
train,Pepper\I\Virus,Virus,V_22,22,0,41,Datasets/TOBRFV-LMID/RGB/Pepper/I/Virus/V_22_RGB_0_41.tiff
train,Pepper\I\Virus,Virus,V_22,22,0,42,Datasets/TOBRFV-LMID/RGB/Pepper/I/Virus/V_22_RGB_0_42.tiff
train,Pepper\I\Virus,Virus,V_22,22,0,43,Datasets/TOBRFV-LMID/RGB/Pepper/I/Virus/V_22_RGB_0_43.tiff
train,Pepper\I\Virus,Virus,V_22,22,0,44,Datasets/TOBRFV-LMID/RGB/Pepper/I/Virus/V_22_RGB_0_44.tiff
train,Pepper\I\Virus,Virus,V_22,22,0,45,Datasets/TOBRFV-LMID/RGB/Pepper/I/Virus/V_22_RGB_0_45.tiff
train,Pepper\I\Virus,Virus,V_22,22,0,5,Datasets/TOBRFV-LMID/RGB/Pepper/I/Virus/V_22_RGB_0_5.tiff
train,Pepper\I\Virus,Virus,V_22,22,0,6,Datasets/TOBRFV-LMID/RGB/Pepper/I/Virus/V_22_RGB_0_6.tiff
train,Pepper\I\Virus,Virus,V_22,22,0,7,Datasets/TOBRFV-LMID/RGB/Pepper/I/Virus/V_22_RGB_0_7.tiff
train,Pepper\I\Virus,Virus,V_22,22,0,8,Datasets/TOBRFV-LMID/RGB/Pepper/I/Virus/V_22_RGB_0_8.tiff
train,Pepper\I\Virus,Virus,V_22,22,0,9,Datasets/TOBRFV-LMID/RGB/Pepper/I/Virus/V_22_RGB_0_9.tiff
train,Pepper\I\Virus,Virus,V_22,22,15,1,Datasets/TOBRFV-LMID/RGB/Pepper/I/Virus/V_22_RGB_15_1.tiff
train,Pepper\I\Virus,Virus,V_22,22,15,10,Datasets/TOBRFV-LMID/RGB/Pepper/I/Virus/V_22_RGB_15_10.tiff
train,Pepper\I\Virus,Virus,V_22,22,15,11,Datasets/TOBRFV-LMID/RGB/Pepper/I/Virus/V_22_RGB_15_11.tiff
train,Pepper\I\Virus,Virus,V_22,22,15,12,Datasets/TOBRFV-LMID/RGB/Pepper/I/Virus/V_22_RGB_15_12.tiff
train,Pepper\I\Virus,Virus,V_22,22,15,13,Datasets/TOBRFV-LMID/RGB/Pepper/I/Virus/V_22_RGB_15_13.tiff
train,Pepper\I\Virus,Virus,V_22,22,15,14,Datasets/TOBRFV-LMID/RGB/Pepper/I/Virus/V_22_RGB_15_14.tiff
train,Pepper\I\Virus,Virus,V_22,22,15,15,Datasets/TOBRFV-LMID/RGB/Pepper/I/Virus/V_22_RGB_15_15.tiff
train,Pepper\I\Virus,Virus,V_22,22,15,16,Datasets/TOBRFV-LMID/RGB/Pepper/I/Virus/V_22_RGB_15_16.tiff
train,Pepper\I\Virus,Virus,V_22,22,15,17,Datasets/TOBRFV-LMID/RGB/Pepper/I/Virus/V_22_RGB_15_17.tiff
train,Pepper\I\Virus,Virus,V_22,22,15,18,Datasets/TOBRFV-LMID/RGB/Pepper/I/Virus/V_22_RGB_15_18.tiff
train,Pepper\I\Virus,Virus,V_22,22,15,19,Datasets/TOBRFV-LMID/RGB/Pepper/I/Virus/V_22_RGB_15_19.tiff
train,Pepper\I\Virus,Virus,V_22,22,15,2,Datasets/TOBRFV-LMID/RGB/Pepper/I/Virus/V_22_RGB_15_2.tiff
train,Pepper\I\Virus,Virus,V_22,22,15,20,Datasets/TOBRFV-LMID/RGB/Pepper/I/Virus/V_22_RGB_15_20.tiff
train,Pepper\I\Virus,Virus,V_22,22,15,21,Datasets/TOBRFV-LMID/RGB/Pepper/I/Virus/V_22_RGB_15_21.tiff
train,Pepper\I\Virus,Virus,V_22,22,15,22,Datasets/TOBRFV-LMID/RGB/Pepper/I/Virus/V_22_RGB_15_22.tiff
train,Pepper\I\Virus,Virus,V_22,22,15,23,Datasets/TOBRFV-LMID/RGB/Pepper/I/Virus/V_22_RGB_15_23.tiff
train,Pepper\I\Virus,Virus,V_22,22,15,24,Datasets/TOBRFV-LMID/RGB/Pepper/I/Virus/V_22_RGB_15_24.tiff
train,Pepper\I\Virus,Virus,V_22,22,15,25,Datasets/TOBRFV-LMID/RGB/Pepper/I/Virus/V_22_RGB_15_25.tiff
train,Pepper\I\Virus,Virus,V_22,22,15,26,Datasets/TOBRFV-LMID/RGB/Pepper/I/Virus/V_22_RGB_15_26.tiff
train,Pepper\I\Virus,Virus,V_22,22,15,27,Datasets/TOBRFV-LMID/RGB/Pepper/I/Virus/V_22_RGB_15_27.tiff
train,Pepper\I\Virus,Virus,V_22,22,15,28,Datasets/TOBRFV-LMID/RGB/Pepper/I/Virus/V_22_RGB_15_28.tiff
train,Pepper\I\Virus,Virus,V_22,22,15,29,Datasets/TOBRFV-LMID/RGB/Pepper/I/Virus/V_22_RGB_15_29.tiff
train,Pepper\I\Virus,Virus,V_22,22,15,3,Datasets/TOBRFV-LMID/RGB/Pepper/I/Virus/V_22_RGB_15_3.tiff
train,Pepper\I\Virus,Virus,V_22,22,15,30,Datasets/TOBRFV-LMID/RGB/Pepper/I/Virus/V_22_RGB_15_30.tiff
train,Pepper\I\Virus,Virus,V_22,22,15,31,Datasets/TOBRFV-LMID/RGB/Pepper/I/Virus/V_22_RGB_15_31.tiff
train,Pepper\I\Virus,Virus,V_22,22,15,32,Datasets/TOBRFV-LMID/RGB/Pepper/I/Virus/V_22_RGB_15_32.tiff
train,Pepper\I\Virus,Virus,V_22,22,15,33,Datasets/TOBRFV-LMID/RGB/Pepper/I/Virus/V_22_RGB_15_33.tiff
train,Pepper\I\Virus,Virus,V_22,22,15,34,Datasets/TOBRFV-LMID/RGB/Pepper/I/Virus/V_22_RGB_15_34.tiff
train,Pepper\I\Virus,Virus,V_22,22,15,35,Datasets/TOBRFV-LMID/RGB/Pepper/I/Virus/V_22_RGB_15_35.tiff
train,Pepper\I\Virus,Virus,V_22,22,15,36,Datasets/TOBRFV-LMID/RGB/Pepper/I/Virus/V_22_RGB_15_36.tiff
train,Pepper\I\Virus,Virus,V_22,22,15,37,Datasets/TOBRFV-LMID/RGB/Pepper/I/Virus/V_22_RGB_15_37.tiff
train,Pepper\I\Virus,Virus,V_22,22,15,38,Datasets/TOBRFV-LMID/RGB/Pepper/I/Virus/V_22_RGB_15_38.tiff
train,Pepper\I\Virus,Virus,V_22,22,15,39,Datasets/TOBRFV-LMID/RGB/Pepper/I/Virus/V_22_RGB_15_39.tiff
train,Pepper\I\Virus,Virus,V_22,22,15,4,Datasets/TOBRFV-LMID/RGB/Pepper/I/Virus/V_22_RGB_15_4.tiff
train,Pepper\I\Virus,Virus,V_22,22,15,40,Datasets/TOBRFV-LMID/RGB/Pepper/I/Virus/V_22_RGB_15_40.tiff
train,Pepper\I\Virus,Virus,V_22,22,15,41,Datasets/TOBRFV-LMID/RGB/Pepper/I/Virus/V_22_RGB_15_41.tiff
train,Pepper\I\Virus,Virus,V_22,22,15,42,Datasets/TOBRFV-LMID/RGB/Pepper/I/Virus/V_22_RGB_15_42.tiff
train,Pepper\I\Virus,Virus,V_22,22,15,43,Datasets/TOBRFV-LMID/RGB/Pepper/I/Virus/V_22_RGB_15_43.tiff
train,Pepper\I\Virus,Virus,V_22,22,15,44,Datasets/TOBRFV-LMID/RGB/Pepper/I/Virus/V_22_RGB_15_44.tiff
train,Pepper\I\Virus,Virus,V_22,22,15,45,Datasets/TOBRFV-LMID/RGB/Pepper/I/Virus/V_22_RGB_15_45.tiff
train,Pepper\I\Virus,Virus,V_22,22,15,5,Datasets/TOBRFV-LMID/RGB/Pepper/I/Virus/V_22_RGB_15_5.tiff
train,Pepper\I\Virus,Virus,V_22,22,15,6,Datasets/TOBRFV-LMID/RGB/Pepper/I/Virus/V_22_RGB_15_6.tiff
train,Pepper\I\Virus,Virus,V_22,22,15,7,Datasets/TOBRFV-LMID/RGB/Pepper/I/Virus/V_22_RGB_15_7.tiff
train,Pepper\I\Virus,Virus,V_22,22,15,8,Datasets/TOBRFV-LMID/RGB/Pepper/I/Virus/V_22_RGB_15_8.tiff
train,Pepper\I\Virus,Virus,V_22,22,15,9,Datasets/TOBRFV-LMID/RGB/Pepper/I/Virus/V_22_RGB_15_9.tiff
train,Pepper\I\Virus,Virus,V_25,25,0,1,Datasets/TOBRFV-LMID/RGB/Pepper/I/Virus/V_25_RGB_0_1.tiff
train,Pepper\I\Virus,Virus,V_25,25,0,10,Datasets/TOBRFV-LMID/RGB/Pepper/I/Virus/V_25_RGB_0_10.tiff
train,Pepper\I\Virus,Virus,V_25,25,0,11,Datasets/TOBRFV-LMID/RGB/Pepper/I/Virus/V_25_RGB_0_11.tiff
train,Pepper\I\Virus,Virus,V_25,25,0,12,Datasets/TOBRFV-LMID/RGB/Pepper/I/Virus/V_25_RGB_0_12.tiff
train,Pepper\I\Virus,Virus,V_25,25,0,13,Datasets/TOBRFV-LMID/RGB/Pepper/I/Virus/V_25_RGB_0_13.tiff
train,Pepper\I\Virus,Virus,V_25,25,0,14,Datasets/TOBRFV-LMID/RGB/Pepper/I/Virus/V_25_RGB_0_14.tiff
train,Pepper\I\Virus,Virus,V_25,25,0,15,Datasets/TOBRFV-LMID/RGB/Pepper/I/Virus/V_25_RGB_0_15.tiff
train,Pepper\I\Virus,Virus,V_25,25,0,16,Datasets/TOBRFV-LMID/RGB/Pepper/I/Virus/V_25_RGB_0_16.tiff
train,Pepper\I\Virus,Virus,V_25,25,0,17,Datasets/TOBRFV-LMID/RGB/Pepper/I/Virus/V_25_RGB_0_17.tiff
train,Pepper\I\Virus,Virus,V_25,25,0,18,Datasets/TOBRFV-LMID/RGB/Pepper/I/Virus/V_25_RGB_0_18.tiff
train,Pepper\I\Virus,Virus,V_25,25,0,19,Datasets/TOBRFV-LMID/RGB/Pepper/I/Virus/V_25_RGB_0_19.tiff
train,Pepper\I\Virus,Virus,V_25,25,0,2,Datasets/TOBRFV-LMID/RGB/Pepper/I/Virus/V_25_RGB_0_2.tiff
train,Pepper\I\Virus,Virus,V_25,25,0,20,Datasets/TOBRFV-LMID/RGB/Pepper/I/Virus/V_25_RGB_0_20.tiff
train,Pepper\I\Virus,Virus,V_25,25,0,21,Datasets/TOBRFV-LMID/RGB/Pepper/I/Virus/V_25_RGB_0_21.tiff
train,Pepper\I\Virus,Virus,V_25,25,0,22,Datasets/TOBRFV-LMID/RGB/Pepper/I/Virus/V_25_RGB_0_22.tiff
train,Pepper\I\Virus,Virus,V_25,25,0,23,Datasets/TOBRFV-LMID/RGB/Pepper/I/Virus/V_25_RGB_0_23.tiff
train,Pepper\I\Virus,Virus,V_25,25,0,24,Datasets/TOBRFV-LMID/RGB/Pepper/I/Virus/V_25_RGB_0_24.tiff
train,Pepper\I\Virus,Virus,V_25,25,0,25,Datasets/TOBRFV-LMID/RGB/Pepper/I/Virus/V_25_RGB_0_25.tiff
train,Pepper\I\Virus,Virus,V_25,25,0,26,Datasets/TOBRFV-LMID/RGB/Pepper/I/Virus/V_25_RGB_0_26.tiff
train,Pepper\I\Virus,Virus,V_25,25,0,27,Datasets/TOBRFV-LMID/RGB/Pepper/I/Virus/V_25_RGB_0_27.tiff
train,Pepper\I\Virus,Virus,V_25,25,0,28,Datasets/TOBRFV-LMID/RGB/Pepper/I/Virus/V_25_RGB_0_28.tiff
train,Pepper\I\Virus,Virus,V_25,25,0,29,Datasets/TOBRFV-LMID/RGB/Pepper/I/Virus/V_25_RGB_0_29.tiff
train,Pepper\I\Virus,Virus,V_25,25,0,3,Datasets/TOBRFV-LMID/RGB/Pepper/I/Virus/V_25_RGB_0_3.tiff
train,Pepper\I\Virus,Virus,V_25,25,0,30,Datasets/TOBRFV-LMID/RGB/Pepper/I/Virus/V_25_RGB_0_30.tiff
train,Pepper\I\Virus,Virus,V_25,25,0,31,Datasets/TOBRFV-LMID/RGB/Pepper/I/Virus/V_25_RGB_0_31.tiff
train,Pepper\I\Virus,Virus,V_25,25,0,32,Datasets/TOBRFV-LMID/RGB/Pepper/I/Virus/V_25_RGB_0_32.tiff
train,Pepper\I\Virus,Virus,V_25,25,0,33,Datasets/TOBRFV-LMID/RGB/Pepper/I/Virus/V_25_RGB_0_33.tiff
train,Pepper\I\Virus,Virus,V_25,25,0,34,Datasets/TOBRFV-LMID/RGB/Pepper/I/Virus/V_25_RGB_0_34.tiff
train,Pepper\I\Virus,Virus,V_25,25,0,35,Datasets/TOBRFV-LMID/RGB/Pepper/I/Virus/V_25_RGB_0_35.tiff
train,Pepper\I\Virus,Virus,V_25,25,0,36,Datasets/TOBRFV-LMID/RGB/Pepper/I/Virus/V_25_RGB_0_36.tiff
train,Pepper\I\Virus,Virus,V_25,25,0,37,Datasets/TOBRFV-LMID/RGB/Pepper/I/Virus/V_25_RGB_0_37.tiff
train,Pepper\I\Virus,Virus,V_25,25,0,38,Datasets/TOBRFV-LMID/RGB/Pepper/I/Virus/V_25_RGB_0_38.tiff
train,Pepper\I\Virus,Virus,V_25,25,0,39,Datasets/TOBRFV-LMID/RGB/Pepper/I/Virus/V_25_RGB_0_39.tiff
train,Pepper\I\Virus,Virus,V_25,25,0,4,Datasets/TOBRFV-LMID/RGB/Pepper/I/Virus/V_25_RGB_0_4.tiff
train,Pepper\I\Virus,Virus,V_25,25,0,40,Datasets/TOBRFV-LMID/RGB/Pepper/I/Virus/V_25_RGB_0_40.tiff
train,Pepper\I\Virus,Virus,V_25,25,0,41,Datasets/TOBRFV-LMID/RGB/Pepper/I/Virus/V_25_RGB_0_41.tiff
train,Pepper\I\Virus,Virus,V_25,25,0,42,Datasets/TOBRFV-LMID/RGB/Pepper/I/Virus/V_25_RGB_0_42.tiff
train,Pepper\I\Virus,Virus,V_25,25,0,43,Datasets/TOBRFV-LMID/RGB/Pepper/I/Virus/V_25_RGB_0_43.tiff
train,Pepper\I\Virus,Virus,V_25,25,0,44,Datasets/TOBRFV-LMID/RGB/Pepper/I/Virus/V_25_RGB_0_44.tiff
train,Pepper\I\Virus,Virus,V_25,25,0,45,Datasets/TOBRFV-LMID/RGB/Pepper/I/Virus/V_25_RGB_0_45.tiff
train,Pepper\I\Virus,Virus,V_25,25,0,5,Datasets/TOBRFV-LMID/RGB/Pepper/I/Virus/V_25_RGB_0_5.tiff
train,Pepper\I\Virus,Virus,V_25,25,0,6,Datasets/TOBRFV-LMID/RGB/Pepper/I/Virus/V_25_RGB_0_6.tiff
train,Pepper\I\Virus,Virus,V_25,25,0,7,Datasets/TOBRFV-LMID/RGB/Pepper/I/Virus/V_25_RGB_0_7.tiff
train,Pepper\I\Virus,Virus,V_25,25,0,8,Datasets/TOBRFV-LMID/RGB/Pepper/I/Virus/V_25_RGB_0_8.tiff
train,Pepper\I\Virus,Virus,V_25,25,0,9,Datasets/TOBRFV-LMID/RGB/Pepper/I/Virus/V_25_RGB_0_9.tiff
train,Pepper\I\Virus,Virus,V_20,20,0,1,Datasets/TOBRFV-LMID/RGB/Pepper/I/Virus/V_20_RGB_0_1.tiff
train,Pepper\I\Virus,Virus,V_20,20,0,10,Datasets/TOBRFV-LMID/RGB/Pepper/I/Virus/V_20_RGB_0_10.tiff
train,Pepper\I\Virus,Virus,V_20,20,0,11,Datasets/TOBRFV-LMID/RGB/Pepper/I/Virus/V_20_RGB_0_11.tiff
train,Pepper\I\Virus,Virus,V_20,20,0,12,Datasets/TOBRFV-LMID/RGB/Pepper/I/Virus/V_20_RGB_0_12.tiff
train,Pepper\I\Virus,Virus,V_20,20,0,13,Datasets/TOBRFV-LMID/RGB/Pepper/I/Virus/V_20_RGB_0_13.tiff
train,Pepper\I\Virus,Virus,V_20,20,0,14,Datasets/TOBRFV-LMID/RGB/Pepper/I/Virus/V_20_RGB_0_14.tiff
train,Pepper\I\Virus,Virus,V_20,20,0,15,Datasets/TOBRFV-LMID/RGB/Pepper/I/Virus/V_20_RGB_0_15.tiff
train,Pepper\I\Virus,Virus,V_20,20,0,16,Datasets/TOBRFV-LMID/RGB/Pepper/I/Virus/V_20_RGB_0_16.tiff
train,Pepper\I\Virus,Virus,V_20,20,0,17,Datasets/TOBRFV-LMID/RGB/Pepper/I/Virus/V_20_RGB_0_17.tiff
train,Pepper\I\Virus,Virus,V_20,20,0,18,Datasets/TOBRFV-LMID/RGB/Pepper/I/Virus/V_20_RGB_0_18.tiff
train,Pepper\I\Virus,Virus,V_20,20,0,19,Datasets/TOBRFV-LMID/RGB/Pepper/I/Virus/V_20_RGB_0_19.tiff
train,Pepper\I\Virus,Virus,V_20,20,0,2,Datasets/TOBRFV-LMID/RGB/Pepper/I/Virus/V_20_RGB_0_2.tiff
train,Pepper\I\Virus,Virus,V_20,20,0,20,Datasets/TOBRFV-LMID/RGB/Pepper/I/Virus/V_20_RGB_0_20.tiff
train,Pepper\I\Virus,Virus,V_20,20,0,21,Datasets/TOBRFV-LMID/RGB/Pepper/I/Virus/V_20_RGB_0_21.tiff
train,Pepper\I\Virus,Virus,V_20,20,0,22,Datasets/TOBRFV-LMID/RGB/Pepper/I/Virus/V_20_RGB_0_22.tiff
train,Pepper\I\Virus,Virus,V_20,20,0,23,Datasets/TOBRFV-LMID/RGB/Pepper/I/Virus/V_20_RGB_0_23.tiff
train,Pepper\I\Virus,Virus,V_20,20,0,24,Datasets/TOBRFV-LMID/RGB/Pepper/I/Virus/V_20_RGB_0_24.tiff
train,Pepper\I\Virus,Virus,V_20,20,0,25,Datasets/TOBRFV-LMID/RGB/Pepper/I/Virus/V_20_RGB_0_25.tiff
train,Pepper\I\Virus,Virus,V_20,20,0,26,Datasets/TOBRFV-LMID/RGB/Pepper/I/Virus/V_20_RGB_0_26.tiff
train,Pepper\I\Virus,Virus,V_20,20,0,27,Datasets/TOBRFV-LMID/RGB/Pepper/I/Virus/V_20_RGB_0_27.tiff
train,Pepper\I\Virus,Virus,V_20,20,0,28,Datasets/TOBRFV-LMID/RGB/Pepper/I/Virus/V_20_RGB_0_28.tiff
train,Pepper\I\Virus,Virus,V_20,20,0,3,Datasets/TOBRFV-LMID/RGB/Pepper/I/Virus/V_20_RGB_0_3.tiff
train,Pepper\I\Virus,Virus,V_20,20,0,31,Datasets/TOBRFV-LMID/RGB/Pepper/I/Virus/V_20_RGB_0_31.tiff
train,Pepper\I\Virus,Virus,V_20,20,0,32,Datasets/TOBRFV-LMID/RGB/Pepper/I/Virus/V_20_RGB_0_32.tiff
train,Pepper\I\Virus,Virus,V_20,20,0,33,Datasets/TOBRFV-LMID/RGB/Pepper/I/Virus/V_20_RGB_0_33.tiff
train,Pepper\I\Virus,Virus,V_20,20,0,34,Datasets/TOBRFV-LMID/RGB/Pepper/I/Virus/V_20_RGB_0_34.tiff
train,Pepper\I\Virus,Virus,V_20,20,0,36,Datasets/TOBRFV-LMID/RGB/Pepper/I/Virus/V_20_RGB_0_36.tiff
train,Pepper\I\Virus,Virus,V_20,20,0,39,Datasets/TOBRFV-LMID/RGB/Pepper/I/Virus/V_20_RGB_0_39.tiff
train,Pepper\I\Virus,Virus,V_20,20,0,4,Datasets/TOBRFV-LMID/RGB/Pepper/I/Virus/V_20_RGB_0_4.tiff
train,Pepper\I\Virus,Virus,V_20,20,0,40,Datasets/TOBRFV-LMID/RGB/Pepper/I/Virus/V_20_RGB_0_40.tiff
train,Pepper\I\Virus,Virus,V_20,20,0,41,Datasets/TOBRFV-LMID/RGB/Pepper/I/Virus/V_20_RGB_0_41.tiff
train,Pepper\I\Virus,Virus,V_20,20,0,42,Datasets/TOBRFV-LMID/RGB/Pepper/I/Virus/V_20_RGB_0_42.tiff
train,Pepper\I\Virus,Virus,V_20,20,0,43,Datasets/TOBRFV-LMID/RGB/Pepper/I/Virus/V_20_RGB_0_43.tiff
train,Pepper\I\Virus,Virus,V_20,20,0,44,Datasets/TOBRFV-LMID/RGB/Pepper/I/Virus/V_20_RGB_0_44.tiff
train,Pepper\I\Virus,Virus,V_20,20,0,45,Datasets/TOBRFV-LMID/RGB/Pepper/I/Virus/V_20_RGB_0_45.tiff
train,Pepper\I\Virus,Virus,V_20,20,0,5,Datasets/TOBRFV-LMID/RGB/Pepper/I/Virus/V_20_RGB_0_5.tiff
train,Pepper\I\Virus,Virus,V_20,20,0,6,Datasets/TOBRFV-LMID/RGB/Pepper/I/Virus/V_20_RGB_0_6.tiff
train,Pepper\I\Virus,Virus,V_20,20,0,7,Datasets/TOBRFV-LMID/RGB/Pepper/I/Virus/V_20_RGB_0_7.tiff
train,Pepper\I\Virus,Virus,V_20,20,0,9,Datasets/TOBRFV-LMID/RGB/Pepper/I/Virus/V_20_RGB_0_9.tiff
train,Pepper\I\Virus,Virus,V_20,20,15,1,Datasets/TOBRFV-LMID/RGB/Pepper/I/Virus/V_20_RGB_15_1.tiff
train,Pepper\I\Virus,Virus,V_20,20,15,10,Datasets/TOBRFV-LMID/RGB/Pepper/I/Virus/V_20_RGB_15_10.tiff
train,Pepper\I\Virus,Virus,V_20,20,15,11,Datasets/TOBRFV-LMID/RGB/Pepper/I/Virus/V_20_RGB_15_11.tiff
train,Pepper\I\Virus,Virus,V_20,20,15,12,Datasets/TOBRFV-LMID/RGB/Pepper/I/Virus/V_20_RGB_15_12.tiff
train,Pepper\I\Virus,Virus,V_20,20,15,13,Datasets/TOBRFV-LMID/RGB/Pepper/I/Virus/V_20_RGB_15_13.tiff
train,Pepper\I\Virus,Virus,V_20,20,15,14,Datasets/TOBRFV-LMID/RGB/Pepper/I/Virus/V_20_RGB_15_14.tiff
train,Pepper\I\Virus,Virus,V_20,20,15,15,Datasets/TOBRFV-LMID/RGB/Pepper/I/Virus/V_20_RGB_15_15.tiff
train,Pepper\I\Virus,Virus,V_20,20,15,16,Datasets/TOBRFV-LMID/RGB/Pepper/I/Virus/V_20_RGB_15_16.tiff
train,Pepper\I\Virus,Virus,V_20,20,15,17,Datasets/TOBRFV-LMID/RGB/Pepper/I/Virus/V_20_RGB_15_17.tiff
train,Pepper\I\Virus,Virus,V_20,20,15,18,Datasets/TOBRFV-LMID/RGB/Pepper/I/Virus/V_20_RGB_15_18.tiff
train,Pepper\I\Virus,Virus,V_20,20,15,19,Datasets/TOBRFV-LMID/RGB/Pepper/I/Virus/V_20_RGB_15_19.tiff
train,Pepper\I\Virus,Virus,V_20,20,15,2,Datasets/TOBRFV-LMID/RGB/Pepper/I/Virus/V_20_RGB_15_2.tiff
train,Pepper\I\Virus,Virus,V_20,20,15,20,Datasets/TOBRFV-LMID/RGB/Pepper/I/Virus/V_20_RGB_15_20.tiff
train,Pepper\I\Virus,Virus,V_20,20,15,21,Datasets/TOBRFV-LMID/RGB/Pepper/I/Virus/V_20_RGB_15_21.tiff
train,Pepper\I\Virus,Virus,V_20,20,15,22,Datasets/TOBRFV-LMID/RGB/Pepper/I/Virus/V_20_RGB_15_22.tiff
train,Pepper\I\Virus,Virus,V_20,20,15,23,Datasets/TOBRFV-LMID/RGB/Pepper/I/Virus/V_20_RGB_15_23.tiff
train,Pepper\I\Virus,Virus,V_20,20,15,24,Datasets/TOBRFV-LMID/RGB/Pepper/I/Virus/V_20_RGB_15_24.tiff
train,Pepper\I\Virus,Virus,V_20,20,15,25,Datasets/TOBRFV-LMID/RGB/Pepper/I/Virus/V_20_RGB_15_25.tiff
train,Pepper\I\Virus,Virus,V_20,20,15,26,Datasets/TOBRFV-LMID/RGB/Pepper/I/Virus/V_20_RGB_15_26.tiff
train,Pepper\I\Virus,Virus,V_20,20,15,29,Datasets/TOBRFV-LMID/RGB/Pepper/I/Virus/V_20_RGB_15_29.tiff
train,Pepper\I\Virus,Virus,V_20,20,15,3,Datasets/TOBRFV-LMID/RGB/Pepper/I/Virus/V_20_RGB_15_3.tiff
train,Pepper\I\Virus,Virus,V_20,20,15,30,Datasets/TOBRFV-LMID/RGB/Pepper/I/Virus/V_20_RGB_15_30.tiff
train,Pepper\I\Virus,Virus,V_20,20,15,31,Datasets/TOBRFV-LMID/RGB/Pepper/I/Virus/V_20_RGB_15_31.tiff
train,Pepper\I\Virus,Virus,V_20,20,15,32,Datasets/TOBRFV-LMID/RGB/Pepper/I/Virus/V_20_RGB_15_32.tiff
train,Pepper\I\Virus,Virus,V_20,20,15,33,Datasets/TOBRFV-LMID/RGB/Pepper/I/Virus/V_20_RGB_15_33.tiff
train,Pepper\I\Virus,Virus,V_20,20,15,34,Datasets/TOBRFV-LMID/RGB/Pepper/I/Virus/V_20_RGB_15_34.tiff
train,Pepper\I\Virus,Virus,V_20,20,15,35,Datasets/TOBRFV-LMID/RGB/Pepper/I/Virus/V_20_RGB_15_35.tiff
train,Pepper\I\Virus,Virus,V_20,20,15,36,Datasets/TOBRFV-LMID/RGB/Pepper/I/Virus/V_20_RGB_15_36.tiff
train,Pepper\I\Virus,Virus,V_20,20,15,39,Datasets/TOBRFV-LMID/RGB/Pepper/I/Virus/V_20_RGB_15_39.tiff
train,Pepper\I\Virus,Virus,V_20,20,15,4,Datasets/TOBRFV-LMID/RGB/Pepper/I/Virus/V_20_RGB_15_4.tiff
train,Pepper\I\Virus,Virus,V_20,20,15,40,Datasets/TOBRFV-LMID/RGB/Pepper/I/Virus/V_20_RGB_15_40.tiff
train,Pepper\I\Virus,Virus,V_20,20,15,41,Datasets/TOBRFV-LMID/RGB/Pepper/I/Virus/V_20_RGB_15_41.tiff
train,Pepper\I\Virus,Virus,V_20,20,15,45,Datasets/TOBRFV-LMID/RGB/Pepper/I/Virus/V_20_RGB_15_45.tiff
train,Pepper\I\Virus,Virus,V_20,20,15,5,Datasets/TOBRFV-LMID/RGB/Pepper/I/Virus/V_20_RGB_15_5.tiff
train,Pepper\I\Virus,Virus,V_20,20,15,6,Datasets/TOBRFV-LMID/RGB/Pepper/I/Virus/V_20_RGB_15_6.tiff
train,Pepper\I\Virus,Virus,V_20,20,15,7,Datasets/TOBRFV-LMID/RGB/Pepper/I/Virus/V_20_RGB_15_7.tiff
train,Pepper\I\Virus,Virus,V_18,18,0,1,Datasets/TOBRFV-LMID/RGB/Pepper/I/Virus/V_18_RGB_0_1.tiff
train,Pepper\I\Virus,Virus,V_18,18,0,10,Datasets/TOBRFV-LMID/RGB/Pepper/I/Virus/V_18_RGB_0_10.tiff
train,Pepper\I\Virus,Virus,V_18,18,0,11,Datasets/TOBRFV-LMID/RGB/Pepper/I/Virus/V_18_RGB_0_11.tiff
train,Pepper\I\Virus,Virus,V_18,18,0,12,Datasets/TOBRFV-LMID/RGB/Pepper/I/Virus/V_18_RGB_0_12.tiff
train,Pepper\I\Virus,Virus,V_18,18,0,13,Datasets/TOBRFV-LMID/RGB/Pepper/I/Virus/V_18_RGB_0_13.tiff
train,Pepper\I\Virus,Virus,V_18,18,0,14,Datasets/TOBRFV-LMID/RGB/Pepper/I/Virus/V_18_RGB_0_14.tiff
train,Pepper\I\Virus,Virus,V_18,18,0,15,Datasets/TOBRFV-LMID/RGB/Pepper/I/Virus/V_18_RGB_0_15.tiff
train,Pepper\I\Virus,Virus,V_18,18,0,16,Datasets/TOBRFV-LMID/RGB/Pepper/I/Virus/V_18_RGB_0_16.tiff
train,Pepper\I\Virus,Virus,V_18,18,0,17,Datasets/TOBRFV-LMID/RGB/Pepper/I/Virus/V_18_RGB_0_17.tiff
train,Pepper\I\Virus,Virus,V_18,18,0,18,Datasets/TOBRFV-LMID/RGB/Pepper/I/Virus/V_18_RGB_0_18.tiff
train,Pepper\I\Virus,Virus,V_18,18,0,19,Datasets/TOBRFV-LMID/RGB/Pepper/I/Virus/V_18_RGB_0_19.tiff
train,Pepper\I\Virus,Virus,V_18,18,0,2,Datasets/TOBRFV-LMID/RGB/Pepper/I/Virus/V_18_RGB_0_2.tiff
train,Pepper\I\Virus,Virus,V_18,18,0,20,Datasets/TOBRFV-LMID/RGB/Pepper/I/Virus/V_18_RGB_0_20.tiff
train,Pepper\I\Virus,Virus,V_18,18,0,21,Datasets/TOBRFV-LMID/RGB/Pepper/I/Virus/V_18_RGB_0_21.tiff
train,Pepper\I\Virus,Virus,V_18,18,0,22,Datasets/TOBRFV-LMID/RGB/Pepper/I/Virus/V_18_RGB_0_22.tiff
train,Pepper\I\Virus,Virus,V_18,18,0,23,Datasets/TOBRFV-LMID/RGB/Pepper/I/Virus/V_18_RGB_0_23.tiff
train,Pepper\I\Virus,Virus,V_18,18,0,24,Datasets/TOBRFV-LMID/RGB/Pepper/I/Virus/V_18_RGB_0_24.tiff
train,Pepper\I\Virus,Virus,V_18,18,0,25,Datasets/TOBRFV-LMID/RGB/Pepper/I/Virus/V_18_RGB_0_25.tiff
train,Pepper\I\Virus,Virus,V_18,18,0,26,Datasets/TOBRFV-LMID/RGB/Pepper/I/Virus/V_18_RGB_0_26.tiff
train,Pepper\I\Virus,Virus,V_18,18,0,27,Datasets/TOBRFV-LMID/RGB/Pepper/I/Virus/V_18_RGB_0_27.tiff
train,Pepper\I\Virus,Virus,V_18,18,0,28,Datasets/TOBRFV-LMID/RGB/Pepper/I/Virus/V_18_RGB_0_28.tiff
train,Pepper\I\Virus,Virus,V_18,18,0,29,Datasets/TOBRFV-LMID/RGB/Pepper/I/Virus/V_18_RGB_0_29.tiff
train,Pepper\I\Virus,Virus,V_18,18,0,3,Datasets/TOBRFV-LMID/RGB/Pepper/I/Virus/V_18_RGB_0_3.tiff
train,Pepper\I\Virus,Virus,V_18,18,0,30,Datasets/TOBRFV-LMID/RGB/Pepper/I/Virus/V_18_RGB_0_30.tiff
train,Pepper\I\Virus,Virus,V_18,18,0,31,Datasets/TOBRFV-LMID/RGB/Pepper/I/Virus/V_18_RGB_0_31.tiff
train,Pepper\I\Virus,Virus,V_18,18,0,32,Datasets/TOBRFV-LMID/RGB/Pepper/I/Virus/V_18_RGB_0_32.tiff
train,Pepper\I\Virus,Virus,V_18,18,0,33,Datasets/TOBRFV-LMID/RGB/Pepper/I/Virus/V_18_RGB_0_33.tiff
train,Pepper\I\Virus,Virus,V_18,18,0,34,Datasets/TOBRFV-LMID/RGB/Pepper/I/Virus/V_18_RGB_0_34.tiff
train,Pepper\I\Virus,Virus,V_18,18,0,35,Datasets/TOBRFV-LMID/RGB/Pepper/I/Virus/V_18_RGB_0_35.tiff
train,Pepper\I\Virus,Virus,V_18,18,0,36,Datasets/TOBRFV-LMID/RGB/Pepper/I/Virus/V_18_RGB_0_36.tiff
train,Pepper\I\Virus,Virus,V_18,18,0,37,Datasets/TOBRFV-LMID/RGB/Pepper/I/Virus/V_18_RGB_0_37.tiff
train,Pepper\I\Virus,Virus,V_18,18,0,38,Datasets/TOBRFV-LMID/RGB/Pepper/I/Virus/V_18_RGB_0_38.tiff
train,Pepper\I\Virus,Virus,V_18,18,0,39,Datasets/TOBRFV-LMID/RGB/Pepper/I/Virus/V_18_RGB_0_39.tiff
train,Pepper\I\Virus,Virus,V_18,18,0,4,Datasets/TOBRFV-LMID/RGB/Pepper/I/Virus/V_18_RGB_0_4.tiff
train,Pepper\I\Virus,Virus,V_18,18,0,41,Datasets/TOBRFV-LMID/RGB/Pepper/I/Virus/V_18_RGB_0_41.tiff
train,Pepper\I\Virus,Virus,V_18,18,0,42,Datasets/TOBRFV-LMID/RGB/Pepper/I/Virus/V_18_RGB_0_42.tiff
train,Pepper\I\Virus,Virus,V_18,18,0,43,Datasets/TOBRFV-LMID/RGB/Pepper/I/Virus/V_18_RGB_0_43.tiff
train,Pepper\I\Virus,Virus,V_18,18,0,44,Datasets/TOBRFV-LMID/RGB/Pepper/I/Virus/V_18_RGB_0_44.tiff
train,Pepper\I\Virus,Virus,V_18,18,0,45,Datasets/TOBRFV-LMID/RGB/Pepper/I/Virus/V_18_RGB_0_45.tiff
train,Pepper\I\Virus,Virus,V_18,18,0,5,Datasets/TOBRFV-LMID/RGB/Pepper/I/Virus/V_18_RGB_0_5.tiff
train,Pepper\I\Virus,Virus,V_18,18,0,6,Datasets/TOBRFV-LMID/RGB/Pepper/I/Virus/V_18_RGB_0_6.tiff
train,Pepper\I\Virus,Virus,V_18,18,0,7,Datasets/TOBRFV-LMID/RGB/Pepper/I/Virus/V_18_RGB_0_7.tiff
train,Pepper\I\Virus,Virus,V_18,18,0,8,Datasets/TOBRFV-LMID/RGB/Pepper/I/Virus/V_18_RGB_0_8.tiff
train,Pepper\I\Virus,Virus,V_18,18,15,1,Datasets/TOBRFV-LMID/RGB/Pepper/I/Virus/V_18_RGB_15_1.tiff
train,Pepper\I\Virus,Virus,V_18,18,15,10,Datasets/TOBRFV-LMID/RGB/Pepper/I/Virus/V_18_RGB_15_10.tiff
train,Pepper\I\Virus,Virus,V_18,18,15,12,Datasets/TOBRFV-LMID/RGB/Pepper/I/Virus/V_18_RGB_15_12.tiff
train,Pepper\I\Virus,Virus,V_18,18,15,13,Datasets/TOBRFV-LMID/RGB/Pepper/I/Virus/V_18_RGB_15_13.tiff
train,Pepper\I\Virus,Virus,V_18,18,15,14,Datasets/TOBRFV-LMID/RGB/Pepper/I/Virus/V_18_RGB_15_14.tiff
train,Pepper\I\Virus,Virus,V_18,18,15,15,Datasets/TOBRFV-LMID/RGB/Pepper/I/Virus/V_18_RGB_15_15.tiff
train,Pepper\I\Virus,Virus,V_18,18,15,16,Datasets/TOBRFV-LMID/RGB/Pepper/I/Virus/V_18_RGB_15_16.tiff
train,Pepper\I\Virus,Virus,V_18,18,15,17,Datasets/TOBRFV-LMID/RGB/Pepper/I/Virus/V_18_RGB_15_17.tiff
train,Pepper\I\Virus,Virus,V_18,18,15,18,Datasets/TOBRFV-LMID/RGB/Pepper/I/Virus/V_18_RGB_15_18.tiff
train,Pepper\I\Virus,Virus,V_18,18,15,19,Datasets/TOBRFV-LMID/RGB/Pepper/I/Virus/V_18_RGB_15_19.tiff
train,Pepper\I\Virus,Virus,V_18,18,15,2,Datasets/TOBRFV-LMID/RGB/Pepper/I/Virus/V_18_RGB_15_2.tiff
train,Pepper\I\Virus,Virus,V_18,18,15,20,Datasets/TOBRFV-LMID/RGB/Pepper/I/Virus/V_18_RGB_15_20.tiff
train,Pepper\I\Virus,Virus,V_18,18,15,21,Datasets/TOBRFV-LMID/RGB/Pepper/I/Virus/V_18_RGB_15_21.tiff
train,Pepper\I\Virus,Virus,V_18,18,15,22,Datasets/TOBRFV-LMID/RGB/Pepper/I/Virus/V_18_RGB_15_22.tiff
train,Pepper\I\Virus,Virus,V_18,18,15,23,Datasets/TOBRFV-LMID/RGB/Pepper/I/Virus/V_18_RGB_15_23.tiff
train,Pepper\I\Virus,Virus,V_18,18,15,24,Datasets/TOBRFV-LMID/RGB/Pepper/I/Virus/V_18_RGB_15_24.tiff
train,Pepper\I\Virus,Virus,V_18,18,15,25,Datasets/TOBRFV-LMID/RGB/Pepper/I/Virus/V_18_RGB_15_25.tiff
train,Pepper\I\Virus,Virus,V_18,18,15,26,Datasets/TOBRFV-LMID/RGB/Pepper/I/Virus/V_18_RGB_15_26.tiff
train,Pepper\I\Virus,Virus,V_18,18,15,27,Datasets/TOBRFV-LMID/RGB/Pepper/I/Virus/V_18_RGB_15_27.tiff
train,Pepper\I\Virus,Virus,V_18,18,15,28,Datasets/TOBRFV-LMID/RGB/Pepper/I/Virus/V_18_RGB_15_28.tiff
train,Pepper\I\Virus,Virus,V_18,18,15,29,Datasets/TOBRFV-LMID/RGB/Pepper/I/Virus/V_18_RGB_15_29.tiff
train,Pepper\I\Virus,Virus,V_18,18,15,3,Datasets/TOBRFV-LMID/RGB/Pepper/I/Virus/V_18_RGB_15_3.tiff
train,Pepper\I\Virus,Virus,V_18,18,15,30,Datasets/TOBRFV-LMID/RGB/Pepper/I/Virus/V_18_RGB_15_30.tiff
train,Pepper\I\Virus,Virus,V_18,18,15,31,Datasets/TOBRFV-LMID/RGB/Pepper/I/Virus/V_18_RGB_15_31.tiff
train,Pepper\I\Virus,Virus,V_18,18,15,32,Datasets/TOBRFV-LMID/RGB/Pepper/I/Virus/V_18_RGB_15_32.tiff
train,Pepper\I\Virus,Virus,V_18,18,15,33,Datasets/TOBRFV-LMID/RGB/Pepper/I/Virus/V_18_RGB_15_33.tiff
train,Pepper\I\Virus,Virus,V_18,18,15,34,Datasets/TOBRFV-LMID/RGB/Pepper/I/Virus/V_18_RGB_15_34.tiff
train,Pepper\I\Virus,Virus,V_18,18,15,35,Datasets/TOBRFV-LMID/RGB/Pepper/I/Virus/V_18_RGB_15_35.tiff
train,Pepper\I\Virus,Virus,V_18,18,15,36,Datasets/TOBRFV-LMID/RGB/Pepper/I/Virus/V_18_RGB_15_36.tiff
train,Pepper\I\Virus,Virus,V_18,18,15,37,Datasets/TOBRFV-LMID/RGB/Pepper/I/Virus/V_18_RGB_15_37.tiff
train,Pepper\I\Virus,Virus,V_18,18,15,38,Datasets/TOBRFV-LMID/RGB/Pepper/I/Virus/V_18_RGB_15_38.tiff
train,Pepper\I\Virus,Virus,V_18,18,15,39,Datasets/TOBRFV-LMID/RGB/Pepper/I/Virus/V_18_RGB_15_39.tiff
train,Pepper\I\Virus,Virus,V_18,18,15,4,Datasets/TOBRFV-LMID/RGB/Pepper/I/Virus/V_18_RGB_15_4.tiff
train,Pepper\I\Virus,Virus,V_18,18,15,40,Datasets/TOBRFV-LMID/RGB/Pepper/I/Virus/V_18_RGB_15_40.tiff
train,Pepper\I\Virus,Virus,V_18,18,15,41,Datasets/TOBRFV-LMID/RGB/Pepper/I/Virus/V_18_RGB_15_41.tiff
train,Pepper\I\Virus,Virus,V_18,18,15,42,Datasets/TOBRFV-LMID/RGB/Pepper/I/Virus/V_18_RGB_15_42.tiff
train,Pepper\I\Virus,Virus,V_18,18,15,43,Datasets/TOBRFV-LMID/RGB/Pepper/I/Virus/V_18_RGB_15_43.tiff
train,Pepper\I\Virus,Virus,V_18,18,15,44,Datasets/TOBRFV-LMID/RGB/Pepper/I/Virus/V_18_RGB_15_44.tiff
train,Pepper\I\Virus,Virus,V_18,18,15,45,Datasets/TOBRFV-LMID/RGB/Pepper/I/Virus/V_18_RGB_15_45.tiff
train,Pepper\I\Virus,Virus,V_18,18,15,5,Datasets/TOBRFV-LMID/RGB/Pepper/I/Virus/V_18_RGB_15_5.tiff
train,Pepper\I\Virus,Virus,V_18,18,15,6,Datasets/TOBRFV-LMID/RGB/Pepper/I/Virus/V_18_RGB_15_6.tiff
train,Pepper\I\Virus,Virus,V_18,18,15,7,Datasets/TOBRFV-LMID/RGB/Pepper/I/Virus/V_18_RGB_15_7.tiff
train,Pepper\I\Virus,Virus,V_18,18,15,8,Datasets/TOBRFV-LMID/RGB/Pepper/I/Virus/V_18_RGB_15_8.tiff
train,Pepper\I\Virus,Virus,V_18,18,15,9,Datasets/TOBRFV-LMID/RGB/Pepper/I/Virus/V_18_RGB_15_9.tiff
train,Pepper\I\Virus,Virus,V_7,7,0,1,Datasets/TOBRFV-LMID/RGB/Pepper/I/Virus/V_7_RGB_0_1.tiff
train,Pepper\I\Virus,Virus,V_7,7,0,10,Datasets/TOBRFV-LMID/RGB/Pepper/I/Virus/V_7_RGB_0_10.tiff
train,Pepper\I\Virus,Virus,V_7,7,0,11,Datasets/TOBRFV-LMID/RGB/Pepper/I/Virus/V_7_RGB_0_11.tiff
train,Pepper\I\Virus,Virus,V_7,7,0,12,Datasets/TOBRFV-LMID/RGB/Pepper/I/Virus/V_7_RGB_0_12.tiff
train,Pepper\I\Virus,Virus,V_7,7,0,13,Datasets/TOBRFV-LMID/RGB/Pepper/I/Virus/V_7_RGB_0_13.tiff
train,Pepper\I\Virus,Virus,V_7,7,0,14,Datasets/TOBRFV-LMID/RGB/Pepper/I/Virus/V_7_RGB_0_14.tiff
train,Pepper\I\Virus,Virus,V_7,7,0,15,Datasets/TOBRFV-LMID/RGB/Pepper/I/Virus/V_7_RGB_0_15.tiff
train,Pepper\I\Virus,Virus,V_7,7,0,16,Datasets/TOBRFV-LMID/RGB/Pepper/I/Virus/V_7_RGB_0_16.tiff
train,Pepper\I\Virus,Virus,V_7,7,0,17,Datasets/TOBRFV-LMID/RGB/Pepper/I/Virus/V_7_RGB_0_17.tiff
train,Pepper\I\Virus,Virus,V_7,7,0,18,Datasets/TOBRFV-LMID/RGB/Pepper/I/Virus/V_7_RGB_0_18.tiff
train,Pepper\I\Virus,Virus,V_7,7,0,19,Datasets/TOBRFV-LMID/RGB/Pepper/I/Virus/V_7_RGB_0_19.tiff
train,Pepper\I\Virus,Virus,V_7,7,0,2,Datasets/TOBRFV-LMID/RGB/Pepper/I/Virus/V_7_RGB_0_2.tiff
train,Pepper\I\Virus,Virus,V_7,7,0,20,Datasets/TOBRFV-LMID/RGB/Pepper/I/Virus/V_7_RGB_0_20.tiff
train,Pepper\I\Virus,Virus,V_7,7,0,21,Datasets/TOBRFV-LMID/RGB/Pepper/I/Virus/V_7_RGB_0_21.tiff
train,Pepper\I\Virus,Virus,V_7,7,0,22,Datasets/TOBRFV-LMID/RGB/Pepper/I/Virus/V_7_RGB_0_22.tiff
train,Pepper\I\Virus,Virus,V_7,7,0,23,Datasets/TOBRFV-LMID/RGB/Pepper/I/Virus/V_7_RGB_0_23.tiff
train,Pepper\I\Virus,Virus,V_7,7,0,24,Datasets/TOBRFV-LMID/RGB/Pepper/I/Virus/V_7_RGB_0_24.tiff
train,Pepper\I\Virus,Virus,V_7,7,0,25,Datasets/TOBRFV-LMID/RGB/Pepper/I/Virus/V_7_RGB_0_25.tiff
train,Pepper\I\Virus,Virus,V_7,7,0,27,Datasets/TOBRFV-LMID/RGB/Pepper/I/Virus/V_7_RGB_0_27.tiff
train,Pepper\I\Virus,Virus,V_7,7,0,28,Datasets/TOBRFV-LMID/RGB/Pepper/I/Virus/V_7_RGB_0_28.tiff
train,Pepper\I\Virus,Virus,V_7,7,0,29,Datasets/TOBRFV-LMID/RGB/Pepper/I/Virus/V_7_RGB_0_29.tiff
train,Pepper\I\Virus,Virus,V_7,7,0,3,Datasets/TOBRFV-LMID/RGB/Pepper/I/Virus/V_7_RGB_0_3.tiff
train,Pepper\I\Virus,Virus,V_7,7,0,30,Datasets/TOBRFV-LMID/RGB/Pepper/I/Virus/V_7_RGB_0_30.tiff
train,Pepper\I\Virus,Virus,V_7,7,0,31,Datasets/TOBRFV-LMID/RGB/Pepper/I/Virus/V_7_RGB_0_31.tiff
train,Pepper\I\Virus,Virus,V_7,7,0,32,Datasets/TOBRFV-LMID/RGB/Pepper/I/Virus/V_7_RGB_0_32.tiff
train,Pepper\I\Virus,Virus,V_7,7,0,36,Datasets/TOBRFV-LMID/RGB/Pepper/I/Virus/V_7_RGB_0_36.tiff
train,Pepper\I\Virus,Virus,V_7,7,0,37,Datasets/TOBRFV-LMID/RGB/Pepper/I/Virus/V_7_RGB_0_37.tiff
train,Pepper\I\Virus,Virus,V_7,7,0,4,Datasets/TOBRFV-LMID/RGB/Pepper/I/Virus/V_7_RGB_0_4.tiff
train,Pepper\I\Virus,Virus,V_7,7,0,41,Datasets/TOBRFV-LMID/RGB/Pepper/I/Virus/V_7_RGB_0_41.tiff
train,Pepper\I\Virus,Virus,V_7,7,0,43,Datasets/TOBRFV-LMID/RGB/Pepper/I/Virus/V_7_RGB_0_43.tiff
train,Pepper\I\Virus,Virus,V_7,7,0,44,Datasets/TOBRFV-LMID/RGB/Pepper/I/Virus/V_7_RGB_0_44.tiff
train,Pepper\I\Virus,Virus,V_7,7,0,45,Datasets/TOBRFV-LMID/RGB/Pepper/I/Virus/V_7_RGB_0_45.tiff
train,Pepper\I\Virus,Virus,V_7,7,0,5,Datasets/TOBRFV-LMID/RGB/Pepper/I/Virus/V_7_RGB_0_5.tiff
train,Pepper\I\Virus,Virus,V_7,7,0,6,Datasets/TOBRFV-LMID/RGB/Pepper/I/Virus/V_7_RGB_0_6.tiff
train,Pepper\I\Virus,Virus,V_7,7,0,7,Datasets/TOBRFV-LMID/RGB/Pepper/I/Virus/V_7_RGB_0_7.tiff
train,Pepper\I\Virus,Virus,V_7,7,0,8,Datasets/TOBRFV-LMID/RGB/Pepper/I/Virus/V_7_RGB_0_8.tiff
train,Pepper\I\Virus,Virus,V_7,7,0,9,Datasets/TOBRFV-LMID/RGB/Pepper/I/Virus/V_7_RGB_0_9.tiff
train,Pepper\I\Virus,Virus,V_4,4,0,1,Datasets/TOBRFV-LMID/RGB/Pepper/I/Virus/V_4_RGB_0_1.tiff
train,Pepper\I\Virus,Virus,V_4,4,0,10,Datasets/TOBRFV-LMID/RGB/Pepper/I/Virus/V_4_RGB_0_10.tiff
train,Pepper\I\Virus,Virus,V_4,4,0,11,Datasets/TOBRFV-LMID/RGB/Pepper/I/Virus/V_4_RGB_0_11.tiff
train,Pepper\I\Virus,Virus,V_4,4,0,12,Datasets/TOBRFV-LMID/RGB/Pepper/I/Virus/V_4_RGB_0_12.tiff
train,Pepper\I\Virus,Virus,V_4,4,0,13,Datasets/TOBRFV-LMID/RGB/Pepper/I/Virus/V_4_RGB_0_13.tiff
train,Pepper\I\Virus,Virus,V_4,4,0,14,Datasets/TOBRFV-LMID/RGB/Pepper/I/Virus/V_4_RGB_0_14.tiff
train,Pepper\I\Virus,Virus,V_4,4,0,15,Datasets/TOBRFV-LMID/RGB/Pepper/I/Virus/V_4_RGB_0_15.tiff
train,Pepper\I\Virus,Virus,V_4,4,0,16,Datasets/TOBRFV-LMID/RGB/Pepper/I/Virus/V_4_RGB_0_16.tiff
train,Pepper\I\Virus,Virus,V_4,4,0,17,Datasets/TOBRFV-LMID/RGB/Pepper/I/Virus/V_4_RGB_0_17.tiff
train,Pepper\I\Virus,Virus,V_4,4,0,18,Datasets/TOBRFV-LMID/RGB/Pepper/I/Virus/V_4_RGB_0_18.tiff
train,Pepper\I\Virus,Virus,V_4,4,0,19,Datasets/TOBRFV-LMID/RGB/Pepper/I/Virus/V_4_RGB_0_19.tiff
train,Pepper\I\Virus,Virus,V_4,4,0,2,Datasets/TOBRFV-LMID/RGB/Pepper/I/Virus/V_4_RGB_0_2.tiff
train,Pepper\I\Virus,Virus,V_4,4,0,20,Datasets/TOBRFV-LMID/RGB/Pepper/I/Virus/V_4_RGB_0_20.tiff
train,Pepper\I\Virus,Virus,V_4,4,0,21,Datasets/TOBRFV-LMID/RGB/Pepper/I/Virus/V_4_RGB_0_21.tiff
train,Pepper\I\Virus,Virus,V_4,4,0,22,Datasets/TOBRFV-LMID/RGB/Pepper/I/Virus/V_4_RGB_0_22.tiff
train,Pepper\I\Virus,Virus,V_4,4,0,24,Datasets/TOBRFV-LMID/RGB/Pepper/I/Virus/V_4_RGB_0_24.tiff
train,Pepper\I\Virus,Virus,V_4,4,0,25,Datasets/TOBRFV-LMID/RGB/Pepper/I/Virus/V_4_RGB_0_25.tiff
train,Pepper\I\Virus,Virus,V_4,4,0,26,Datasets/TOBRFV-LMID/RGB/Pepper/I/Virus/V_4_RGB_0_26.tiff
train,Pepper\I\Virus,Virus,V_4,4,0,27,Datasets/TOBRFV-LMID/RGB/Pepper/I/Virus/V_4_RGB_0_27.tiff
train,Pepper\I\Virus,Virus,V_4,4,0,28,Datasets/TOBRFV-LMID/RGB/Pepper/I/Virus/V_4_RGB_0_28.tiff
train,Pepper\I\Virus,Virus,V_4,4,0,29,Datasets/TOBRFV-LMID/RGB/Pepper/I/Virus/V_4_RGB_0_29.tiff
train,Pepper\I\Virus,Virus,V_4,4,0,3,Datasets/TOBRFV-LMID/RGB/Pepper/I/Virus/V_4_RGB_0_3.tiff
train,Pepper\I\Virus,Virus,V_4,4,0,30,Datasets/TOBRFV-LMID/RGB/Pepper/I/Virus/V_4_RGB_0_30.tiff
train,Pepper\I\Virus,Virus,V_4,4,0,31,Datasets/TOBRFV-LMID/RGB/Pepper/I/Virus/V_4_RGB_0_31.tiff
train,Pepper\I\Virus,Virus,V_4,4,0,32,Datasets/TOBRFV-LMID/RGB/Pepper/I/Virus/V_4_RGB_0_32.tiff
train,Pepper\I\Virus,Virus,V_4,4,0,33,Datasets/TOBRFV-LMID/RGB/Pepper/I/Virus/V_4_RGB_0_33.tiff
train,Pepper\I\Virus,Virus,V_4,4,0,34,Datasets/TOBRFV-LMID/RGB/Pepper/I/Virus/V_4_RGB_0_34.tiff
train,Pepper\I\Virus,Virus,V_4,4,0,36,Datasets/TOBRFV-LMID/RGB/Pepper/I/Virus/V_4_RGB_0_36.tiff
train,Pepper\I\Virus,Virus,V_4,4,0,37,Datasets/TOBRFV-LMID/RGB/Pepper/I/Virus/V_4_RGB_0_37.tiff
train,Pepper\I\Virus,Virus,V_4,4,0,39,Datasets/TOBRFV-LMID/RGB/Pepper/I/Virus/V_4_RGB_0_39.tiff
train,Pepper\I\Virus,Virus,V_4,4,0,4,Datasets/TOBRFV-LMID/RGB/Pepper/I/Virus/V_4_RGB_0_4.tiff
train,Pepper\I\Virus,Virus,V_4,4,0,40,Datasets/TOBRFV-LMID/RGB/Pepper/I/Virus/V_4_RGB_0_40.tiff
train,Pepper\I\Virus,Virus,V_4,4,0,41,Datasets/TOBRFV-LMID/RGB/Pepper/I/Virus/V_4_RGB_0_41.tiff
train,Pepper\I\Virus,Virus,V_4,4,0,42,Datasets/TOBRFV-LMID/RGB/Pepper/I/Virus/V_4_RGB_0_42.tiff
train,Pepper\I\Virus,Virus,V_4,4,0,43,Datasets/TOBRFV-LMID/RGB/Pepper/I/Virus/V_4_RGB_0_43.tiff
train,Pepper\I\Virus,Virus,V_4,4,0,44,Datasets/TOBRFV-LMID/RGB/Pepper/I/Virus/V_4_RGB_0_44.tiff
train,Pepper\I\Virus,Virus,V_4,4,0,45,Datasets/TOBRFV-LMID/RGB/Pepper/I/Virus/V_4_RGB_0_45.tiff
train,Pepper\I\Virus,Virus,V_4,4,0,5,Datasets/TOBRFV-LMID/RGB/Pepper/I/Virus/V_4_RGB_0_5.tiff
train,Pepper\I\Virus,Virus,V_4,4,0,6,Datasets/TOBRFV-LMID/RGB/Pepper/I/Virus/V_4_RGB_0_6.tiff
train,Pepper\I\Virus,Virus,V_4,4,0,7,Datasets/TOBRFV-LMID/RGB/Pepper/I/Virus/V_4_RGB_0_7.tiff
train,Pepper\I\Virus,Virus,V_4,4,0,8,Datasets/TOBRFV-LMID/RGB/Pepper/I/Virus/V_4_RGB_0_8.tiff
train,Pepper\I\Virus,Virus,V_4,4,0,9,Datasets/TOBRFV-LMID/RGB/Pepper/I/Virus/V_4_RGB_0_9.tiff
train,Pepper\I\Virus,Virus,V_4,4,5,1,Datasets/TOBRFV-LMID/RGB/Pepper/I/Virus/V_4_RGB_5_1.tiff
train,Pepper\I\Virus,Virus,V_4,4,5,10,Datasets/TOBRFV-LMID/RGB/Pepper/I/Virus/V_4_RGB_5_10.tiff
train,Pepper\I\Virus,Virus,V_4,4,5,11,Datasets/TOBRFV-LMID/RGB/Pepper/I/Virus/V_4_RGB_5_11.tiff
train,Pepper\I\Virus,Virus,V_4,4,5,12,Datasets/TOBRFV-LMID/RGB/Pepper/I/Virus/V_4_RGB_5_12.tiff
train,Pepper\I\Virus,Virus,V_4,4,5,13,Datasets/TOBRFV-LMID/RGB/Pepper/I/Virus/V_4_RGB_5_13.tiff
train,Pepper\I\Virus,Virus,V_4,4,5,14,Datasets/TOBRFV-LMID/RGB/Pepper/I/Virus/V_4_RGB_5_14.tiff
train,Pepper\I\Virus,Virus,V_4,4,5,15,Datasets/TOBRFV-LMID/RGB/Pepper/I/Virus/V_4_RGB_5_15.tiff
train,Pepper\I\Virus,Virus,V_4,4,5,16,Datasets/TOBRFV-LMID/RGB/Pepper/I/Virus/V_4_RGB_5_16.tiff
train,Pepper\I\Virus,Virus,V_4,4,5,18,Datasets/TOBRFV-LMID/RGB/Pepper/I/Virus/V_4_RGB_5_18.tiff
train,Pepper\I\Virus,Virus,V_4,4,5,2,Datasets/TOBRFV-LMID/RGB/Pepper/I/Virus/V_4_RGB_5_2.tiff
train,Pepper\I\Virus,Virus,V_4,4,5,20,Datasets/TOBRFV-LMID/RGB/Pepper/I/Virus/V_4_RGB_5_20.tiff
train,Pepper\I\Virus,Virus,V_4,4,5,21,Datasets/TOBRFV-LMID/RGB/Pepper/I/Virus/V_4_RGB_5_21.tiff
train,Pepper\I\Virus,Virus,V_4,4,5,22,Datasets/TOBRFV-LMID/RGB/Pepper/I/Virus/V_4_RGB_5_22.tiff
train,Pepper\I\Virus,Virus,V_4,4,5,23,Datasets/TOBRFV-LMID/RGB/Pepper/I/Virus/V_4_RGB_5_23.tiff
train,Pepper\I\Virus,Virus,V_4,4,5,24,Datasets/TOBRFV-LMID/RGB/Pepper/I/Virus/V_4_RGB_5_24.tiff
train,Pepper\I\Virus,Virus,V_4,4,5,25,Datasets/TOBRFV-LMID/RGB/Pepper/I/Virus/V_4_RGB_5_25.tiff
train,Pepper\I\Virus,Virus,V_4,4,5,29,Datasets/TOBRFV-LMID/RGB/Pepper/I/Virus/V_4_RGB_5_29.tiff
train,Pepper\I\Virus,Virus,V_4,4,5,3,Datasets/TOBRFV-LMID/RGB/Pepper/I/Virus/V_4_RGB_5_3.tiff
train,Pepper\I\Virus,Virus,V_4,4,5,30,Datasets/TOBRFV-LMID/RGB/Pepper/I/Virus/V_4_RGB_5_30.tiff
train,Pepper\I\Virus,Virus,V_4,4,5,31,Datasets/TOBRFV-LMID/RGB/Pepper/I/Virus/V_4_RGB_5_31.tiff
train,Pepper\I\Virus,Virus,V_4,4,5,32,Datasets/TOBRFV-LMID/RGB/Pepper/I/Virus/V_4_RGB_5_32.tiff
train,Pepper\I\Virus,Virus,V_4,4,5,33,Datasets/TOBRFV-LMID/RGB/Pepper/I/Virus/V_4_RGB_5_33.tiff
train,Pepper\I\Virus,Virus,V_4,4,5,34,Datasets/TOBRFV-LMID/RGB/Pepper/I/Virus/V_4_RGB_5_34.tiff
train,Pepper\I\Virus,Virus,V_4,4,5,36,Datasets/TOBRFV-LMID/RGB/Pepper/I/Virus/V_4_RGB_5_36.tiff
train,Pepper\I\Virus,Virus,V_4,4,5,37,Datasets/TOBRFV-LMID/RGB/Pepper/I/Virus/V_4_RGB_5_37.tiff
train,Pepper\I\Virus,Virus,V_4,4,5,39,Datasets/TOBRFV-LMID/RGB/Pepper/I/Virus/V_4_RGB_5_39.tiff
train,Pepper\I\Virus,Virus,V_4,4,5,40,Datasets/TOBRFV-LMID/RGB/Pepper/I/Virus/V_4_RGB_5_40.tiff
train,Pepper\I\Virus,Virus,V_4,4,5,41,Datasets/TOBRFV-LMID/RGB/Pepper/I/Virus/V_4_RGB_5_41.tiff
train,Pepper\I\Virus,Virus,V_4,4,5,42,Datasets/TOBRFV-LMID/RGB/Pepper/I/Virus/V_4_RGB_5_42.tiff
train,Pepper\I\Virus,Virus,V_4,4,5,43,Datasets/TOBRFV-LMID/RGB/Pepper/I/Virus/V_4_RGB_5_43.tiff
train,Pepper\I\Virus,Virus,V_4,4,5,44,Datasets/TOBRFV-LMID/RGB/Pepper/I/Virus/V_4_RGB_5_44.tiff
train,Pepper\I\Virus,Virus,V_4,4,5,5,Datasets/TOBRFV-LMID/RGB/Pepper/I/Virus/V_4_RGB_5_5.tiff
train,Pepper\I\Virus,Virus,V_4,4,5,7,Datasets/TOBRFV-LMID/RGB/Pepper/I/Virus/V_4_RGB_5_7.tiff
train,Pepper\I\Virus,Virus,V_4,4,5,8,Datasets/TOBRFV-LMID/RGB/Pepper/I/Virus/V_4_RGB_5_8.tiff
train,Pepper\I\Virus,Virus,V_4,4,5,9,Datasets/TOBRFV-LMID/RGB/Pepper/I/Virus/V_4_RGB_5_9.tiff
train,Pepper\I\Virus,Virus,V_15,15,0,1,Datasets/TOBRFV-LMID/RGB/Pepper/I/Virus/V_15_RGB_0_1.tiff
train,Pepper\I\Virus,Virus,V_15,15,0,10,Datasets/TOBRFV-LMID/RGB/Pepper/I/Virus/V_15_RGB_0_10.tiff
train,Pepper\I\Virus,Virus,V_15,15,0,11,Datasets/TOBRFV-LMID/RGB/Pepper/I/Virus/V_15_RGB_0_11.tiff
train,Pepper\I\Virus,Virus,V_15,15,0,12,Datasets/TOBRFV-LMID/RGB/Pepper/I/Virus/V_15_RGB_0_12.tiff
train,Pepper\I\Virus,Virus,V_15,15,0,13,Datasets/TOBRFV-LMID/RGB/Pepper/I/Virus/V_15_RGB_0_13.tiff
train,Pepper\I\Virus,Virus,V_15,15,0,14,Datasets/TOBRFV-LMID/RGB/Pepper/I/Virus/V_15_RGB_0_14.tiff
train,Pepper\I\Virus,Virus,V_15,15,0,15,Datasets/TOBRFV-LMID/RGB/Pepper/I/Virus/V_15_RGB_0_15.tiff
train,Pepper\I\Virus,Virus,V_15,15,0,16,Datasets/TOBRFV-LMID/RGB/Pepper/I/Virus/V_15_RGB_0_16.tiff
train,Pepper\I\Virus,Virus,V_15,15,0,17,Datasets/TOBRFV-LMID/RGB/Pepper/I/Virus/V_15_RGB_0_17.tiff
train,Pepper\I\Virus,Virus,V_15,15,0,18,Datasets/TOBRFV-LMID/RGB/Pepper/I/Virus/V_15_RGB_0_18.tiff
train,Pepper\I\Virus,Virus,V_15,15,0,19,Datasets/TOBRFV-LMID/RGB/Pepper/I/Virus/V_15_RGB_0_19.tiff
train,Pepper\I\Virus,Virus,V_15,15,0,2,Datasets/TOBRFV-LMID/RGB/Pepper/I/Virus/V_15_RGB_0_2.tiff
train,Pepper\I\Virus,Virus,V_15,15,0,20,Datasets/TOBRFV-LMID/RGB/Pepper/I/Virus/V_15_RGB_0_20.tiff
train,Pepper\I\Virus,Virus,V_15,15,0,21,Datasets/TOBRFV-LMID/RGB/Pepper/I/Virus/V_15_RGB_0_21.tiff
train,Pepper\I\Virus,Virus,V_15,15,0,22,Datasets/TOBRFV-LMID/RGB/Pepper/I/Virus/V_15_RGB_0_22.tiff
train,Pepper\I\Virus,Virus,V_15,15,0,23,Datasets/TOBRFV-LMID/RGB/Pepper/I/Virus/V_15_RGB_0_23.tiff
train,Pepper\I\Virus,Virus,V_15,15,0,24,Datasets/TOBRFV-LMID/RGB/Pepper/I/Virus/V_15_RGB_0_24.tiff
train,Pepper\I\Virus,Virus,V_15,15,0,25,Datasets/TOBRFV-LMID/RGB/Pepper/I/Virus/V_15_RGB_0_25.tiff
train,Pepper\I\Virus,Virus,V_15,15,0,26,Datasets/TOBRFV-LMID/RGB/Pepper/I/Virus/V_15_RGB_0_26.tiff
train,Pepper\I\Virus,Virus,V_15,15,0,27,Datasets/TOBRFV-LMID/RGB/Pepper/I/Virus/V_15_RGB_0_27.tiff
train,Pepper\I\Virus,Virus,V_15,15,0,28,Datasets/TOBRFV-LMID/RGB/Pepper/I/Virus/V_15_RGB_0_28.tiff
train,Pepper\I\Virus,Virus,V_15,15,0,29,Datasets/TOBRFV-LMID/RGB/Pepper/I/Virus/V_15_RGB_0_29.tiff
train,Pepper\I\Virus,Virus,V_15,15,0,3,Datasets/TOBRFV-LMID/RGB/Pepper/I/Virus/V_15_RGB_0_3.tiff
train,Pepper\I\Virus,Virus,V_15,15,0,30,Datasets/TOBRFV-LMID/RGB/Pepper/I/Virus/V_15_RGB_0_30.tiff
train,Pepper\I\Virus,Virus,V_15,15,0,31,Datasets/TOBRFV-LMID/RGB/Pepper/I/Virus/V_15_RGB_0_31.tiff
train,Pepper\I\Virus,Virus,V_15,15,0,32,Datasets/TOBRFV-LMID/RGB/Pepper/I/Virus/V_15_RGB_0_32.tiff
train,Pepper\I\Virus,Virus,V_15,15,0,33,Datasets/TOBRFV-LMID/RGB/Pepper/I/Virus/V_15_RGB_0_33.tiff
train,Pepper\I\Virus,Virus,V_15,15,0,34,Datasets/TOBRFV-LMID/RGB/Pepper/I/Virus/V_15_RGB_0_34.tiff
train,Pepper\I\Virus,Virus,V_15,15,0,35,Datasets/TOBRFV-LMID/RGB/Pepper/I/Virus/V_15_RGB_0_35.tiff
train,Pepper\I\Virus,Virus,V_15,15,0,36,Datasets/TOBRFV-LMID/RGB/Pepper/I/Virus/V_15_RGB_0_36.tiff
train,Pepper\I\Virus,Virus,V_15,15,0,37,Datasets/TOBRFV-LMID/RGB/Pepper/I/Virus/V_15_RGB_0_37.tiff
train,Pepper\I\Virus,Virus,V_15,15,0,38,Datasets/TOBRFV-LMID/RGB/Pepper/I/Virus/V_15_RGB_0_38.tiff
train,Pepper\I\Virus,Virus,V_15,15,0,39,Datasets/TOBRFV-LMID/RGB/Pepper/I/Virus/V_15_RGB_0_39.tiff
train,Pepper\I\Virus,Virus,V_15,15,0,4,Datasets/TOBRFV-LMID/RGB/Pepper/I/Virus/V_15_RGB_0_4.tiff
train,Pepper\I\Virus,Virus,V_15,15,0,40,Datasets/TOBRFV-LMID/RGB/Pepper/I/Virus/V_15_RGB_0_40.tiff
train,Pepper\I\Virus,Virus,V_15,15,0,41,Datasets/TOBRFV-LMID/RGB/Pepper/I/Virus/V_15_RGB_0_41.tiff
train,Pepper\I\Virus,Virus,V_15,15,0,42,Datasets/TOBRFV-LMID/RGB/Pepper/I/Virus/V_15_RGB_0_42.tiff
train,Pepper\I\Virus,Virus,V_15,15,0,43,Datasets/TOBRFV-LMID/RGB/Pepper/I/Virus/V_15_RGB_0_43.tiff
train,Pepper\I\Virus,Virus,V_15,15,0,44,Datasets/TOBRFV-LMID/RGB/Pepper/I/Virus/V_15_RGB_0_44.tiff
train,Pepper\I\Virus,Virus,V_15,15,0,45,Datasets/TOBRFV-LMID/RGB/Pepper/I/Virus/V_15_RGB_0_45.tiff
train,Pepper\I\Virus,Virus,V_15,15,0,5,Datasets/TOBRFV-LMID/RGB/Pepper/I/Virus/V_15_RGB_0_5.tiff
train,Pepper\I\Virus,Virus,V_15,15,0,6,Datasets/TOBRFV-LMID/RGB/Pepper/I/Virus/V_15_RGB_0_6.tiff
train,Pepper\I\Virus,Virus,V_15,15,0,7,Datasets/TOBRFV-LMID/RGB/Pepper/I/Virus/V_15_RGB_0_7.tiff
train,Pepper\I\Virus,Virus,V_15,15,0,8,Datasets/TOBRFV-LMID/RGB/Pepper/I/Virus/V_15_RGB_0_8.tiff
train,Pepper\I\Virus,Virus,V_15,15,0,9,Datasets/TOBRFV-LMID/RGB/Pepper/I/Virus/V_15_RGB_0_9.tiff
train,Pepper\I\Virus,Virus,V_26,26,0,1,Datasets/TOBRFV-LMID/RGB/Pepper/I/Virus/V_26_RGB_0_1.tiff
train,Pepper\I\Virus,Virus,V_26,26,0,10,Datasets/TOBRFV-LMID/RGB/Pepper/I/Virus/V_26_RGB_0_10.tiff
train,Pepper\I\Virus,Virus,V_26,26,0,11,Datasets/TOBRFV-LMID/RGB/Pepper/I/Virus/V_26_RGB_0_11.tiff
train,Pepper\I\Virus,Virus,V_26,26,0,12,Datasets/TOBRFV-LMID/RGB/Pepper/I/Virus/V_26_RGB_0_12.tiff
train,Pepper\I\Virus,Virus,V_26,26,0,13,Datasets/TOBRFV-LMID/RGB/Pepper/I/Virus/V_26_RGB_0_13.tiff
train,Pepper\I\Virus,Virus,V_26,26,0,14,Datasets/TOBRFV-LMID/RGB/Pepper/I/Virus/V_26_RGB_0_14.tiff
train,Pepper\I\Virus,Virus,V_26,26,0,15,Datasets/TOBRFV-LMID/RGB/Pepper/I/Virus/V_26_RGB_0_15.tiff
train,Pepper\I\Virus,Virus,V_26,26,0,16,Datasets/TOBRFV-LMID/RGB/Pepper/I/Virus/V_26_RGB_0_16.tiff
train,Pepper\I\Virus,Virus,V_26,26,0,17,Datasets/TOBRFV-LMID/RGB/Pepper/I/Virus/V_26_RGB_0_17.tiff
train,Pepper\I\Virus,Virus,V_26,26,0,18,Datasets/TOBRFV-LMID/RGB/Pepper/I/Virus/V_26_RGB_0_18.tiff
train,Pepper\I\Virus,Virus,V_26,26,0,19,Datasets/TOBRFV-LMID/RGB/Pepper/I/Virus/V_26_RGB_0_19.tiff
train,Pepper\I\Virus,Virus,V_26,26,0,2,Datasets/TOBRFV-LMID/RGB/Pepper/I/Virus/V_26_RGB_0_2.tiff
train,Pepper\I\Virus,Virus,V_26,26,0,20,Datasets/TOBRFV-LMID/RGB/Pepper/I/Virus/V_26_RGB_0_20.tiff
train,Pepper\I\Virus,Virus,V_26,26,0,21,Datasets/TOBRFV-LMID/RGB/Pepper/I/Virus/V_26_RGB_0_21.tiff
train,Pepper\I\Virus,Virus,V_26,26,0,22,Datasets/TOBRFV-LMID/RGB/Pepper/I/Virus/V_26_RGB_0_22.tiff
train,Pepper\I\Virus,Virus,V_26,26,0,23,Datasets/TOBRFV-LMID/RGB/Pepper/I/Virus/V_26_RGB_0_23.tiff
train,Pepper\I\Virus,Virus,V_26,26,0,24,Datasets/TOBRFV-LMID/RGB/Pepper/I/Virus/V_26_RGB_0_24.tiff
train,Pepper\I\Virus,Virus,V_26,26,0,25,Datasets/TOBRFV-LMID/RGB/Pepper/I/Virus/V_26_RGB_0_25.tiff
train,Pepper\I\Virus,Virus,V_26,26,0,26,Datasets/TOBRFV-LMID/RGB/Pepper/I/Virus/V_26_RGB_0_26.tiff
train,Pepper\I\Virus,Virus,V_26,26,0,27,Datasets/TOBRFV-LMID/RGB/Pepper/I/Virus/V_26_RGB_0_27.tiff
train,Pepper\I\Virus,Virus,V_26,26,0,28,Datasets/TOBRFV-LMID/RGB/Pepper/I/Virus/V_26_RGB_0_28.tiff
train,Pepper\I\Virus,Virus,V_26,26,0,29,Datasets/TOBRFV-LMID/RGB/Pepper/I/Virus/V_26_RGB_0_29.tiff
train,Pepper\I\Virus,Virus,V_26,26,0,3,Datasets/TOBRFV-LMID/RGB/Pepper/I/Virus/V_26_RGB_0_3.tiff
train,Pepper\I\Virus,Virus,V_26,26,0,30,Datasets/TOBRFV-LMID/RGB/Pepper/I/Virus/V_26_RGB_0_30.tiff
train,Pepper\I\Virus,Virus,V_26,26,0,31,Datasets/TOBRFV-LMID/RGB/Pepper/I/Virus/V_26_RGB_0_31.tiff
train,Pepper\I\Virus,Virus,V_26,26,0,32,Datasets/TOBRFV-LMID/RGB/Pepper/I/Virus/V_26_RGB_0_32.tiff
train,Pepper\I\Virus,Virus,V_26,26,0,33,Datasets/TOBRFV-LMID/RGB/Pepper/I/Virus/V_26_RGB_0_33.tiff
train,Pepper\I\Virus,Virus,V_26,26,0,34,Datasets/TOBRFV-LMID/RGB/Pepper/I/Virus/V_26_RGB_0_34.tiff
train,Pepper\I\Virus,Virus,V_26,26,0,35,Datasets/TOBRFV-LMID/RGB/Pepper/I/Virus/V_26_RGB_0_35.tiff
train,Pepper\I\Virus,Virus,V_26,26,0,36,Datasets/TOBRFV-LMID/RGB/Pepper/I/Virus/V_26_RGB_0_36.tiff
train,Pepper\I\Virus,Virus,V_26,26,0,37,Datasets/TOBRFV-LMID/RGB/Pepper/I/Virus/V_26_RGB_0_37.tiff
train,Pepper\I\Virus,Virus,V_26,26,0,38,Datasets/TOBRFV-LMID/RGB/Pepper/I/Virus/V_26_RGB_0_38.tiff
train,Pepper\I\Virus,Virus,V_26,26,0,39,Datasets/TOBRFV-LMID/RGB/Pepper/I/Virus/V_26_RGB_0_39.tiff
train,Pepper\I\Virus,Virus,V_26,26,0,4,Datasets/TOBRFV-LMID/RGB/Pepper/I/Virus/V_26_RGB_0_4.tiff
train,Pepper\I\Virus,Virus,V_26,26,0,40,Datasets/TOBRFV-LMID/RGB/Pepper/I/Virus/V_26_RGB_0_40.tiff
train,Pepper\I\Virus,Virus,V_26,26,0,41,Datasets/TOBRFV-LMID/RGB/Pepper/I/Virus/V_26_RGB_0_41.tiff
train,Pepper\I\Virus,Virus,V_26,26,0,42,Datasets/TOBRFV-LMID/RGB/Pepper/I/Virus/V_26_RGB_0_42.tiff
train,Pepper\I\Virus,Virus,V_26,26,0,43,Datasets/TOBRFV-LMID/RGB/Pepper/I/Virus/V_26_RGB_0_43.tiff
train,Pepper\I\Virus,Virus,V_26,26,0,44,Datasets/TOBRFV-LMID/RGB/Pepper/I/Virus/V_26_RGB_0_44.tiff
train,Pepper\I\Virus,Virus,V_26,26,0,45,Datasets/TOBRFV-LMID/RGB/Pepper/I/Virus/V_26_RGB_0_45.tiff
train,Pepper\I\Virus,Virus,V_26,26,0,5,Datasets/TOBRFV-LMID/RGB/Pepper/I/Virus/V_26_RGB_0_5.tiff
train,Pepper\I\Virus,Virus,V_26,26,0,6,Datasets/TOBRFV-LMID/RGB/Pepper/I/Virus/V_26_RGB_0_6.tiff
train,Pepper\I\Virus,Virus,V_26,26,0,7,Datasets/TOBRFV-LMID/RGB/Pepper/I/Virus/V_26_RGB_0_7.tiff
train,Pepper\I\Virus,Virus,V_26,26,0,8,Datasets/TOBRFV-LMID/RGB/Pepper/I/Virus/V_26_RGB_0_8.tiff
train,Pepper\I\Virus,Virus,V_26,26,0,9,Datasets/TOBRFV-LMID/RGB/Pepper/I/Virus/V_26_RGB_0_9.tiff
train,Pepper\I\Virus,Virus,V_26,26,15,1,Datasets/TOBRFV-LMID/RGB/Pepper/I/Virus/V_26_RGB_15_1.tiff
train,Pepper\I\Virus,Virus,V_26,26,15,10,Datasets/TOBRFV-LMID/RGB/Pepper/I/Virus/V_26_RGB_15_10.tiff
train,Pepper\I\Virus,Virus,V_26,26,15,11,Datasets/TOBRFV-LMID/RGB/Pepper/I/Virus/V_26_RGB_15_11.tiff
train,Pepper\I\Virus,Virus,V_26,26,15,12,Datasets/TOBRFV-LMID/RGB/Pepper/I/Virus/V_26_RGB_15_12.tiff
train,Pepper\I\Virus,Virus,V_26,26,15,13,Datasets/TOBRFV-LMID/RGB/Pepper/I/Virus/V_26_RGB_15_13.tiff
train,Pepper\I\Virus,Virus,V_26,26,15,14,Datasets/TOBRFV-LMID/RGB/Pepper/I/Virus/V_26_RGB_15_14.tiff
train,Pepper\I\Virus,Virus,V_26,26,15,15,Datasets/TOBRFV-LMID/RGB/Pepper/I/Virus/V_26_RGB_15_15.tiff
train,Pepper\I\Virus,Virus,V_26,26,15,16,Datasets/TOBRFV-LMID/RGB/Pepper/I/Virus/V_26_RGB_15_16.tiff
train,Pepper\I\Virus,Virus,V_26,26,15,17,Datasets/TOBRFV-LMID/RGB/Pepper/I/Virus/V_26_RGB_15_17.tiff
train,Pepper\I\Virus,Virus,V_26,26,15,18,Datasets/TOBRFV-LMID/RGB/Pepper/I/Virus/V_26_RGB_15_18.tiff
train,Pepper\I\Virus,Virus,V_26,26,15,19,Datasets/TOBRFV-LMID/RGB/Pepper/I/Virus/V_26_RGB_15_19.tiff
train,Pepper\I\Virus,Virus,V_26,26,15,2,Datasets/TOBRFV-LMID/RGB/Pepper/I/Virus/V_26_RGB_15_2.tiff
train,Pepper\I\Virus,Virus,V_26,26,15,20,Datasets/TOBRFV-LMID/RGB/Pepper/I/Virus/V_26_RGB_15_20.tiff
train,Pepper\I\Virus,Virus,V_26,26,15,21,Datasets/TOBRFV-LMID/RGB/Pepper/I/Virus/V_26_RGB_15_21.tiff
train,Pepper\I\Virus,Virus,V_26,26,15,22,Datasets/TOBRFV-LMID/RGB/Pepper/I/Virus/V_26_RGB_15_22.tiff
train,Pepper\I\Virus,Virus,V_26,26,15,23,Datasets/TOBRFV-LMID/RGB/Pepper/I/Virus/V_26_RGB_15_23.tiff
train,Pepper\I\Virus,Virus,V_26,26,15,24,Datasets/TOBRFV-LMID/RGB/Pepper/I/Virus/V_26_RGB_15_24.tiff
train,Pepper\I\Virus,Virus,V_26,26,15,25,Datasets/TOBRFV-LMID/RGB/Pepper/I/Virus/V_26_RGB_15_25.tiff
train,Pepper\I\Virus,Virus,V_26,26,15,26,Datasets/TOBRFV-LMID/RGB/Pepper/I/Virus/V_26_RGB_15_26.tiff
train,Pepper\I\Virus,Virus,V_26,26,15,27,Datasets/TOBRFV-LMID/RGB/Pepper/I/Virus/V_26_RGB_15_27.tiff
train,Pepper\I\Virus,Virus,V_26,26,15,28,Datasets/TOBRFV-LMID/RGB/Pepper/I/Virus/V_26_RGB_15_28.tiff
train,Pepper\I\Virus,Virus,V_26,26,15,29,Datasets/TOBRFV-LMID/RGB/Pepper/I/Virus/V_26_RGB_15_29.tiff
train,Pepper\I\Virus,Virus,V_26,26,15,3,Datasets/TOBRFV-LMID/RGB/Pepper/I/Virus/V_26_RGB_15_3.tiff
train,Pepper\I\Virus,Virus,V_26,26,15,30,Datasets/TOBRFV-LMID/RGB/Pepper/I/Virus/V_26_RGB_15_30.tiff
train,Pepper\I\Virus,Virus,V_26,26,15,31,Datasets/TOBRFV-LMID/RGB/Pepper/I/Virus/V_26_RGB_15_31.tiff
train,Pepper\I\Virus,Virus,V_26,26,15,32,Datasets/TOBRFV-LMID/RGB/Pepper/I/Virus/V_26_RGB_15_32.tiff
train,Pepper\I\Virus,Virus,V_26,26,15,33,Datasets/TOBRFV-LMID/RGB/Pepper/I/Virus/V_26_RGB_15_33.tiff
train,Pepper\I\Virus,Virus,V_26,26,15,34,Datasets/TOBRFV-LMID/RGB/Pepper/I/Virus/V_26_RGB_15_34.tiff
train,Pepper\I\Virus,Virus,V_26,26,15,35,Datasets/TOBRFV-LMID/RGB/Pepper/I/Virus/V_26_RGB_15_35.tiff
train,Pepper\I\Virus,Virus,V_26,26,15,36,Datasets/TOBRFV-LMID/RGB/Pepper/I/Virus/V_26_RGB_15_36.tiff
train,Pepper\I\Virus,Virus,V_26,26,15,37,Datasets/TOBRFV-LMID/RGB/Pepper/I/Virus/V_26_RGB_15_37.tiff
train,Pepper\I\Virus,Virus,V_26,26,15,38,Datasets/TOBRFV-LMID/RGB/Pepper/I/Virus/V_26_RGB_15_38.tiff
train,Pepper\I\Virus,Virus,V_26,26,15,39,Datasets/TOBRFV-LMID/RGB/Pepper/I/Virus/V_26_RGB_15_39.tiff
train,Pepper\I\Virus,Virus,V_26,26,15,4,Datasets/TOBRFV-LMID/RGB/Pepper/I/Virus/V_26_RGB_15_4.tiff
train,Pepper\I\Virus,Virus,V_26,26,15,40,Datasets/TOBRFV-LMID/RGB/Pepper/I/Virus/V_26_RGB_15_40.tiff
train,Pepper\I\Virus,Virus,V_26,26,15,41,Datasets/TOBRFV-LMID/RGB/Pepper/I/Virus/V_26_RGB_15_41.tiff
train,Pepper\I\Virus,Virus,V_26,26,15,42,Datasets/TOBRFV-LMID/RGB/Pepper/I/Virus/V_26_RGB_15_42.tiff
train,Pepper\I\Virus,Virus,V_26,26,15,43,Datasets/TOBRFV-LMID/RGB/Pepper/I/Virus/V_26_RGB_15_43.tiff
train,Pepper\I\Virus,Virus,V_26,26,15,44,Datasets/TOBRFV-LMID/RGB/Pepper/I/Virus/V_26_RGB_15_44.tiff
train,Pepper\I\Virus,Virus,V_26,26,15,45,Datasets/TOBRFV-LMID/RGB/Pepper/I/Virus/V_26_RGB_15_45.tiff
train,Pepper\I\Virus,Virus,V_26,26,15,5,Datasets/TOBRFV-LMID/RGB/Pepper/I/Virus/V_26_RGB_15_5.tiff
train,Pepper\I\Virus,Virus,V_26,26,15,6,Datasets/TOBRFV-LMID/RGB/Pepper/I/Virus/V_26_RGB_15_6.tiff
train,Pepper\I\Virus,Virus,V_26,26,15,7,Datasets/TOBRFV-LMID/RGB/Pepper/I/Virus/V_26_RGB_15_7.tiff
train,Pepper\I\Virus,Virus,V_26,26,15,8,Datasets/TOBRFV-LMID/RGB/Pepper/I/Virus/V_26_RGB_15_8.tiff
train,Pepper\I\Virus,Virus,V_26,26,15,9,Datasets/TOBRFV-LMID/RGB/Pepper/I/Virus/V_26_RGB_15_9.tiff
train,Pepper\I\Virus,Virus,V_14,14,0,1,Datasets/TOBRFV-LMID/RGB/Pepper/I/Virus/V_14_RGB_0_1.tiff
train,Pepper\I\Virus,Virus,V_14,14,0,10,Datasets/TOBRFV-LMID/RGB/Pepper/I/Virus/V_14_RGB_0_10.tiff
train,Pepper\I\Virus,Virus,V_14,14,0,11,Datasets/TOBRFV-LMID/RGB/Pepper/I/Virus/V_14_RGB_0_11.tiff
train,Pepper\I\Virus,Virus,V_14,14,0,12,Datasets/TOBRFV-LMID/RGB/Pepper/I/Virus/V_14_RGB_0_12.tiff
train,Pepper\I\Virus,Virus,V_14,14,0,13,Datasets/TOBRFV-LMID/RGB/Pepper/I/Virus/V_14_RGB_0_13.tiff
train,Pepper\I\Virus,Virus,V_14,14,0,14,Datasets/TOBRFV-LMID/RGB/Pepper/I/Virus/V_14_RGB_0_14.tiff
train,Pepper\I\Virus,Virus,V_14,14,0,15,Datasets/TOBRFV-LMID/RGB/Pepper/I/Virus/V_14_RGB_0_15.tiff
train,Pepper\I\Virus,Virus,V_14,14,0,16,Datasets/TOBRFV-LMID/RGB/Pepper/I/Virus/V_14_RGB_0_16.tiff
train,Pepper\I\Virus,Virus,V_14,14,0,17,Datasets/TOBRFV-LMID/RGB/Pepper/I/Virus/V_14_RGB_0_17.tiff
train,Pepper\I\Virus,Virus,V_14,14,0,18,Datasets/TOBRFV-LMID/RGB/Pepper/I/Virus/V_14_RGB_0_18.tiff
train,Pepper\I\Virus,Virus,V_14,14,0,19,Datasets/TOBRFV-LMID/RGB/Pepper/I/Virus/V_14_RGB_0_19.tiff
train,Pepper\I\Virus,Virus,V_14,14,0,2,Datasets/TOBRFV-LMID/RGB/Pepper/I/Virus/V_14_RGB_0_2.tiff
train,Pepper\I\Virus,Virus,V_14,14,0,20,Datasets/TOBRFV-LMID/RGB/Pepper/I/Virus/V_14_RGB_0_20.tiff
train,Pepper\I\Virus,Virus,V_14,14,0,21,Datasets/TOBRFV-LMID/RGB/Pepper/I/Virus/V_14_RGB_0_21.tiff
train,Pepper\I\Virus,Virus,V_14,14,0,22,Datasets/TOBRFV-LMID/RGB/Pepper/I/Virus/V_14_RGB_0_22.tiff
train,Pepper\I\Virus,Virus,V_14,14,0,23,Datasets/TOBRFV-LMID/RGB/Pepper/I/Virus/V_14_RGB_0_23.tiff
train,Pepper\I\Virus,Virus,V_14,14,0,24,Datasets/TOBRFV-LMID/RGB/Pepper/I/Virus/V_14_RGB_0_24.tiff
train,Pepper\I\Virus,Virus,V_14,14,0,25,Datasets/TOBRFV-LMID/RGB/Pepper/I/Virus/V_14_RGB_0_25.tiff
train,Pepper\I\Virus,Virus,V_14,14,0,26,Datasets/TOBRFV-LMID/RGB/Pepper/I/Virus/V_14_RGB_0_26.tiff
train,Pepper\I\Virus,Virus,V_14,14,0,27,Datasets/TOBRFV-LMID/RGB/Pepper/I/Virus/V_14_RGB_0_27.tiff
train,Pepper\I\Virus,Virus,V_14,14,0,28,Datasets/TOBRFV-LMID/RGB/Pepper/I/Virus/V_14_RGB_0_28.tiff
train,Pepper\I\Virus,Virus,V_14,14,0,29,Datasets/TOBRFV-LMID/RGB/Pepper/I/Virus/V_14_RGB_0_29.tiff
train,Pepper\I\Virus,Virus,V_14,14,0,3,Datasets/TOBRFV-LMID/RGB/Pepper/I/Virus/V_14_RGB_0_3.tiff
train,Pepper\I\Virus,Virus,V_14,14,0,30,Datasets/TOBRFV-LMID/RGB/Pepper/I/Virus/V_14_RGB_0_30.tiff
train,Pepper\I\Virus,Virus,V_14,14,0,31,Datasets/TOBRFV-LMID/RGB/Pepper/I/Virus/V_14_RGB_0_31.tiff
train,Pepper\I\Virus,Virus,V_14,14,0,32,Datasets/TOBRFV-LMID/RGB/Pepper/I/Virus/V_14_RGB_0_32.tiff
train,Pepper\I\Virus,Virus,V_14,14,0,33,Datasets/TOBRFV-LMID/RGB/Pepper/I/Virus/V_14_RGB_0_33.tiff
train,Pepper\I\Virus,Virus,V_14,14,0,34,Datasets/TOBRFV-LMID/RGB/Pepper/I/Virus/V_14_RGB_0_34.tiff
train,Pepper\I\Virus,Virus,V_14,14,0,35,Datasets/TOBRFV-LMID/RGB/Pepper/I/Virus/V_14_RGB_0_35.tiff
train,Pepper\I\Virus,Virus,V_14,14,0,36,Datasets/TOBRFV-LMID/RGB/Pepper/I/Virus/V_14_RGB_0_36.tiff
train,Pepper\I\Virus,Virus,V_14,14,0,37,Datasets/TOBRFV-LMID/RGB/Pepper/I/Virus/V_14_RGB_0_37.tiff
train,Pepper\I\Virus,Virus,V_14,14,0,38,Datasets/TOBRFV-LMID/RGB/Pepper/I/Virus/V_14_RGB_0_38.tiff
train,Pepper\I\Virus,Virus,V_14,14,0,39,Datasets/TOBRFV-LMID/RGB/Pepper/I/Virus/V_14_RGB_0_39.tiff
train,Pepper\I\Virus,Virus,V_14,14,0,4,Datasets/TOBRFV-LMID/RGB/Pepper/I/Virus/V_14_RGB_0_4.tiff
train,Pepper\I\Virus,Virus,V_14,14,0,40,Datasets/TOBRFV-LMID/RGB/Pepper/I/Virus/V_14_RGB_0_40.tiff
train,Pepper\I\Virus,Virus,V_14,14,0,41,Datasets/TOBRFV-LMID/RGB/Pepper/I/Virus/V_14_RGB_0_41.tiff
train,Pepper\I\Virus,Virus,V_14,14,0,42,Datasets/TOBRFV-LMID/RGB/Pepper/I/Virus/V_14_RGB_0_42.tiff
train,Pepper\I\Virus,Virus,V_14,14,0,43,Datasets/TOBRFV-LMID/RGB/Pepper/I/Virus/V_14_RGB_0_43.tiff
train,Pepper\I\Virus,Virus,V_14,14,0,44,Datasets/TOBRFV-LMID/RGB/Pepper/I/Virus/V_14_RGB_0_44.tiff
train,Pepper\I\Virus,Virus,V_14,14,0,45,Datasets/TOBRFV-LMID/RGB/Pepper/I/Virus/V_14_RGB_0_45.tiff
train,Pepper\I\Virus,Virus,V_14,14,0,5,Datasets/TOBRFV-LMID/RGB/Pepper/I/Virus/V_14_RGB_0_5.tiff
train,Pepper\I\Virus,Virus,V_14,14,0,6,Datasets/TOBRFV-LMID/RGB/Pepper/I/Virus/V_14_RGB_0_6.tiff
train,Pepper\I\Virus,Virus,V_14,14,0,7,Datasets/TOBRFV-LMID/RGB/Pepper/I/Virus/V_14_RGB_0_7.tiff
train,Pepper\I\Virus,Virus,V_14,14,0,8,Datasets/TOBRFV-LMID/RGB/Pepper/I/Virus/V_14_RGB_0_8.tiff
train,Pepper\I\Virus,Virus,V_14,14,0,9,Datasets/TOBRFV-LMID/RGB/Pepper/I/Virus/V_14_RGB_0_9.tiff
train,Pepper\I\Virus,Virus,V_14,14,5,11,Datasets/TOBRFV-LMID/RGB/Pepper/I/Virus/V_14_RGB_5_11.tiff
train,Pepper\I\Virus,Virus,V_14,14,5,12,Datasets/TOBRFV-LMID/RGB/Pepper/I/Virus/V_14_RGB_5_12.tiff
train,Pepper\I\Virus,Virus,V_14,14,5,13,Datasets/TOBRFV-LMID/RGB/Pepper/I/Virus/V_14_RGB_5_13.tiff
train,Pepper\I\Virus,Virus,V_14,14,5,14,Datasets/TOBRFV-LMID/RGB/Pepper/I/Virus/V_14_RGB_5_14.tiff
train,Pepper\I\Virus,Virus,V_14,14,5,15,Datasets/TOBRFV-LMID/RGB/Pepper/I/Virus/V_14_RGB_5_15.tiff
train,Pepper\I\Virus,Virus,V_14,14,5,16,Datasets/TOBRFV-LMID/RGB/Pepper/I/Virus/V_14_RGB_5_16.tiff
train,Pepper\I\Virus,Virus,V_14,14,5,17,Datasets/TOBRFV-LMID/RGB/Pepper/I/Virus/V_14_RGB_5_17.tiff
train,Pepper\I\Virus,Virus,V_14,14,5,18,Datasets/TOBRFV-LMID/RGB/Pepper/I/Virus/V_14_RGB_5_18.tiff
train,Pepper\I\Virus,Virus,V_14,14,5,19,Datasets/TOBRFV-LMID/RGB/Pepper/I/Virus/V_14_RGB_5_19.tiff
train,Pepper\I\Virus,Virus,V_14,14,5,2,Datasets/TOBRFV-LMID/RGB/Pepper/I/Virus/V_14_RGB_5_2.tiff
train,Pepper\I\Virus,Virus,V_14,14,5,20,Datasets/TOBRFV-LMID/RGB/Pepper/I/Virus/V_14_RGB_5_20.tiff
train,Pepper\I\Virus,Virus,V_14,14,5,21,Datasets/TOBRFV-LMID/RGB/Pepper/I/Virus/V_14_RGB_5_21.tiff
train,Pepper\I\Virus,Virus,V_14,14,5,22,Datasets/TOBRFV-LMID/RGB/Pepper/I/Virus/V_14_RGB_5_22.tiff
train,Pepper\I\Virus,Virus,V_14,14,5,23,Datasets/TOBRFV-LMID/RGB/Pepper/I/Virus/V_14_RGB_5_23.tiff
train,Pepper\I\Virus,Virus,V_14,14,5,24,Datasets/TOBRFV-LMID/RGB/Pepper/I/Virus/V_14_RGB_5_24.tiff
train,Pepper\I\Virus,Virus,V_14,14,5,25,Datasets/TOBRFV-LMID/RGB/Pepper/I/Virus/V_14_RGB_5_25.tiff
train,Pepper\I\Virus,Virus,V_14,14,5,26,Datasets/TOBRFV-LMID/RGB/Pepper/I/Virus/V_14_RGB_5_26.tiff
train,Pepper\I\Virus,Virus,V_14,14,5,27,Datasets/TOBRFV-LMID/RGB/Pepper/I/Virus/V_14_RGB_5_27.tiff
train,Pepper\I\Virus,Virus,V_14,14,5,28,Datasets/TOBRFV-LMID/RGB/Pepper/I/Virus/V_14_RGB_5_28.tiff
train,Pepper\I\Virus,Virus,V_14,14,5,29,Datasets/TOBRFV-LMID/RGB/Pepper/I/Virus/V_14_RGB_5_29.tiff
train,Pepper\I\Virus,Virus,V_14,14,5,3,Datasets/TOBRFV-LMID/RGB/Pepper/I/Virus/V_14_RGB_5_3.tiff
train,Pepper\I\Virus,Virus,V_14,14,5,30,Datasets/TOBRFV-LMID/RGB/Pepper/I/Virus/V_14_RGB_5_30.tiff
train,Pepper\I\Virus,Virus,V_14,14,5,31,Datasets/TOBRFV-LMID/RGB/Pepper/I/Virus/V_14_RGB_5_31.tiff
train,Pepper\I\Virus,Virus,V_14,14,5,32,Datasets/TOBRFV-LMID/RGB/Pepper/I/Virus/V_14_RGB_5_32.tiff
train,Pepper\I\Virus,Virus,V_14,14,5,33,Datasets/TOBRFV-LMID/RGB/Pepper/I/Virus/V_14_RGB_5_33.tiff
train,Pepper\I\Virus,Virus,V_14,14,5,34,Datasets/TOBRFV-LMID/RGB/Pepper/I/Virus/V_14_RGB_5_34.tiff
train,Pepper\I\Virus,Virus,V_14,14,5,35,Datasets/TOBRFV-LMID/RGB/Pepper/I/Virus/V_14_RGB_5_35.tiff
train,Pepper\I\Virus,Virus,V_14,14,5,36,Datasets/TOBRFV-LMID/RGB/Pepper/I/Virus/V_14_RGB_5_36.tiff
train,Pepper\I\Virus,Virus,V_14,14,5,37,Datasets/TOBRFV-LMID/RGB/Pepper/I/Virus/V_14_RGB_5_37.tiff
train,Pepper\I\Virus,Virus,V_14,14,5,38,Datasets/TOBRFV-LMID/RGB/Pepper/I/Virus/V_14_RGB_5_38.tiff
train,Pepper\I\Virus,Virus,V_14,14,5,39,Datasets/TOBRFV-LMID/RGB/Pepper/I/Virus/V_14_RGB_5_39.tiff
train,Pepper\I\Virus,Virus,V_14,14,5,4,Datasets/TOBRFV-LMID/RGB/Pepper/I/Virus/V_14_RGB_5_4.tiff
train,Pepper\I\Virus,Virus,V_14,14,5,40,Datasets/TOBRFV-LMID/RGB/Pepper/I/Virus/V_14_RGB_5_40.tiff
train,Pepper\I\Virus,Virus,V_14,14,5,41,Datasets/TOBRFV-LMID/RGB/Pepper/I/Virus/V_14_RGB_5_41.tiff
train,Pepper\I\Virus,Virus,V_14,14,5,42,Datasets/TOBRFV-LMID/RGB/Pepper/I/Virus/V_14_RGB_5_42.tiff
train,Pepper\I\Virus,Virus,V_14,14,5,43,Datasets/TOBRFV-LMID/RGB/Pepper/I/Virus/V_14_RGB_5_43.tiff
train,Pepper\I\Virus,Virus,V_14,14,5,44,Datasets/TOBRFV-LMID/RGB/Pepper/I/Virus/V_14_RGB_5_44.tiff
train,Pepper\I\Virus,Virus,V_14,14,5,45,Datasets/TOBRFV-LMID/RGB/Pepper/I/Virus/V_14_RGB_5_45.tiff
train,Pepper\I\Virus,Virus,V_14,14,5,5,Datasets/TOBRFV-LMID/RGB/Pepper/I/Virus/V_14_RGB_5_5.tiff
train,Pepper\I\Virus,Virus,V_14,14,5,6,Datasets/TOBRFV-LMID/RGB/Pepper/I/Virus/V_14_RGB_5_6.tiff
train,Pepper\I\Virus,Virus,V_14,14,5,7,Datasets/TOBRFV-LMID/RGB/Pepper/I/Virus/V_14_RGB_5_7.tiff
train,Pepper\I\Virus,Virus,V_14,14,5,8,Datasets/TOBRFV-LMID/RGB/Pepper/I/Virus/V_14_RGB_5_8.tiff
train,Pepper\I\Virus,Virus,V_6,6,0,10,Datasets/TOBRFV-LMID/RGB/Pepper/I/Virus/V_6_RGB_0_10.tiff
train,Pepper\I\Virus,Virus,V_6,6,0,11,Datasets/TOBRFV-LMID/RGB/Pepper/I/Virus/V_6_RGB_0_11.tiff
train,Pepper\I\Virus,Virus,V_6,6,0,12,Datasets/TOBRFV-LMID/RGB/Pepper/I/Virus/V_6_RGB_0_12.tiff
train,Pepper\I\Virus,Virus,V_6,6,0,13,Datasets/TOBRFV-LMID/RGB/Pepper/I/Virus/V_6_RGB_0_13.tiff
train,Pepper\I\Virus,Virus,V_6,6,0,14,Datasets/TOBRFV-LMID/RGB/Pepper/I/Virus/V_6_RGB_0_14.tiff
train,Pepper\I\Virus,Virus,V_6,6,0,17,Datasets/TOBRFV-LMID/RGB/Pepper/I/Virus/V_6_RGB_0_17.tiff
train,Pepper\I\Virus,Virus,V_6,6,0,18,Datasets/TOBRFV-LMID/RGB/Pepper/I/Virus/V_6_RGB_0_18.tiff
train,Pepper\I\Virus,Virus,V_6,6,0,19,Datasets/TOBRFV-LMID/RGB/Pepper/I/Virus/V_6_RGB_0_19.tiff
train,Pepper\I\Virus,Virus,V_6,6,0,2,Datasets/TOBRFV-LMID/RGB/Pepper/I/Virus/V_6_RGB_0_2.tiff
train,Pepper\I\Virus,Virus,V_6,6,0,20,Datasets/TOBRFV-LMID/RGB/Pepper/I/Virus/V_6_RGB_0_20.tiff
train,Pepper\I\Virus,Virus,V_6,6,0,21,Datasets/TOBRFV-LMID/RGB/Pepper/I/Virus/V_6_RGB_0_21.tiff
train,Pepper\I\Virus,Virus,V_6,6,0,22,Datasets/TOBRFV-LMID/RGB/Pepper/I/Virus/V_6_RGB_0_22.tiff
train,Pepper\I\Virus,Virus,V_6,6,0,24,Datasets/TOBRFV-LMID/RGB/Pepper/I/Virus/V_6_RGB_0_24.tiff
train,Pepper\I\Virus,Virus,V_6,6,0,25,Datasets/TOBRFV-LMID/RGB/Pepper/I/Virus/V_6_RGB_0_25.tiff
train,Pepper\I\Virus,Virus,V_6,6,0,27,Datasets/TOBRFV-LMID/RGB/Pepper/I/Virus/V_6_RGB_0_27.tiff
train,Pepper\I\Virus,Virus,V_6,6,0,28,Datasets/TOBRFV-LMID/RGB/Pepper/I/Virus/V_6_RGB_0_28.tiff
train,Pepper\I\Virus,Virus,V_6,6,0,29,Datasets/TOBRFV-LMID/RGB/Pepper/I/Virus/V_6_RGB_0_29.tiff
train,Pepper\I\Virus,Virus,V_6,6,0,3,Datasets/TOBRFV-LMID/RGB/Pepper/I/Virus/V_6_RGB_0_3.tiff
train,Pepper\I\Virus,Virus,V_6,6,0,30,Datasets/TOBRFV-LMID/RGB/Pepper/I/Virus/V_6_RGB_0_30.tiff
train,Pepper\I\Virus,Virus,V_6,6,0,31,Datasets/TOBRFV-LMID/RGB/Pepper/I/Virus/V_6_RGB_0_31.tiff
train,Pepper\I\Virus,Virus,V_6,6,0,32,Datasets/TOBRFV-LMID/RGB/Pepper/I/Virus/V_6_RGB_0_32.tiff
train,Pepper\I\Virus,Virus,V_6,6,0,34,Datasets/TOBRFV-LMID/RGB/Pepper/I/Virus/V_6_RGB_0_34.tiff
train,Pepper\I\Virus,Virus,V_6,6,0,36,Datasets/TOBRFV-LMID/RGB/Pepper/I/Virus/V_6_RGB_0_36.tiff
train,Pepper\I\Virus,Virus,V_6,6,0,37,Datasets/TOBRFV-LMID/RGB/Pepper/I/Virus/V_6_RGB_0_37.tiff
train,Pepper\I\Virus,Virus,V_6,6,0,4,Datasets/TOBRFV-LMID/RGB/Pepper/I/Virus/V_6_RGB_0_4.tiff
train,Pepper\I\Virus,Virus,V_6,6,0,40,Datasets/TOBRFV-LMID/RGB/Pepper/I/Virus/V_6_RGB_0_40.tiff
train,Pepper\I\Virus,Virus,V_6,6,0,41,Datasets/TOBRFV-LMID/RGB/Pepper/I/Virus/V_6_RGB_0_41.tiff
train,Pepper\I\Virus,Virus,V_6,6,0,42,Datasets/TOBRFV-LMID/RGB/Pepper/I/Virus/V_6_RGB_0_42.tiff
train,Pepper\I\Virus,Virus,V_6,6,0,43,Datasets/TOBRFV-LMID/RGB/Pepper/I/Virus/V_6_RGB_0_43.tiff
train,Pepper\I\Virus,Virus,V_6,6,0,44,Datasets/TOBRFV-LMID/RGB/Pepper/I/Virus/V_6_RGB_0_44.tiff
train,Pepper\I\Virus,Virus,V_6,6,0,45,Datasets/TOBRFV-LMID/RGB/Pepper/I/Virus/V_6_RGB_0_45.tiff
train,Pepper\I\Virus,Virus,V_6,6,0,5,Datasets/TOBRFV-LMID/RGB/Pepper/I/Virus/V_6_RGB_0_5.tiff
train,Pepper\I\Virus,Virus,V_6,6,0,6,Datasets/TOBRFV-LMID/RGB/Pepper/I/Virus/V_6_RGB_0_6.tiff
train,Pepper\I\Virus,Virus,V_6,6,0,7,Datasets/TOBRFV-LMID/RGB/Pepper/I/Virus/V_6_RGB_0_7.tiff
train,Pepper\I\Virus,Virus,V_6,6,0,8,Datasets/TOBRFV-LMID/RGB/Pepper/I/Virus/V_6_RGB_0_8.tiff
train,Pepper\I\Virus,Virus,V_6,6,5,1,Datasets/TOBRFV-LMID/RGB/Pepper/I/Virus/V_6_RGB_5_1.tiff
train,Pepper\I\Virus,Virus,V_6,6,5,10,Datasets/TOBRFV-LMID/RGB/Pepper/I/Virus/V_6_RGB_5_10.tiff
train,Pepper\I\Virus,Virus,V_6,6,5,11,Datasets/TOBRFV-LMID/RGB/Pepper/I/Virus/V_6_RGB_5_11.tiff
train,Pepper\I\Virus,Virus,V_6,6,5,12,Datasets/TOBRFV-LMID/RGB/Pepper/I/Virus/V_6_RGB_5_12.tiff
train,Pepper\I\Virus,Virus,V_6,6,5,15,Datasets/TOBRFV-LMID/RGB/Pepper/I/Virus/V_6_RGB_5_15.tiff
train,Pepper\I\Virus,Virus,V_6,6,5,2,Datasets/TOBRFV-LMID/RGB/Pepper/I/Virus/V_6_RGB_5_2.tiff
train,Pepper\I\Virus,Virus,V_6,6,5,22,Datasets/TOBRFV-LMID/RGB/Pepper/I/Virus/V_6_RGB_5_22.tiff
train,Pepper\I\Virus,Virus,V_6,6,5,24,Datasets/TOBRFV-LMID/RGB/Pepper/I/Virus/V_6_RGB_5_24.tiff
train,Pepper\I\Virus,Virus,V_6,6,5,25,Datasets/TOBRFV-LMID/RGB/Pepper/I/Virus/V_6_RGB_5_25.tiff
train,Pepper\I\Virus,Virus,V_6,6,5,3,Datasets/TOBRFV-LMID/RGB/Pepper/I/Virus/V_6_RGB_5_3.tiff
train,Pepper\I\Virus,Virus,V_6,6,5,30,Datasets/TOBRFV-LMID/RGB/Pepper/I/Virus/V_6_RGB_5_30.tiff
train,Pepper\I\Virus,Virus,V_6,6,5,37,Datasets/TOBRFV-LMID/RGB/Pepper/I/Virus/V_6_RGB_5_37.tiff
train,Pepper\I\Virus,Virus,V_6,6,5,39,Datasets/TOBRFV-LMID/RGB/Pepper/I/Virus/V_6_RGB_5_39.tiff
train,Pepper\I\Virus,Virus,V_6,6,5,41,Datasets/TOBRFV-LMID/RGB/Pepper/I/Virus/V_6_RGB_5_41.tiff
train,Pepper\I\Virus,Virus,V_6,6,5,42,Datasets/TOBRFV-LMID/RGB/Pepper/I/Virus/V_6_RGB_5_42.tiff
train,Pepper\I\Virus,Virus,V_6,6,5,43,Datasets/TOBRFV-LMID/RGB/Pepper/I/Virus/V_6_RGB_5_43.tiff
train,Pepper\I\Virus,Virus,V_6,6,5,5,Datasets/TOBRFV-LMID/RGB/Pepper/I/Virus/V_6_RGB_5_5.tiff
train,Pepper\I\Virus,Virus,V_24,24,0,1,Datasets/TOBRFV-LMID/RGB/Pepper/I/Virus/V_24_RGB_0_1.tiff
train,Pepper\I\Virus,Virus,V_24,24,0,10,Datasets/TOBRFV-LMID/RGB/Pepper/I/Virus/V_24_RGB_0_10.tiff
train,Pepper\I\Virus,Virus,V_24,24,0,11,Datasets/TOBRFV-LMID/RGB/Pepper/I/Virus/V_24_RGB_0_11.tiff
train,Pepper\I\Virus,Virus,V_24,24,0,12,Datasets/TOBRFV-LMID/RGB/Pepper/I/Virus/V_24_RGB_0_12.tiff
train,Pepper\I\Virus,Virus,V_24,24,0,13,Datasets/TOBRFV-LMID/RGB/Pepper/I/Virus/V_24_RGB_0_13.tiff
train,Pepper\I\Virus,Virus,V_24,24,0,14,Datasets/TOBRFV-LMID/RGB/Pepper/I/Virus/V_24_RGB_0_14.tiff
train,Pepper\I\Virus,Virus,V_24,24,0,15,Datasets/TOBRFV-LMID/RGB/Pepper/I/Virus/V_24_RGB_0_15.tiff
train,Pepper\I\Virus,Virus,V_24,24,0,16,Datasets/TOBRFV-LMID/RGB/Pepper/I/Virus/V_24_RGB_0_16.tiff
train,Pepper\I\Virus,Virus,V_24,24,0,17,Datasets/TOBRFV-LMID/RGB/Pepper/I/Virus/V_24_RGB_0_17.tiff
train,Pepper\I\Virus,Virus,V_24,24,0,18,Datasets/TOBRFV-LMID/RGB/Pepper/I/Virus/V_24_RGB_0_18.tiff
train,Pepper\I\Virus,Virus,V_24,24,0,19,Datasets/TOBRFV-LMID/RGB/Pepper/I/Virus/V_24_RGB_0_19.tiff
train,Pepper\I\Virus,Virus,V_24,24,0,2,Datasets/TOBRFV-LMID/RGB/Pepper/I/Virus/V_24_RGB_0_2.tiff
train,Pepper\I\Virus,Virus,V_24,24,0,20,Datasets/TOBRFV-LMID/RGB/Pepper/I/Virus/V_24_RGB_0_20.tiff
train,Pepper\I\Virus,Virus,V_24,24,0,21,Datasets/TOBRFV-LMID/RGB/Pepper/I/Virus/V_24_RGB_0_21.tiff
train,Pepper\I\Virus,Virus,V_24,24,0,22,Datasets/TOBRFV-LMID/RGB/Pepper/I/Virus/V_24_RGB_0_22.tiff
train,Pepper\I\Virus,Virus,V_24,24,0,23,Datasets/TOBRFV-LMID/RGB/Pepper/I/Virus/V_24_RGB_0_23.tiff
train,Pepper\I\Virus,Virus,V_24,24,0,24,Datasets/TOBRFV-LMID/RGB/Pepper/I/Virus/V_24_RGB_0_24.tiff
train,Pepper\I\Virus,Virus,V_24,24,0,25,Datasets/TOBRFV-LMID/RGB/Pepper/I/Virus/V_24_RGB_0_25.tiff
train,Pepper\I\Virus,Virus,V_24,24,0,26,Datasets/TOBRFV-LMID/RGB/Pepper/I/Virus/V_24_RGB_0_26.tiff
train,Pepper\I\Virus,Virus,V_24,24,0,27,Datasets/TOBRFV-LMID/RGB/Pepper/I/Virus/V_24_RGB_0_27.tiff
train,Pepper\I\Virus,Virus,V_24,24,0,28,Datasets/TOBRFV-LMID/RGB/Pepper/I/Virus/V_24_RGB_0_28.tiff
train,Pepper\I\Virus,Virus,V_24,24,0,29,Datasets/TOBRFV-LMID/RGB/Pepper/I/Virus/V_24_RGB_0_29.tiff
train,Pepper\I\Virus,Virus,V_24,24,0,3,Datasets/TOBRFV-LMID/RGB/Pepper/I/Virus/V_24_RGB_0_3.tiff
train,Pepper\I\Virus,Virus,V_24,24,0,30,Datasets/TOBRFV-LMID/RGB/Pepper/I/Virus/V_24_RGB_0_30.tiff
train,Pepper\I\Virus,Virus,V_24,24,0,31,Datasets/TOBRFV-LMID/RGB/Pepper/I/Virus/V_24_RGB_0_31.tiff
train,Pepper\I\Virus,Virus,V_24,24,0,32,Datasets/TOBRFV-LMID/RGB/Pepper/I/Virus/V_24_RGB_0_32.tiff
train,Pepper\I\Virus,Virus,V_24,24,0,33,Datasets/TOBRFV-LMID/RGB/Pepper/I/Virus/V_24_RGB_0_33.tiff
train,Pepper\I\Virus,Virus,V_24,24,0,34,Datasets/TOBRFV-LMID/RGB/Pepper/I/Virus/V_24_RGB_0_34.tiff
train,Pepper\I\Virus,Virus,V_24,24,0,35,Datasets/TOBRFV-LMID/RGB/Pepper/I/Virus/V_24_RGB_0_35.tiff
train,Pepper\I\Virus,Virus,V_24,24,0,36,Datasets/TOBRFV-LMID/RGB/Pepper/I/Virus/V_24_RGB_0_36.tiff
train,Pepper\I\Virus,Virus,V_24,24,0,37,Datasets/TOBRFV-LMID/RGB/Pepper/I/Virus/V_24_RGB_0_37.tiff
train,Pepper\I\Virus,Virus,V_24,24,0,38,Datasets/TOBRFV-LMID/RGB/Pepper/I/Virus/V_24_RGB_0_38.tiff
train,Pepper\I\Virus,Virus,V_24,24,0,39,Datasets/TOBRFV-LMID/RGB/Pepper/I/Virus/V_24_RGB_0_39.tiff
train,Pepper\I\Virus,Virus,V_24,24,0,4,Datasets/TOBRFV-LMID/RGB/Pepper/I/Virus/V_24_RGB_0_4.tiff
train,Pepper\I\Virus,Virus,V_24,24,0,40,Datasets/TOBRFV-LMID/RGB/Pepper/I/Virus/V_24_RGB_0_40.tiff
train,Pepper\I\Virus,Virus,V_24,24,0,41,Datasets/TOBRFV-LMID/RGB/Pepper/I/Virus/V_24_RGB_0_41.tiff
train,Pepper\I\Virus,Virus,V_24,24,0,42,Datasets/TOBRFV-LMID/RGB/Pepper/I/Virus/V_24_RGB_0_42.tiff
train,Pepper\I\Virus,Virus,V_24,24,0,43,Datasets/TOBRFV-LMID/RGB/Pepper/I/Virus/V_24_RGB_0_43.tiff
train,Pepper\I\Virus,Virus,V_24,24,0,44,Datasets/TOBRFV-LMID/RGB/Pepper/I/Virus/V_24_RGB_0_44.tiff
train,Pepper\I\Virus,Virus,V_24,24,0,45,Datasets/TOBRFV-LMID/RGB/Pepper/I/Virus/V_24_RGB_0_45.tiff
train,Pepper\I\Virus,Virus,V_24,24,0,5,Datasets/TOBRFV-LMID/RGB/Pepper/I/Virus/V_24_RGB_0_5.tiff
train,Pepper\I\Virus,Virus,V_24,24,0,6,Datasets/TOBRFV-LMID/RGB/Pepper/I/Virus/V_24_RGB_0_6.tiff
train,Pepper\I\Virus,Virus,V_24,24,0,7,Datasets/TOBRFV-LMID/RGB/Pepper/I/Virus/V_24_RGB_0_7.tiff
train,Pepper\I\Virus,Virus,V_24,24,0,8,Datasets/TOBRFV-LMID/RGB/Pepper/I/Virus/V_24_RGB_0_8.tiff
train,Pepper\I\Virus,Virus,V_24,24,0,9,Datasets/TOBRFV-LMID/RGB/Pepper/I/Virus/V_24_RGB_0_9.tiff
train,Pepper\I\Virus,Virus,V_24,24,15,1,Datasets/TOBRFV-LMID/RGB/Pepper/I/Virus/V_24_RGB_15_1.tiff
train,Pepper\I\Virus,Virus,V_24,24,15,10,Datasets/TOBRFV-LMID/RGB/Pepper/I/Virus/V_24_RGB_15_10.tiff
train,Pepper\I\Virus,Virus,V_24,24,15,11,Datasets/TOBRFV-LMID/RGB/Pepper/I/Virus/V_24_RGB_15_11.tiff
train,Pepper\I\Virus,Virus,V_24,24,15,12,Datasets/TOBRFV-LMID/RGB/Pepper/I/Virus/V_24_RGB_15_12.tiff
train,Pepper\I\Virus,Virus,V_24,24,15,13,Datasets/TOBRFV-LMID/RGB/Pepper/I/Virus/V_24_RGB_15_13.tiff
train,Pepper\I\Virus,Virus,V_24,24,15,15,Datasets/TOBRFV-LMID/RGB/Pepper/I/Virus/V_24_RGB_15_15.tiff
train,Pepper\I\Virus,Virus,V_24,24,15,16,Datasets/TOBRFV-LMID/RGB/Pepper/I/Virus/V_24_RGB_15_16.tiff
train,Pepper\I\Virus,Virus,V_24,24,15,17,Datasets/TOBRFV-LMID/RGB/Pepper/I/Virus/V_24_RGB_15_17.tiff
train,Pepper\I\Virus,Virus,V_24,24,15,18,Datasets/TOBRFV-LMID/RGB/Pepper/I/Virus/V_24_RGB_15_18.tiff
train,Pepper\I\Virus,Virus,V_24,24,15,19,Datasets/TOBRFV-LMID/RGB/Pepper/I/Virus/V_24_RGB_15_19.tiff
train,Pepper\I\Virus,Virus,V_24,24,15,2,Datasets/TOBRFV-LMID/RGB/Pepper/I/Virus/V_24_RGB_15_2.tiff
train,Pepper\I\Virus,Virus,V_24,24,15,20,Datasets/TOBRFV-LMID/RGB/Pepper/I/Virus/V_24_RGB_15_20.tiff
train,Pepper\I\Virus,Virus,V_24,24,15,21,Datasets/TOBRFV-LMID/RGB/Pepper/I/Virus/V_24_RGB_15_21.tiff
train,Pepper\I\Virus,Virus,V_24,24,15,22,Datasets/TOBRFV-LMID/RGB/Pepper/I/Virus/V_24_RGB_15_22.tiff
train,Pepper\I\Virus,Virus,V_24,24,15,23,Datasets/TOBRFV-LMID/RGB/Pepper/I/Virus/V_24_RGB_15_23.tiff
train,Pepper\I\Virus,Virus,V_24,24,15,24,Datasets/TOBRFV-LMID/RGB/Pepper/I/Virus/V_24_RGB_15_24.tiff
train,Pepper\I\Virus,Virus,V_24,24,15,25,Datasets/TOBRFV-LMID/RGB/Pepper/I/Virus/V_24_RGB_15_25.tiff
train,Pepper\I\Virus,Virus,V_24,24,15,26,Datasets/TOBRFV-LMID/RGB/Pepper/I/Virus/V_24_RGB_15_26.tiff
train,Pepper\I\Virus,Virus,V_24,24,15,27,Datasets/TOBRFV-LMID/RGB/Pepper/I/Virus/V_24_RGB_15_27.tiff
train,Pepper\I\Virus,Virus,V_24,24,15,28,Datasets/TOBRFV-LMID/RGB/Pepper/I/Virus/V_24_RGB_15_28.tiff
train,Pepper\I\Virus,Virus,V_24,24,15,29,Datasets/TOBRFV-LMID/RGB/Pepper/I/Virus/V_24_RGB_15_29.tiff
train,Pepper\I\Virus,Virus,V_24,24,15,3,Datasets/TOBRFV-LMID/RGB/Pepper/I/Virus/V_24_RGB_15_3.tiff
train,Pepper\I\Virus,Virus,V_24,24,15,30,Datasets/TOBRFV-LMID/RGB/Pepper/I/Virus/V_24_RGB_15_30.tiff
train,Pepper\I\Virus,Virus,V_24,24,15,31,Datasets/TOBRFV-LMID/RGB/Pepper/I/Virus/V_24_RGB_15_31.tiff
train,Pepper\I\Virus,Virus,V_24,24,15,32,Datasets/TOBRFV-LMID/RGB/Pepper/I/Virus/V_24_RGB_15_32.tiff
train,Pepper\I\Virus,Virus,V_24,24,15,33,Datasets/TOBRFV-LMID/RGB/Pepper/I/Virus/V_24_RGB_15_33.tiff
train,Pepper\I\Virus,Virus,V_24,24,15,34,Datasets/TOBRFV-LMID/RGB/Pepper/I/Virus/V_24_RGB_15_34.tiff
train,Pepper\I\Virus,Virus,V_24,24,15,35,Datasets/TOBRFV-LMID/RGB/Pepper/I/Virus/V_24_RGB_15_35.tiff
train,Pepper\I\Virus,Virus,V_24,24,15,36,Datasets/TOBRFV-LMID/RGB/Pepper/I/Virus/V_24_RGB_15_36.tiff
train,Pepper\I\Virus,Virus,V_24,24,15,37,Datasets/TOBRFV-LMID/RGB/Pepper/I/Virus/V_24_RGB_15_37.tiff
train,Pepper\I\Virus,Virus,V_24,24,15,38,Datasets/TOBRFV-LMID/RGB/Pepper/I/Virus/V_24_RGB_15_38.tiff
train,Pepper\I\Virus,Virus,V_24,24,15,39,Datasets/TOBRFV-LMID/RGB/Pepper/I/Virus/V_24_RGB_15_39.tiff
train,Pepper\I\Virus,Virus,V_24,24,15,4,Datasets/TOBRFV-LMID/RGB/Pepper/I/Virus/V_24_RGB_15_4.tiff
train,Pepper\I\Virus,Virus,V_24,24,15,40,Datasets/TOBRFV-LMID/RGB/Pepper/I/Virus/V_24_RGB_15_40.tiff
train,Pepper\I\Virus,Virus,V_24,24,15,41,Datasets/TOBRFV-LMID/RGB/Pepper/I/Virus/V_24_RGB_15_41.tiff
train,Pepper\I\Virus,Virus,V_24,24,15,42,Datasets/TOBRFV-LMID/RGB/Pepper/I/Virus/V_24_RGB_15_42.tiff
train,Pepper\I\Virus,Virus,V_24,24,15,43,Datasets/TOBRFV-LMID/RGB/Pepper/I/Virus/V_24_RGB_15_43.tiff
train,Pepper\I\Virus,Virus,V_24,24,15,44,Datasets/TOBRFV-LMID/RGB/Pepper/I/Virus/V_24_RGB_15_44.tiff
train,Pepper\I\Virus,Virus,V_24,24,15,45,Datasets/TOBRFV-LMID/RGB/Pepper/I/Virus/V_24_RGB_15_45.tiff
train,Pepper\I\Virus,Virus,V_24,24,15,5,Datasets/TOBRFV-LMID/RGB/Pepper/I/Virus/V_24_RGB_15_5.tiff
train,Pepper\I\Virus,Virus,V_24,24,15,6,Datasets/TOBRFV-LMID/RGB/Pepper/I/Virus/V_24_RGB_15_6.tiff
train,Pepper\I\Virus,Virus,V_24,24,15,7,Datasets/TOBRFV-LMID/RGB/Pepper/I/Virus/V_24_RGB_15_7.tiff
train,Pepper\I\Virus,Virus,V_24,24,15,8,Datasets/TOBRFV-LMID/RGB/Pepper/I/Virus/V_24_RGB_15_8.tiff
train,Pepper\I\Virus,Virus,V_24,24,15,9,Datasets/TOBRFV-LMID/RGB/Pepper/I/Virus/V_24_RGB_15_9.tiff
train,Pepper\I\Virus,Virus,V_13,13,0,1,Datasets/TOBRFV-LMID/RGB/Pepper/I/Virus/V_13_RGB_0_1.tiff
train,Pepper\I\Virus,Virus,V_13,13,0,10,Datasets/TOBRFV-LMID/RGB/Pepper/I/Virus/V_13_RGB_0_10.tiff
train,Pepper\I\Virus,Virus,V_13,13,0,11,Datasets/TOBRFV-LMID/RGB/Pepper/I/Virus/V_13_RGB_0_11.tiff
train,Pepper\I\Virus,Virus,V_13,13,0,12,Datasets/TOBRFV-LMID/RGB/Pepper/I/Virus/V_13_RGB_0_12.tiff
train,Pepper\I\Virus,Virus,V_13,13,0,13,Datasets/TOBRFV-LMID/RGB/Pepper/I/Virus/V_13_RGB_0_13.tiff
train,Pepper\I\Virus,Virus,V_13,13,0,14,Datasets/TOBRFV-LMID/RGB/Pepper/I/Virus/V_13_RGB_0_14.tiff
train,Pepper\I\Virus,Virus,V_13,13,0,15,Datasets/TOBRFV-LMID/RGB/Pepper/I/Virus/V_13_RGB_0_15.tiff
train,Pepper\I\Virus,Virus,V_13,13,0,16,Datasets/TOBRFV-LMID/RGB/Pepper/I/Virus/V_13_RGB_0_16.tiff
train,Pepper\I\Virus,Virus,V_13,13,0,17,Datasets/TOBRFV-LMID/RGB/Pepper/I/Virus/V_13_RGB_0_17.tiff
train,Pepper\I\Virus,Virus,V_13,13,0,18,Datasets/TOBRFV-LMID/RGB/Pepper/I/Virus/V_13_RGB_0_18.tiff
train,Pepper\I\Virus,Virus,V_13,13,0,19,Datasets/TOBRFV-LMID/RGB/Pepper/I/Virus/V_13_RGB_0_19.tiff
train,Pepper\I\Virus,Virus,V_13,13,0,2,Datasets/TOBRFV-LMID/RGB/Pepper/I/Virus/V_13_RGB_0_2.tiff
train,Pepper\I\Virus,Virus,V_13,13,0,20,Datasets/TOBRFV-LMID/RGB/Pepper/I/Virus/V_13_RGB_0_20.tiff
train,Pepper\I\Virus,Virus,V_13,13,0,21,Datasets/TOBRFV-LMID/RGB/Pepper/I/Virus/V_13_RGB_0_21.tiff
train,Pepper\I\Virus,Virus,V_13,13,0,22,Datasets/TOBRFV-LMID/RGB/Pepper/I/Virus/V_13_RGB_0_22.tiff
train,Pepper\I\Virus,Virus,V_13,13,0,23,Datasets/TOBRFV-LMID/RGB/Pepper/I/Virus/V_13_RGB_0_23.tiff
train,Pepper\I\Virus,Virus,V_13,13,0,24,Datasets/TOBRFV-LMID/RGB/Pepper/I/Virus/V_13_RGB_0_24.tiff
train,Pepper\I\Virus,Virus,V_13,13,0,25,Datasets/TOBRFV-LMID/RGB/Pepper/I/Virus/V_13_RGB_0_25.tiff
train,Pepper\I\Virus,Virus,V_13,13,0,26,Datasets/TOBRFV-LMID/RGB/Pepper/I/Virus/V_13_RGB_0_26.tiff
train,Pepper\I\Virus,Virus,V_13,13,0,27,Datasets/TOBRFV-LMID/RGB/Pepper/I/Virus/V_13_RGB_0_27.tiff
train,Pepper\I\Virus,Virus,V_13,13,0,28,Datasets/TOBRFV-LMID/RGB/Pepper/I/Virus/V_13_RGB_0_28.tiff
train,Pepper\I\Virus,Virus,V_13,13,0,29,Datasets/TOBRFV-LMID/RGB/Pepper/I/Virus/V_13_RGB_0_29.tiff
train,Pepper\I\Virus,Virus,V_13,13,0,3,Datasets/TOBRFV-LMID/RGB/Pepper/I/Virus/V_13_RGB_0_3.tiff
train,Pepper\I\Virus,Virus,V_13,13,0,30,Datasets/TOBRFV-LMID/RGB/Pepper/I/Virus/V_13_RGB_0_30.tiff
train,Pepper\I\Virus,Virus,V_13,13,0,31,Datasets/TOBRFV-LMID/RGB/Pepper/I/Virus/V_13_RGB_0_31.tiff
train,Pepper\I\Virus,Virus,V_13,13,0,32,Datasets/TOBRFV-LMID/RGB/Pepper/I/Virus/V_13_RGB_0_32.tiff
train,Pepper\I\Virus,Virus,V_13,13,0,33,Datasets/TOBRFV-LMID/RGB/Pepper/I/Virus/V_13_RGB_0_33.tiff
train,Pepper\I\Virus,Virus,V_13,13,0,34,Datasets/TOBRFV-LMID/RGB/Pepper/I/Virus/V_13_RGB_0_34.tiff
train,Pepper\I\Virus,Virus,V_13,13,0,35,Datasets/TOBRFV-LMID/RGB/Pepper/I/Virus/V_13_RGB_0_35.tiff
train,Pepper\I\Virus,Virus,V_13,13,0,36,Datasets/TOBRFV-LMID/RGB/Pepper/I/Virus/V_13_RGB_0_36.tiff
train,Pepper\I\Virus,Virus,V_13,13,0,37,Datasets/TOBRFV-LMID/RGB/Pepper/I/Virus/V_13_RGB_0_37.tiff
train,Pepper\I\Virus,Virus,V_13,13,0,38,Datasets/TOBRFV-LMID/RGB/Pepper/I/Virus/V_13_RGB_0_38.tiff
train,Pepper\I\Virus,Virus,V_13,13,0,39,Datasets/TOBRFV-LMID/RGB/Pepper/I/Virus/V_13_RGB_0_39.tiff
train,Pepper\I\Virus,Virus,V_13,13,0,4,Datasets/TOBRFV-LMID/RGB/Pepper/I/Virus/V_13_RGB_0_4.tiff
train,Pepper\I\Virus,Virus,V_13,13,0,40,Datasets/TOBRFV-LMID/RGB/Pepper/I/Virus/V_13_RGB_0_40.tiff
train,Pepper\I\Virus,Virus,V_13,13,0,41,Datasets/TOBRFV-LMID/RGB/Pepper/I/Virus/V_13_RGB_0_41.tiff
train,Pepper\I\Virus,Virus,V_13,13,0,42,Datasets/TOBRFV-LMID/RGB/Pepper/I/Virus/V_13_RGB_0_42.tiff
train,Pepper\I\Virus,Virus,V_13,13,0,43,Datasets/TOBRFV-LMID/RGB/Pepper/I/Virus/V_13_RGB_0_43.tiff
train,Pepper\I\Virus,Virus,V_13,13,0,44,Datasets/TOBRFV-LMID/RGB/Pepper/I/Virus/V_13_RGB_0_44.tiff
train,Pepper\I\Virus,Virus,V_13,13,0,45,Datasets/TOBRFV-LMID/RGB/Pepper/I/Virus/V_13_RGB_0_45.tiff
train,Pepper\I\Virus,Virus,V_13,13,0,5,Datasets/TOBRFV-LMID/RGB/Pepper/I/Virus/V_13_RGB_0_5.tiff
train,Pepper\I\Virus,Virus,V_13,13,0,6,Datasets/TOBRFV-LMID/RGB/Pepper/I/Virus/V_13_RGB_0_6.tiff
train,Pepper\I\Virus,Virus,V_13,13,0,7,Datasets/TOBRFV-LMID/RGB/Pepper/I/Virus/V_13_RGB_0_7.tiff
train,Pepper\I\Virus,Virus,V_13,13,0,8,Datasets/TOBRFV-LMID/RGB/Pepper/I/Virus/V_13_RGB_0_8.tiff
train,Pepper\I\Virus,Virus,V_13,13,0,9,Datasets/TOBRFV-LMID/RGB/Pepper/I/Virus/V_13_RGB_0_9.tiff
train,Pepper\I\Virus,Virus,V_23,23,0,1,Datasets/TOBRFV-LMID/RGB/Pepper/I/Virus/V_23_RGB_0_1.tiff
train,Pepper\I\Virus,Virus,V_23,23,0,10,Datasets/TOBRFV-LMID/RGB/Pepper/I/Virus/V_23_RGB_0_10.tiff
train,Pepper\I\Virus,Virus,V_23,23,0,11,Datasets/TOBRFV-LMID/RGB/Pepper/I/Virus/V_23_RGB_0_11.tiff
train,Pepper\I\Virus,Virus,V_23,23,0,12,Datasets/TOBRFV-LMID/RGB/Pepper/I/Virus/V_23_RGB_0_12.tiff
train,Pepper\I\Virus,Virus,V_23,23,0,13,Datasets/TOBRFV-LMID/RGB/Pepper/I/Virus/V_23_RGB_0_13.tiff
train,Pepper\I\Virus,Virus,V_23,23,0,14,Datasets/TOBRFV-LMID/RGB/Pepper/I/Virus/V_23_RGB_0_14.tiff
train,Pepper\I\Virus,Virus,V_23,23,0,15,Datasets/TOBRFV-LMID/RGB/Pepper/I/Virus/V_23_RGB_0_15.tiff
train,Pepper\I\Virus,Virus,V_23,23,0,16,Datasets/TOBRFV-LMID/RGB/Pepper/I/Virus/V_23_RGB_0_16.tiff
train,Pepper\I\Virus,Virus,V_23,23,0,17,Datasets/TOBRFV-LMID/RGB/Pepper/I/Virus/V_23_RGB_0_17.tiff
train,Pepper\I\Virus,Virus,V_23,23,0,18,Datasets/TOBRFV-LMID/RGB/Pepper/I/Virus/V_23_RGB_0_18.tiff
train,Pepper\I\Virus,Virus,V_23,23,0,19,Datasets/TOBRFV-LMID/RGB/Pepper/I/Virus/V_23_RGB_0_19.tiff
train,Pepper\I\Virus,Virus,V_23,23,0,2,Datasets/TOBRFV-LMID/RGB/Pepper/I/Virus/V_23_RGB_0_2.tiff
train,Pepper\I\Virus,Virus,V_23,23,0,20,Datasets/TOBRFV-LMID/RGB/Pepper/I/Virus/V_23_RGB_0_20.tiff
train,Pepper\I\Virus,Virus,V_23,23,0,21,Datasets/TOBRFV-LMID/RGB/Pepper/I/Virus/V_23_RGB_0_21.tiff
train,Pepper\I\Virus,Virus,V_23,23,0,22,Datasets/TOBRFV-LMID/RGB/Pepper/I/Virus/V_23_RGB_0_22.tiff
train,Pepper\I\Virus,Virus,V_23,23,0,23,Datasets/TOBRFV-LMID/RGB/Pepper/I/Virus/V_23_RGB_0_23.tiff
train,Pepper\I\Virus,Virus,V_23,23,0,24,Datasets/TOBRFV-LMID/RGB/Pepper/I/Virus/V_23_RGB_0_24.tiff
train,Pepper\I\Virus,Virus,V_23,23,0,25,Datasets/TOBRFV-LMID/RGB/Pepper/I/Virus/V_23_RGB_0_25.tiff
train,Pepper\I\Virus,Virus,V_23,23,0,26,Datasets/TOBRFV-LMID/RGB/Pepper/I/Virus/V_23_RGB_0_26.tiff
train,Pepper\I\Virus,Virus,V_23,23,0,27,Datasets/TOBRFV-LMID/RGB/Pepper/I/Virus/V_23_RGB_0_27.tiff
train,Pepper\I\Virus,Virus,V_23,23,0,28,Datasets/TOBRFV-LMID/RGB/Pepper/I/Virus/V_23_RGB_0_28.tiff
train,Pepper\I\Virus,Virus,V_23,23,0,29,Datasets/TOBRFV-LMID/RGB/Pepper/I/Virus/V_23_RGB_0_29.tiff
train,Pepper\I\Virus,Virus,V_23,23,0,3,Datasets/TOBRFV-LMID/RGB/Pepper/I/Virus/V_23_RGB_0_3.tiff
train,Pepper\I\Virus,Virus,V_23,23,0,30,Datasets/TOBRFV-LMID/RGB/Pepper/I/Virus/V_23_RGB_0_30.tiff
train,Pepper\I\Virus,Virus,V_23,23,0,31,Datasets/TOBRFV-LMID/RGB/Pepper/I/Virus/V_23_RGB_0_31.tiff
train,Pepper\I\Virus,Virus,V_23,23,0,32,Datasets/TOBRFV-LMID/RGB/Pepper/I/Virus/V_23_RGB_0_32.tiff
train,Pepper\I\Virus,Virus,V_23,23,0,33,Datasets/TOBRFV-LMID/RGB/Pepper/I/Virus/V_23_RGB_0_33.tiff
train,Pepper\I\Virus,Virus,V_23,23,0,34,Datasets/TOBRFV-LMID/RGB/Pepper/I/Virus/V_23_RGB_0_34.tiff
train,Pepper\I\Virus,Virus,V_23,23,0,35,Datasets/TOBRFV-LMID/RGB/Pepper/I/Virus/V_23_RGB_0_35.tiff
train,Pepper\I\Virus,Virus,V_23,23,0,36,Datasets/TOBRFV-LMID/RGB/Pepper/I/Virus/V_23_RGB_0_36.tiff
train,Pepper\I\Virus,Virus,V_23,23,0,37,Datasets/TOBRFV-LMID/RGB/Pepper/I/Virus/V_23_RGB_0_37.tiff
train,Pepper\I\Virus,Virus,V_23,23,0,38,Datasets/TOBRFV-LMID/RGB/Pepper/I/Virus/V_23_RGB_0_38.tiff
train,Pepper\I\Virus,Virus,V_23,23,0,39,Datasets/TOBRFV-LMID/RGB/Pepper/I/Virus/V_23_RGB_0_39.tiff
train,Pepper\I\Virus,Virus,V_23,23,0,4,Datasets/TOBRFV-LMID/RGB/Pepper/I/Virus/V_23_RGB_0_4.tiff
train,Pepper\I\Virus,Virus,V_23,23,0,40,Datasets/TOBRFV-LMID/RGB/Pepper/I/Virus/V_23_RGB_0_40.tiff
train,Pepper\I\Virus,Virus,V_23,23,0,41,Datasets/TOBRFV-LMID/RGB/Pepper/I/Virus/V_23_RGB_0_41.tiff
train,Pepper\I\Virus,Virus,V_23,23,0,42,Datasets/TOBRFV-LMID/RGB/Pepper/I/Virus/V_23_RGB_0_42.tiff
train,Pepper\I\Virus,Virus,V_23,23,0,43,Datasets/TOBRFV-LMID/RGB/Pepper/I/Virus/V_23_RGB_0_43.tiff
train,Pepper\I\Virus,Virus,V_23,23,0,44,Datasets/TOBRFV-LMID/RGB/Pepper/I/Virus/V_23_RGB_0_44.tiff
train,Pepper\I\Virus,Virus,V_23,23,0,45,Datasets/TOBRFV-LMID/RGB/Pepper/I/Virus/V_23_RGB_0_45.tiff
train,Pepper\I\Virus,Virus,V_23,23,0,5,Datasets/TOBRFV-LMID/RGB/Pepper/I/Virus/V_23_RGB_0_5.tiff
train,Pepper\I\Virus,Virus,V_23,23,0,6,Datasets/TOBRFV-LMID/RGB/Pepper/I/Virus/V_23_RGB_0_6.tiff
train,Pepper\I\Virus,Virus,V_23,23,0,7,Datasets/TOBRFV-LMID/RGB/Pepper/I/Virus/V_23_RGB_0_7.tiff
train,Pepper\I\Virus,Virus,V_23,23,0,8,Datasets/TOBRFV-LMID/RGB/Pepper/I/Virus/V_23_RGB_0_8.tiff
train,Pepper\I\Virus,Virus,V_23,23,0,9,Datasets/TOBRFV-LMID/RGB/Pepper/I/Virus/V_23_RGB_0_9.tiff
train,Pepper\I\Virus,Virus,V_9,9,0,1,Datasets/TOBRFV-LMID/RGB/Pepper/I/Virus/V_9_RGB_0_1.tiff
train,Pepper\I\Virus,Virus,V_9,9,0,10,Datasets/TOBRFV-LMID/RGB/Pepper/I/Virus/V_9_RGB_0_10.tiff
train,Pepper\I\Virus,Virus,V_9,9,0,11,Datasets/TOBRFV-LMID/RGB/Pepper/I/Virus/V_9_RGB_0_11.tiff
train,Pepper\I\Virus,Virus,V_9,9,0,12,Datasets/TOBRFV-LMID/RGB/Pepper/I/Virus/V_9_RGB_0_12.tiff
train,Pepper\I\Virus,Virus,V_9,9,0,13,Datasets/TOBRFV-LMID/RGB/Pepper/I/Virus/V_9_RGB_0_13.tiff
train,Pepper\I\Virus,Virus,V_9,9,0,14,Datasets/TOBRFV-LMID/RGB/Pepper/I/Virus/V_9_RGB_0_14.tiff
train,Pepper\I\Virus,Virus,V_9,9,0,15,Datasets/TOBRFV-LMID/RGB/Pepper/I/Virus/V_9_RGB_0_15.tiff
train,Pepper\I\Virus,Virus,V_9,9,0,16,Datasets/TOBRFV-LMID/RGB/Pepper/I/Virus/V_9_RGB_0_16.tiff
train,Pepper\I\Virus,Virus,V_9,9,0,17,Datasets/TOBRFV-LMID/RGB/Pepper/I/Virus/V_9_RGB_0_17.tiff
train,Pepper\I\Virus,Virus,V_9,9,0,18,Datasets/TOBRFV-LMID/RGB/Pepper/I/Virus/V_9_RGB_0_18.tiff
train,Pepper\I\Virus,Virus,V_9,9,0,19,Datasets/TOBRFV-LMID/RGB/Pepper/I/Virus/V_9_RGB_0_19.tiff
train,Pepper\I\Virus,Virus,V_9,9,0,2,Datasets/TOBRFV-LMID/RGB/Pepper/I/Virus/V_9_RGB_0_2.tiff
train,Pepper\I\Virus,Virus,V_9,9,0,20,Datasets/TOBRFV-LMID/RGB/Pepper/I/Virus/V_9_RGB_0_20.tiff
train,Pepper\I\Virus,Virus,V_9,9,0,21,Datasets/TOBRFV-LMID/RGB/Pepper/I/Virus/V_9_RGB_0_21.tiff
train,Pepper\I\Virus,Virus,V_9,9,0,22,Datasets/TOBRFV-LMID/RGB/Pepper/I/Virus/V_9_RGB_0_22.tiff
train,Pepper\I\Virus,Virus,V_9,9,0,23,Datasets/TOBRFV-LMID/RGB/Pepper/I/Virus/V_9_RGB_0_23.tiff
train,Pepper\I\Virus,Virus,V_9,9,0,24,Datasets/TOBRFV-LMID/RGB/Pepper/I/Virus/V_9_RGB_0_24.tiff
train,Pepper\I\Virus,Virus,V_9,9,0,25,Datasets/TOBRFV-LMID/RGB/Pepper/I/Virus/V_9_RGB_0_25.tiff
train,Pepper\I\Virus,Virus,V_9,9,0,26,Datasets/TOBRFV-LMID/RGB/Pepper/I/Virus/V_9_RGB_0_26.tiff
train,Pepper\I\Virus,Virus,V_9,9,0,27,Datasets/TOBRFV-LMID/RGB/Pepper/I/Virus/V_9_RGB_0_27.tiff
train,Pepper\I\Virus,Virus,V_9,9,0,28,Datasets/TOBRFV-LMID/RGB/Pepper/I/Virus/V_9_RGB_0_28.tiff
train,Pepper\I\Virus,Virus,V_9,9,0,29,Datasets/TOBRFV-LMID/RGB/Pepper/I/Virus/V_9_RGB_0_29.tiff
train,Pepper\I\Virus,Virus,V_9,9,0,3,Datasets/TOBRFV-LMID/RGB/Pepper/I/Virus/V_9_RGB_0_3.tiff
train,Pepper\I\Virus,Virus,V_9,9,0,30,Datasets/TOBRFV-LMID/RGB/Pepper/I/Virus/V_9_RGB_0_30.tiff
train,Pepper\I\Virus,Virus,V_9,9,0,31,Datasets/TOBRFV-LMID/RGB/Pepper/I/Virus/V_9_RGB_0_31.tiff
train,Pepper\I\Virus,Virus,V_9,9,0,32,Datasets/TOBRFV-LMID/RGB/Pepper/I/Virus/V_9_RGB_0_32.tiff
train,Pepper\I\Virus,Virus,V_9,9,0,33,Datasets/TOBRFV-LMID/RGB/Pepper/I/Virus/V_9_RGB_0_33.tiff
train,Pepper\I\Virus,Virus,V_9,9,0,34,Datasets/TOBRFV-LMID/RGB/Pepper/I/Virus/V_9_RGB_0_34.tiff
train,Pepper\I\Virus,Virus,V_9,9,0,35,Datasets/TOBRFV-LMID/RGB/Pepper/I/Virus/V_9_RGB_0_35.tiff
train,Pepper\I\Virus,Virus,V_9,9,0,36,Datasets/TOBRFV-LMID/RGB/Pepper/I/Virus/V_9_RGB_0_36.tiff
train,Pepper\I\Virus,Virus,V_9,9,0,37,Datasets/TOBRFV-LMID/RGB/Pepper/I/Virus/V_9_RGB_0_37.tiff
train,Pepper\I\Virus,Virus,V_9,9,0,39,Datasets/TOBRFV-LMID/RGB/Pepper/I/Virus/V_9_RGB_0_39.tiff
train,Pepper\I\Virus,Virus,V_9,9,0,4,Datasets/TOBRFV-LMID/RGB/Pepper/I/Virus/V_9_RGB_0_4.tiff
train,Pepper\I\Virus,Virus,V_9,9,0,40,Datasets/TOBRFV-LMID/RGB/Pepper/I/Virus/V_9_RGB_0_40.tiff
train,Pepper\I\Virus,Virus,V_9,9,0,41,Datasets/TOBRFV-LMID/RGB/Pepper/I/Virus/V_9_RGB_0_41.tiff
train,Pepper\I\Virus,Virus,V_9,9,0,42,Datasets/TOBRFV-LMID/RGB/Pepper/I/Virus/V_9_RGB_0_42.tiff
train,Pepper\I\Virus,Virus,V_9,9,0,43,Datasets/TOBRFV-LMID/RGB/Pepper/I/Virus/V_9_RGB_0_43.tiff
train,Pepper\I\Virus,Virus,V_9,9,0,44,Datasets/TOBRFV-LMID/RGB/Pepper/I/Virus/V_9_RGB_0_44.tiff
train,Pepper\I\Virus,Virus,V_9,9,0,45,Datasets/TOBRFV-LMID/RGB/Pepper/I/Virus/V_9_RGB_0_45.tiff
train,Pepper\I\Virus,Virus,V_9,9,0,5,Datasets/TOBRFV-LMID/RGB/Pepper/I/Virus/V_9_RGB_0_5.tiff
train,Pepper\I\Virus,Virus,V_9,9,0,6,Datasets/TOBRFV-LMID/RGB/Pepper/I/Virus/V_9_RGB_0_6.tiff
train,Pepper\I\Virus,Virus,V_9,9,0,7,Datasets/TOBRFV-LMID/RGB/Pepper/I/Virus/V_9_RGB_0_7.tiff
train,Pepper\I\Virus,Virus,V_9,9,0,8,Datasets/TOBRFV-LMID/RGB/Pepper/I/Virus/V_9_RGB_0_8.tiff
train,Pepper\I\Virus,Virus,V_9,9,0,9,Datasets/TOBRFV-LMID/RGB/Pepper/I/Virus/V_9_RGB_0_9.tiff
train,Pepper\I\Virus,Virus,V_8,8,0,1,Datasets/TOBRFV-LMID/RGB/Pepper/I/Virus/V_8_RGB_0_1.tiff
train,Pepper\I\Virus,Virus,V_8,8,0,10,Datasets/TOBRFV-LMID/RGB/Pepper/I/Virus/V_8_RGB_0_10.tiff
train,Pepper\I\Virus,Virus,V_8,8,0,12,Datasets/TOBRFV-LMID/RGB/Pepper/I/Virus/V_8_RGB_0_12.tiff
train,Pepper\I\Virus,Virus,V_8,8,0,13,Datasets/TOBRFV-LMID/RGB/Pepper/I/Virus/V_8_RGB_0_13.tiff
train,Pepper\I\Virus,Virus,V_8,8,0,14,Datasets/TOBRFV-LMID/RGB/Pepper/I/Virus/V_8_RGB_0_14.tiff
train,Pepper\I\Virus,Virus,V_8,8,0,15,Datasets/TOBRFV-LMID/RGB/Pepper/I/Virus/V_8_RGB_0_15.tiff
train,Pepper\I\Virus,Virus,V_8,8,0,16,Datasets/TOBRFV-LMID/RGB/Pepper/I/Virus/V_8_RGB_0_16.tiff
train,Pepper\I\Virus,Virus,V_8,8,0,17,Datasets/TOBRFV-LMID/RGB/Pepper/I/Virus/V_8_RGB_0_17.tiff
train,Pepper\I\Virus,Virus,V_8,8,0,18,Datasets/TOBRFV-LMID/RGB/Pepper/I/Virus/V_8_RGB_0_18.tiff
train,Pepper\I\Virus,Virus,V_8,8,0,19,Datasets/TOBRFV-LMID/RGB/Pepper/I/Virus/V_8_RGB_0_19.tiff
train,Pepper\I\Virus,Virus,V_8,8,0,2,Datasets/TOBRFV-LMID/RGB/Pepper/I/Virus/V_8_RGB_0_2.tiff
train,Pepper\I\Virus,Virus,V_8,8,0,20,Datasets/TOBRFV-LMID/RGB/Pepper/I/Virus/V_8_RGB_0_20.tiff
train,Pepper\I\Virus,Virus,V_8,8,0,21,Datasets/TOBRFV-LMID/RGB/Pepper/I/Virus/V_8_RGB_0_21.tiff
train,Pepper\I\Virus,Virus,V_8,8,0,22,Datasets/TOBRFV-LMID/RGB/Pepper/I/Virus/V_8_RGB_0_22.tiff
train,Pepper\I\Virus,Virus,V_8,8,0,23,Datasets/TOBRFV-LMID/RGB/Pepper/I/Virus/V_8_RGB_0_23.tiff
train,Pepper\I\Virus,Virus,V_8,8,0,25,Datasets/TOBRFV-LMID/RGB/Pepper/I/Virus/V_8_RGB_0_25.tiff
train,Pepper\I\Virus,Virus,V_8,8,0,28,Datasets/TOBRFV-LMID/RGB/Pepper/I/Virus/V_8_RGB_0_28.tiff
train,Pepper\I\Virus,Virus,V_8,8,0,29,Datasets/TOBRFV-LMID/RGB/Pepper/I/Virus/V_8_RGB_0_29.tiff
train,Pepper\I\Virus,Virus,V_8,8,0,3,Datasets/TOBRFV-LMID/RGB/Pepper/I/Virus/V_8_RGB_0_3.tiff
train,Pepper\I\Virus,Virus,V_8,8,0,30,Datasets/TOBRFV-LMID/RGB/Pepper/I/Virus/V_8_RGB_0_30.tiff
train,Pepper\I\Virus,Virus,V_8,8,0,31,Datasets/TOBRFV-LMID/RGB/Pepper/I/Virus/V_8_RGB_0_31.tiff
train,Pepper\I\Virus,Virus,V_8,8,0,33,Datasets/TOBRFV-LMID/RGB/Pepper/I/Virus/V_8_RGB_0_33.tiff
train,Pepper\I\Virus,Virus,V_8,8,0,34,Datasets/TOBRFV-LMID/RGB/Pepper/I/Virus/V_8_RGB_0_34.tiff
train,Pepper\I\Virus,Virus,V_8,8,0,37,Datasets/TOBRFV-LMID/RGB/Pepper/I/Virus/V_8_RGB_0_37.tiff
train,Pepper\I\Virus,Virus,V_8,8,0,39,Datasets/TOBRFV-LMID/RGB/Pepper/I/Virus/V_8_RGB_0_39.tiff
train,Pepper\I\Virus,Virus,V_8,8,0,4,Datasets/TOBRFV-LMID/RGB/Pepper/I/Virus/V_8_RGB_0_4.tiff
train,Pepper\I\Virus,Virus,V_8,8,0,41,Datasets/TOBRFV-LMID/RGB/Pepper/I/Virus/V_8_RGB_0_41.tiff
train,Pepper\I\Virus,Virus,V_8,8,0,42,Datasets/TOBRFV-LMID/RGB/Pepper/I/Virus/V_8_RGB_0_42.tiff
train,Pepper\I\Virus,Virus,V_8,8,0,43,Datasets/TOBRFV-LMID/RGB/Pepper/I/Virus/V_8_RGB_0_43.tiff
train,Pepper\I\Virus,Virus,V_8,8,0,44,Datasets/TOBRFV-LMID/RGB/Pepper/I/Virus/V_8_RGB_0_44.tiff
train,Pepper\I\Virus,Virus,V_8,8,0,45,Datasets/TOBRFV-LMID/RGB/Pepper/I/Virus/V_8_RGB_0_45.tiff
train,Pepper\I\Virus,Virus,V_8,8,0,5,Datasets/TOBRFV-LMID/RGB/Pepper/I/Virus/V_8_RGB_0_5.tiff
train,Pepper\I\Virus,Virus,V_8,8,0,6,Datasets/TOBRFV-LMID/RGB/Pepper/I/Virus/V_8_RGB_0_6.tiff
train,Pepper\I\Virus,Virus,V_8,8,0,8,Datasets/TOBRFV-LMID/RGB/Pepper/I/Virus/V_8_RGB_0_8.tiff
train,Pepper\I\Virus,Virus,V_8,8,0,9,Datasets/TOBRFV-LMID/RGB/Pepper/I/Virus/V_8_RGB_0_9.tiff
train,Pepper\I\Virus,Virus,V_8,8,5,10,Datasets/TOBRFV-LMID/RGB/Pepper/I/Virus/V_8_RGB_5_10.tiff
train,Pepper\I\Virus,Virus,V_8,8,5,11,Datasets/TOBRFV-LMID/RGB/Pepper/I/Virus/V_8_RGB_5_11.tiff
train,Pepper\I\Virus,Virus,V_8,8,5,12,Datasets/TOBRFV-LMID/RGB/Pepper/I/Virus/V_8_RGB_5_12.tiff
train,Pepper\I\Virus,Virus,V_8,8,5,14,Datasets/TOBRFV-LMID/RGB/Pepper/I/Virus/V_8_RGB_5_14.tiff
train,Pepper\I\Virus,Virus,V_8,8,5,15,Datasets/TOBRFV-LMID/RGB/Pepper/I/Virus/V_8_RGB_5_15.tiff
train,Pepper\I\Virus,Virus,V_8,8,5,22,Datasets/TOBRFV-LMID/RGB/Pepper/I/Virus/V_8_RGB_5_22.tiff
train,Pepper\I\Virus,Virus,V_8,8,5,23,Datasets/TOBRFV-LMID/RGB/Pepper/I/Virus/V_8_RGB_5_23.tiff
train,Pepper\I\Virus,Virus,V_8,8,5,25,Datasets/TOBRFV-LMID/RGB/Pepper/I/Virus/V_8_RGB_5_25.tiff
train,Pepper\I\Virus,Virus,V_8,8,5,29,Datasets/TOBRFV-LMID/RGB/Pepper/I/Virus/V_8_RGB_5_29.tiff
train,Pepper\I\Virus,Virus,V_8,8,5,36,Datasets/TOBRFV-LMID/RGB/Pepper/I/Virus/V_8_RGB_5_36.tiff
train,Pepper\I\Virus,Virus,V_8,8,5,38,Datasets/TOBRFV-LMID/RGB/Pepper/I/Virus/V_8_RGB_5_38.tiff
train,Pepper\I\Virus,Virus,V_8,8,5,39,Datasets/TOBRFV-LMID/RGB/Pepper/I/Virus/V_8_RGB_5_39.tiff
train,Pepper\I\Virus,Virus,V_8,8,5,40,Datasets/TOBRFV-LMID/RGB/Pepper/I/Virus/V_8_RGB_5_40.tiff
train,Pepper\I\Virus,Virus,V_8,8,5,41,Datasets/TOBRFV-LMID/RGB/Pepper/I/Virus/V_8_RGB_5_41.tiff
train,Pepper\I\Virus,Virus,V_8,8,5,42,Datasets/TOBRFV-LMID/RGB/Pepper/I/Virus/V_8_RGB_5_42.tiff
train,Pepper\I\Virus,Virus,V_8,8,5,45,Datasets/TOBRFV-LMID/RGB/Pepper/I/Virus/V_8_RGB_5_45.tiff
train,Pepper\I\Virus,Virus,V_8,8,5,6,Datasets/TOBRFV-LMID/RGB/Pepper/I/Virus/V_8_RGB_5_6.tiff
train,Pepper\I\Virus,Virus,V_8,8,5,7,Datasets/TOBRFV-LMID/RGB/Pepper/I/Virus/V_8_RGB_5_7.tiff
train,Pepper\I\Virus,Virus,V_8,8,5,8,Datasets/TOBRFV-LMID/RGB/Pepper/I/Virus/V_8_RGB_5_8.tiff
train,Pepper\I\Virus,Virus,V_8,8,5,9,Datasets/TOBRFV-LMID/RGB/Pepper/I/Virus/V_8_RGB_5_9.tiff
train,Pepper\I\Virus,Virus,V_17,17,0,12,Datasets/TOBRFV-LMID/RGB/Pepper/I/Virus/V_17_RGB_0_12.tiff
train,Pepper\I\Virus,Virus,V_17,17,0,13,Datasets/TOBRFV-LMID/RGB/Pepper/I/Virus/V_17_RGB_0_13.tiff
train,Pepper\I\Virus,Virus,V_17,17,0,14,Datasets/TOBRFV-LMID/RGB/Pepper/I/Virus/V_17_RGB_0_14.tiff
train,Pepper\I\Virus,Virus,V_17,17,0,15,Datasets/TOBRFV-LMID/RGB/Pepper/I/Virus/V_17_RGB_0_15.tiff
train,Pepper\I\Virus,Virus,V_17,17,0,16,Datasets/TOBRFV-LMID/RGB/Pepper/I/Virus/V_17_RGB_0_16.tiff
train,Pepper\I\Virus,Virus,V_17,17,0,17,Datasets/TOBRFV-LMID/RGB/Pepper/I/Virus/V_17_RGB_0_17.tiff
train,Pepper\I\Virus,Virus,V_17,17,0,18,Datasets/TOBRFV-LMID/RGB/Pepper/I/Virus/V_17_RGB_0_18.tiff
train,Pepper\I\Virus,Virus,V_17,17,0,19,Datasets/TOBRFV-LMID/RGB/Pepper/I/Virus/V_17_RGB_0_19.tiff
train,Pepper\I\Virus,Virus,V_17,17,0,2,Datasets/TOBRFV-LMID/RGB/Pepper/I/Virus/V_17_RGB_0_2.tiff
train,Pepper\I\Virus,Virus,V_17,17,0,20,Datasets/TOBRFV-LMID/RGB/Pepper/I/Virus/V_17_RGB_0_20.tiff
train,Pepper\I\Virus,Virus,V_17,17,0,21,Datasets/TOBRFV-LMID/RGB/Pepper/I/Virus/V_17_RGB_0_21.tiff
train,Pepper\I\Virus,Virus,V_17,17,0,22,Datasets/TOBRFV-LMID/RGB/Pepper/I/Virus/V_17_RGB_0_22.tiff
train,Pepper\I\Virus,Virus,V_17,17,0,23,Datasets/TOBRFV-LMID/RGB/Pepper/I/Virus/V_17_RGB_0_23.tiff
train,Pepper\I\Virus,Virus,V_17,17,0,24,Datasets/TOBRFV-LMID/RGB/Pepper/I/Virus/V_17_RGB_0_24.tiff
train,Pepper\I\Virus,Virus,V_17,17,0,25,Datasets/TOBRFV-LMID/RGB/Pepper/I/Virus/V_17_RGB_0_25.tiff
train,Pepper\I\Virus,Virus,V_17,17,0,26,Datasets/TOBRFV-LMID/RGB/Pepper/I/Virus/V_17_RGB_0_26.tiff
train,Pepper\I\Virus,Virus,V_17,17,0,27,Datasets/TOBRFV-LMID/RGB/Pepper/I/Virus/V_17_RGB_0_27.tiff
train,Pepper\I\Virus,Virus,V_17,17,0,28,Datasets/TOBRFV-LMID/RGB/Pepper/I/Virus/V_17_RGB_0_28.tiff
train,Pepper\I\Virus,Virus,V_17,17,0,29,Datasets/TOBRFV-LMID/RGB/Pepper/I/Virus/V_17_RGB_0_29.tiff
train,Pepper\I\Virus,Virus,V_17,17,0,30,Datasets/TOBRFV-LMID/RGB/Pepper/I/Virus/V_17_RGB_0_30.tiff
train,Pepper\I\Virus,Virus,V_17,17,0,32,Datasets/TOBRFV-LMID/RGB/Pepper/I/Virus/V_17_RGB_0_32.tiff
train,Pepper\I\Virus,Virus,V_17,17,0,34,Datasets/TOBRFV-LMID/RGB/Pepper/I/Virus/V_17_RGB_0_34.tiff
train,Pepper\I\Virus,Virus,V_17,17,0,35,Datasets/TOBRFV-LMID/RGB/Pepper/I/Virus/V_17_RGB_0_35.tiff
train,Pepper\I\Virus,Virus,V_17,17,0,36,Datasets/TOBRFV-LMID/RGB/Pepper/I/Virus/V_17_RGB_0_36.tiff
train,Pepper\I\Virus,Virus,V_17,17,0,37,Datasets/TOBRFV-LMID/RGB/Pepper/I/Virus/V_17_RGB_0_37.tiff
train,Pepper\I\Virus,Virus,V_17,17,0,38,Datasets/TOBRFV-LMID/RGB/Pepper/I/Virus/V_17_RGB_0_38.tiff
train,Pepper\I\Virus,Virus,V_17,17,0,39,Datasets/TOBRFV-LMID/RGB/Pepper/I/Virus/V_17_RGB_0_39.tiff
train,Pepper\I\Virus,Virus,V_17,17,0,4,Datasets/TOBRFV-LMID/RGB/Pepper/I/Virus/V_17_RGB_0_4.tiff
train,Pepper\I\Virus,Virus,V_17,17,0,40,Datasets/TOBRFV-LMID/RGB/Pepper/I/Virus/V_17_RGB_0_40.tiff
train,Pepper\I\Virus,Virus,V_17,17,0,41,Datasets/TOBRFV-LMID/RGB/Pepper/I/Virus/V_17_RGB_0_41.tiff
train,Pepper\I\Virus,Virus,V_17,17,0,42,Datasets/TOBRFV-LMID/RGB/Pepper/I/Virus/V_17_RGB_0_42.tiff
train,Pepper\I\Virus,Virus,V_17,17,0,43,Datasets/TOBRFV-LMID/RGB/Pepper/I/Virus/V_17_RGB_0_43.tiff
train,Pepper\I\Virus,Virus,V_17,17,0,44,Datasets/TOBRFV-LMID/RGB/Pepper/I/Virus/V_17_RGB_0_44.tiff
train,Pepper\I\Virus,Virus,V_17,17,0,45,Datasets/TOBRFV-LMID/RGB/Pepper/I/Virus/V_17_RGB_0_45.tiff
train,Pepper\I\Virus,Virus,V_17,17,0,5,Datasets/TOBRFV-LMID/RGB/Pepper/I/Virus/V_17_RGB_0_5.tiff
train,Pepper\I\Virus,Virus,V_17,17,0,6,Datasets/TOBRFV-LMID/RGB/Pepper/I/Virus/V_17_RGB_0_6.tiff
train,Pepper\I\Virus,Virus,V_17,17,0,7,Datasets/TOBRFV-LMID/RGB/Pepper/I/Virus/V_17_RGB_0_7.tiff
train,Pepper\I\Virus,Virus,V_17,17,0,8,Datasets/TOBRFV-LMID/RGB/Pepper/I/Virus/V_17_RGB_0_8.tiff
train,Pepper\I\Virus,Virus,V_17,17,0,9,Datasets/TOBRFV-LMID/RGB/Pepper/I/Virus/V_17_RGB_0_9.tiff
train,Pepper\I\Virus,Virus,V_11,11,0,1,Datasets/TOBRFV-LMID/RGB/Pepper/I/Virus/V_11_RGB_0_1.tiff
train,Pepper\I\Virus,Virus,V_11,11,0,11,Datasets/TOBRFV-LMID/RGB/Pepper/I/Virus/V_11_RGB_0_11.tiff
train,Pepper\I\Virus,Virus,V_11,11,0,12,Datasets/TOBRFV-LMID/RGB/Pepper/I/Virus/V_11_RGB_0_12.tiff
train,Pepper\I\Virus,Virus,V_11,11,0,13,Datasets/TOBRFV-LMID/RGB/Pepper/I/Virus/V_11_RGB_0_13.tiff
train,Pepper\I\Virus,Virus,V_11,11,0,14,Datasets/TOBRFV-LMID/RGB/Pepper/I/Virus/V_11_RGB_0_14.tiff
train,Pepper\I\Virus,Virus,V_11,11,0,15,Datasets/TOBRFV-LMID/RGB/Pepper/I/Virus/V_11_RGB_0_15.tiff
train,Pepper\I\Virus,Virus,V_11,11,0,16,Datasets/TOBRFV-LMID/RGB/Pepper/I/Virus/V_11_RGB_0_16.tiff
train,Pepper\I\Virus,Virus,V_11,11,0,17,Datasets/TOBRFV-LMID/RGB/Pepper/I/Virus/V_11_RGB_0_17.tiff
train,Pepper\I\Virus,Virus,V_11,11,0,18,Datasets/TOBRFV-LMID/RGB/Pepper/I/Virus/V_11_RGB_0_18.tiff
train,Pepper\I\Virus,Virus,V_11,11,0,19,Datasets/TOBRFV-LMID/RGB/Pepper/I/Virus/V_11_RGB_0_19.tiff
train,Pepper\I\Virus,Virus,V_11,11,0,2,Datasets/TOBRFV-LMID/RGB/Pepper/I/Virus/V_11_RGB_0_2.tiff
train,Pepper\I\Virus,Virus,V_11,11,0,20,Datasets/TOBRFV-LMID/RGB/Pepper/I/Virus/V_11_RGB_0_20.tiff
train,Pepper\I\Virus,Virus,V_11,11,0,21,Datasets/TOBRFV-LMID/RGB/Pepper/I/Virus/V_11_RGB_0_21.tiff
train,Pepper\I\Virus,Virus,V_11,11,0,22,Datasets/TOBRFV-LMID/RGB/Pepper/I/Virus/V_11_RGB_0_22.tiff
train,Pepper\I\Virus,Virus,V_11,11,0,23,Datasets/TOBRFV-LMID/RGB/Pepper/I/Virus/V_11_RGB_0_23.tiff
train,Pepper\I\Virus,Virus,V_11,11,0,24,Datasets/TOBRFV-LMID/RGB/Pepper/I/Virus/V_11_RGB_0_24.tiff
train,Pepper\I\Virus,Virus,V_11,11,0,25,Datasets/TOBRFV-LMID/RGB/Pepper/I/Virus/V_11_RGB_0_25.tiff
train,Pepper\I\Virus,Virus,V_11,11,0,27,Datasets/TOBRFV-LMID/RGB/Pepper/I/Virus/V_11_RGB_0_27.tiff
train,Pepper\I\Virus,Virus,V_11,11,0,28,Datasets/TOBRFV-LMID/RGB/Pepper/I/Virus/V_11_RGB_0_28.tiff
train,Pepper\I\Virus,Virus,V_11,11,0,29,Datasets/TOBRFV-LMID/RGB/Pepper/I/Virus/V_11_RGB_0_29.tiff
train,Pepper\I\Virus,Virus,V_11,11,0,3,Datasets/TOBRFV-LMID/RGB/Pepper/I/Virus/V_11_RGB_0_3.tiff
train,Pepper\I\Virus,Virus,V_11,11,0,30,Datasets/TOBRFV-LMID/RGB/Pepper/I/Virus/V_11_RGB_0_30.tiff
train,Pepper\I\Virus,Virus,V_11,11,0,31,Datasets/TOBRFV-LMID/RGB/Pepper/I/Virus/V_11_RGB_0_31.tiff
train,Pepper\I\Virus,Virus,V_11,11,0,32,Datasets/TOBRFV-LMID/RGB/Pepper/I/Virus/V_11_RGB_0_32.tiff
train,Pepper\I\Virus,Virus,V_11,11,0,33,Datasets/TOBRFV-LMID/RGB/Pepper/I/Virus/V_11_RGB_0_33.tiff
train,Pepper\I\Virus,Virus,V_11,11,0,34,Datasets/TOBRFV-LMID/RGB/Pepper/I/Virus/V_11_RGB_0_34.tiff
train,Pepper\I\Virus,Virus,V_11,11,0,35,Datasets/TOBRFV-LMID/RGB/Pepper/I/Virus/V_11_RGB_0_35.tiff
train,Pepper\I\Virus,Virus,V_11,11,0,36,Datasets/TOBRFV-LMID/RGB/Pepper/I/Virus/V_11_RGB_0_36.tiff
train,Pepper\I\Virus,Virus,V_11,11,0,37,Datasets/TOBRFV-LMID/RGB/Pepper/I/Virus/V_11_RGB_0_37.tiff
train,Pepper\I\Virus,Virus,V_11,11,0,39,Datasets/TOBRFV-LMID/RGB/Pepper/I/Virus/V_11_RGB_0_39.tiff
train,Pepper\I\Virus,Virus,V_11,11,0,4,Datasets/TOBRFV-LMID/RGB/Pepper/I/Virus/V_11_RGB_0_4.tiff
train,Pepper\I\Virus,Virus,V_11,11,0,40,Datasets/TOBRFV-LMID/RGB/Pepper/I/Virus/V_11_RGB_0_40.tiff
train,Pepper\I\Virus,Virus,V_11,11,0,41,Datasets/TOBRFV-LMID/RGB/Pepper/I/Virus/V_11_RGB_0_41.tiff
train,Pepper\I\Virus,Virus,V_11,11,0,42,Datasets/TOBRFV-LMID/RGB/Pepper/I/Virus/V_11_RGB_0_42.tiff
train,Pepper\I\Virus,Virus,V_11,11,0,43,Datasets/TOBRFV-LMID/RGB/Pepper/I/Virus/V_11_RGB_0_43.tiff
train,Pepper\I\Virus,Virus,V_11,11,0,44,Datasets/TOBRFV-LMID/RGB/Pepper/I/Virus/V_11_RGB_0_44.tiff
train,Pepper\I\Virus,Virus,V_11,11,0,45,Datasets/TOBRFV-LMID/RGB/Pepper/I/Virus/V_11_RGB_0_45.tiff
train,Pepper\I\Virus,Virus,V_11,11,0,5,Datasets/TOBRFV-LMID/RGB/Pepper/I/Virus/V_11_RGB_0_5.tiff
train,Pepper\I\Virus,Virus,V_11,11,0,6,Datasets/TOBRFV-LMID/RGB/Pepper/I/Virus/V_11_RGB_0_6.tiff
train,Pepper\I\Virus,Virus,V_11,11,0,7,Datasets/TOBRFV-LMID/RGB/Pepper/I/Virus/V_11_RGB_0_7.tiff
train,Pepper\I\Virus,Virus,V_11,11,0,8,Datasets/TOBRFV-LMID/RGB/Pepper/I/Virus/V_11_RGB_0_8.tiff
train,Pepper\I\Virus,Virus,V_11,11,0,9,Datasets/TOBRFV-LMID/RGB/Pepper/I/Virus/V_11_RGB_0_9.tiff
train,Tomato\II\Healthy,Healthy,H_21,21,0,1,Datasets/TOBRFV-LMID/RGB/Tomato/II/Healthy/H_21_RGB_0_1.tiff
train,Tomato\II\Healthy,Healthy,H_21,21,0,10,Datasets/TOBRFV-LMID/RGB/Tomato/II/Healthy/H_21_RGB_0_10.tiff
train,Tomato\II\Healthy,Healthy,H_21,21,0,11,Datasets/TOBRFV-LMID/RGB/Tomato/II/Healthy/H_21_RGB_0_11.tiff
train,Tomato\II\Healthy,Healthy,H_21,21,0,12,Datasets/TOBRFV-LMID/RGB/Tomato/II/Healthy/H_21_RGB_0_12.tiff
train,Tomato\II\Healthy,Healthy,H_21,21,0,13,Datasets/TOBRFV-LMID/RGB/Tomato/II/Healthy/H_21_RGB_0_13.tiff
train,Tomato\II\Healthy,Healthy,H_21,21,0,14,Datasets/TOBRFV-LMID/RGB/Tomato/II/Healthy/H_21_RGB_0_14.tiff
train,Tomato\II\Healthy,Healthy,H_21,21,0,15,Datasets/TOBRFV-LMID/RGB/Tomato/II/Healthy/H_21_RGB_0_15.tiff
train,Tomato\II\Healthy,Healthy,H_21,21,0,16,Datasets/TOBRFV-LMID/RGB/Tomato/II/Healthy/H_21_RGB_0_16.tiff
train,Tomato\II\Healthy,Healthy,H_21,21,0,17,Datasets/TOBRFV-LMID/RGB/Tomato/II/Healthy/H_21_RGB_0_17.tiff
train,Tomato\II\Healthy,Healthy,H_21,21,0,18,Datasets/TOBRFV-LMID/RGB/Tomato/II/Healthy/H_21_RGB_0_18.tiff
train,Tomato\II\Healthy,Healthy,H_21,21,0,19,Datasets/TOBRFV-LMID/RGB/Tomato/II/Healthy/H_21_RGB_0_19.tiff
train,Tomato\II\Healthy,Healthy,H_21,21,0,2,Datasets/TOBRFV-LMID/RGB/Tomato/II/Healthy/H_21_RGB_0_2.tiff
train,Tomato\II\Healthy,Healthy,H_21,21,0,20,Datasets/TOBRFV-LMID/RGB/Tomato/II/Healthy/H_21_RGB_0_20.tiff
train,Tomato\II\Healthy,Healthy,H_21,21,0,21,Datasets/TOBRFV-LMID/RGB/Tomato/II/Healthy/H_21_RGB_0_21.tiff
train,Tomato\II\Healthy,Healthy,H_21,21,0,22,Datasets/TOBRFV-LMID/RGB/Tomato/II/Healthy/H_21_RGB_0_22.tiff
train,Tomato\II\Healthy,Healthy,H_21,21,0,23,Datasets/TOBRFV-LMID/RGB/Tomato/II/Healthy/H_21_RGB_0_23.tiff
train,Tomato\II\Healthy,Healthy,H_21,21,0,24,Datasets/TOBRFV-LMID/RGB/Tomato/II/Healthy/H_21_RGB_0_24.tiff
train,Tomato\II\Healthy,Healthy,H_21,21,0,25,Datasets/TOBRFV-LMID/RGB/Tomato/II/Healthy/H_21_RGB_0_25.tiff
train,Tomato\II\Healthy,Healthy,H_21,21,0,26,Datasets/TOBRFV-LMID/RGB/Tomato/II/Healthy/H_21_RGB_0_26.tiff
train,Tomato\II\Healthy,Healthy,H_21,21,0,27,Datasets/TOBRFV-LMID/RGB/Tomato/II/Healthy/H_21_RGB_0_27.tiff
train,Tomato\II\Healthy,Healthy,H_21,21,0,28,Datasets/TOBRFV-LMID/RGB/Tomato/II/Healthy/H_21_RGB_0_28.tiff
train,Tomato\II\Healthy,Healthy,H_21,21,0,29,Datasets/TOBRFV-LMID/RGB/Tomato/II/Healthy/H_21_RGB_0_29.tiff
train,Tomato\II\Healthy,Healthy,H_21,21,0,3,Datasets/TOBRFV-LMID/RGB/Tomato/II/Healthy/H_21_RGB_0_3.tiff
train,Tomato\II\Healthy,Healthy,H_21,21,0,30,Datasets/TOBRFV-LMID/RGB/Tomato/II/Healthy/H_21_RGB_0_30.tiff
train,Tomato\II\Healthy,Healthy,H_21,21,0,32,Datasets/TOBRFV-LMID/RGB/Tomato/II/Healthy/H_21_RGB_0_32.tiff
train,Tomato\II\Healthy,Healthy,H_21,21,0,33,Datasets/TOBRFV-LMID/RGB/Tomato/II/Healthy/H_21_RGB_0_33.tiff
train,Tomato\II\Healthy,Healthy,H_21,21,0,34,Datasets/TOBRFV-LMID/RGB/Tomato/II/Healthy/H_21_RGB_0_34.tiff
train,Tomato\II\Healthy,Healthy,H_21,21,0,35,Datasets/TOBRFV-LMID/RGB/Tomato/II/Healthy/H_21_RGB_0_35.tiff
train,Tomato\II\Healthy,Healthy,H_21,21,0,36,Datasets/TOBRFV-LMID/RGB/Tomato/II/Healthy/H_21_RGB_0_36.tiff
train,Tomato\II\Healthy,Healthy,H_21,21,0,37,Datasets/TOBRFV-LMID/RGB/Tomato/II/Healthy/H_21_RGB_0_37.tiff
train,Tomato\II\Healthy,Healthy,H_21,21,0,38,Datasets/TOBRFV-LMID/RGB/Tomato/II/Healthy/H_21_RGB_0_38.tiff
train,Tomato\II\Healthy,Healthy,H_21,21,0,39,Datasets/TOBRFV-LMID/RGB/Tomato/II/Healthy/H_21_RGB_0_39.tiff
train,Tomato\II\Healthy,Healthy,H_21,21,0,4,Datasets/TOBRFV-LMID/RGB/Tomato/II/Healthy/H_21_RGB_0_4.tiff
train,Tomato\II\Healthy,Healthy,H_21,21,0,40,Datasets/TOBRFV-LMID/RGB/Tomato/II/Healthy/H_21_RGB_0_40.tiff
train,Tomato\II\Healthy,Healthy,H_21,21,0,5,Datasets/TOBRFV-LMID/RGB/Tomato/II/Healthy/H_21_RGB_0_5.tiff
train,Tomato\II\Healthy,Healthy,H_21,21,0,6,Datasets/TOBRFV-LMID/RGB/Tomato/II/Healthy/H_21_RGB_0_6.tiff
train,Tomato\II\Healthy,Healthy,H_21,21,0,7,Datasets/TOBRFV-LMID/RGB/Tomato/II/Healthy/H_21_RGB_0_7.tiff
train,Tomato\II\Healthy,Healthy,H_21,21,0,8,Datasets/TOBRFV-LMID/RGB/Tomato/II/Healthy/H_21_RGB_0_8.tiff
train,Tomato\II\Healthy,Healthy,H_21,21,0,9,Datasets/TOBRFV-LMID/RGB/Tomato/II/Healthy/H_21_RGB_0_9.tiff
train,Tomato\II\Healthy,Healthy,H_21,21,15,1,Datasets/TOBRFV-LMID/RGB/Tomato/II/Healthy/H_21_RGB_15_1.tiff
train,Tomato\II\Healthy,Healthy,H_21,21,15,10,Datasets/TOBRFV-LMID/RGB/Tomato/II/Healthy/H_21_RGB_15_10.tiff
train,Tomato\II\Healthy,Healthy,H_21,21,15,11,Datasets/TOBRFV-LMID/RGB/Tomato/II/Healthy/H_21_RGB_15_11.tiff
train,Tomato\II\Healthy,Healthy,H_21,21,15,12,Datasets/TOBRFV-LMID/RGB/Tomato/II/Healthy/H_21_RGB_15_12.tiff
train,Tomato\II\Healthy,Healthy,H_21,21,15,13,Datasets/TOBRFV-LMID/RGB/Tomato/II/Healthy/H_21_RGB_15_13.tiff
train,Tomato\II\Healthy,Healthy,H_21,21,15,14,Datasets/TOBRFV-LMID/RGB/Tomato/II/Healthy/H_21_RGB_15_14.tiff
train,Tomato\II\Healthy,Healthy,H_21,21,15,15,Datasets/TOBRFV-LMID/RGB/Tomato/II/Healthy/H_21_RGB_15_15.tiff
train,Tomato\II\Healthy,Healthy,H_21,21,15,16,Datasets/TOBRFV-LMID/RGB/Tomato/II/Healthy/H_21_RGB_15_16.tiff
train,Tomato\II\Healthy,Healthy,H_21,21,15,17,Datasets/TOBRFV-LMID/RGB/Tomato/II/Healthy/H_21_RGB_15_17.tiff
train,Tomato\II\Healthy,Healthy,H_21,21,15,18,Datasets/TOBRFV-LMID/RGB/Tomato/II/Healthy/H_21_RGB_15_18.tiff
train,Tomato\II\Healthy,Healthy,H_21,21,15,19,Datasets/TOBRFV-LMID/RGB/Tomato/II/Healthy/H_21_RGB_15_19.tiff
train,Tomato\II\Healthy,Healthy,H_21,21,15,2,Datasets/TOBRFV-LMID/RGB/Tomato/II/Healthy/H_21_RGB_15_2.tiff
train,Tomato\II\Healthy,Healthy,H_21,21,15,20,Datasets/TOBRFV-LMID/RGB/Tomato/II/Healthy/H_21_RGB_15_20.tiff
train,Tomato\II\Healthy,Healthy,H_21,21,15,21,Datasets/TOBRFV-LMID/RGB/Tomato/II/Healthy/H_21_RGB_15_21.tiff
train,Tomato\II\Healthy,Healthy,H_21,21,15,22,Datasets/TOBRFV-LMID/RGB/Tomato/II/Healthy/H_21_RGB_15_22.tiff
train,Tomato\II\Healthy,Healthy,H_21,21,15,23,Datasets/TOBRFV-LMID/RGB/Tomato/II/Healthy/H_21_RGB_15_23.tiff
train,Tomato\II\Healthy,Healthy,H_21,21,15,24,Datasets/TOBRFV-LMID/RGB/Tomato/II/Healthy/H_21_RGB_15_24.tiff
train,Tomato\II\Healthy,Healthy,H_21,21,15,25,Datasets/TOBRFV-LMID/RGB/Tomato/II/Healthy/H_21_RGB_15_25.tiff
train,Tomato\II\Healthy,Healthy,H_21,21,15,28,Datasets/TOBRFV-LMID/RGB/Tomato/II/Healthy/H_21_RGB_15_28.tiff
train,Tomato\II\Healthy,Healthy,H_21,21,15,29,Datasets/TOBRFV-LMID/RGB/Tomato/II/Healthy/H_21_RGB_15_29.tiff
train,Tomato\II\Healthy,Healthy,H_21,21,15,30,Datasets/TOBRFV-LMID/RGB/Tomato/II/Healthy/H_21_RGB_15_30.tiff
train,Tomato\II\Healthy,Healthy,H_21,21,15,31,Datasets/TOBRFV-LMID/RGB/Tomato/II/Healthy/H_21_RGB_15_31.tiff
train,Tomato\II\Healthy,Healthy,H_21,21,15,32,Datasets/TOBRFV-LMID/RGB/Tomato/II/Healthy/H_21_RGB_15_32.tiff
train,Tomato\II\Healthy,Healthy,H_21,21,15,33,Datasets/TOBRFV-LMID/RGB/Tomato/II/Healthy/H_21_RGB_15_33.tiff
train,Tomato\II\Healthy,Healthy,H_21,21,15,34,Datasets/TOBRFV-LMID/RGB/Tomato/II/Healthy/H_21_RGB_15_34.tiff
train,Tomato\II\Healthy,Healthy,H_21,21,15,35,Datasets/TOBRFV-LMID/RGB/Tomato/II/Healthy/H_21_RGB_15_35.tiff
train,Tomato\II\Healthy,Healthy,H_21,21,15,36,Datasets/TOBRFV-LMID/RGB/Tomato/II/Healthy/H_21_RGB_15_36.tiff
train,Tomato\II\Healthy,Healthy,H_21,21,15,37,Datasets/TOBRFV-LMID/RGB/Tomato/II/Healthy/H_21_RGB_15_37.tiff
train,Tomato\II\Healthy,Healthy,H_21,21,15,38,Datasets/TOBRFV-LMID/RGB/Tomato/II/Healthy/H_21_RGB_15_38.tiff
train,Tomato\II\Healthy,Healthy,H_21,21,15,39,Datasets/TOBRFV-LMID/RGB/Tomato/II/Healthy/H_21_RGB_15_39.tiff
train,Tomato\II\Healthy,Healthy,H_21,21,15,4,Datasets/TOBRFV-LMID/RGB/Tomato/II/Healthy/H_21_RGB_15_4.tiff
train,Tomato\II\Healthy,Healthy,H_21,21,15,5,Datasets/TOBRFV-LMID/RGB/Tomato/II/Healthy/H_21_RGB_15_5.tiff
train,Tomato\II\Healthy,Healthy,H_21,21,15,6,Datasets/TOBRFV-LMID/RGB/Tomato/II/Healthy/H_21_RGB_15_6.tiff
train,Tomato\II\Healthy,Healthy,H_21,21,15,7,Datasets/TOBRFV-LMID/RGB/Tomato/II/Healthy/H_21_RGB_15_7.tiff
train,Tomato\II\Healthy,Healthy,H_21,21,15,8,Datasets/TOBRFV-LMID/RGB/Tomato/II/Healthy/H_21_RGB_15_8.tiff
train,Tomato\II\Healthy,Healthy,H_21,21,15,9,Datasets/TOBRFV-LMID/RGB/Tomato/II/Healthy/H_21_RGB_15_9.tiff
train,Tomato\II\Healthy,Healthy,H_11,11,0,1,Datasets/TOBRFV-LMID/RGB/Tomato/II/Healthy/H_11_RGB_0_1.tiff
train,Tomato\II\Healthy,Healthy,H_11,11,0,10,Datasets/TOBRFV-LMID/RGB/Tomato/II/Healthy/H_11_RGB_0_10.tiff
train,Tomato\II\Healthy,Healthy,H_11,11,0,11,Datasets/TOBRFV-LMID/RGB/Tomato/II/Healthy/H_11_RGB_0_11.tiff
train,Tomato\II\Healthy,Healthy,H_11,11,0,12,Datasets/TOBRFV-LMID/RGB/Tomato/II/Healthy/H_11_RGB_0_12.tiff
train,Tomato\II\Healthy,Healthy,H_11,11,0,13,Datasets/TOBRFV-LMID/RGB/Tomato/II/Healthy/H_11_RGB_0_13.tiff
train,Tomato\II\Healthy,Healthy,H_11,11,0,14,Datasets/TOBRFV-LMID/RGB/Tomato/II/Healthy/H_11_RGB_0_14.tiff
train,Tomato\II\Healthy,Healthy,H_11,11,0,15,Datasets/TOBRFV-LMID/RGB/Tomato/II/Healthy/H_11_RGB_0_15.tiff
train,Tomato\II\Healthy,Healthy,H_11,11,0,16,Datasets/TOBRFV-LMID/RGB/Tomato/II/Healthy/H_11_RGB_0_16.tiff
train,Tomato\II\Healthy,Healthy,H_11,11,0,17,Datasets/TOBRFV-LMID/RGB/Tomato/II/Healthy/H_11_RGB_0_17.tiff
train,Tomato\II\Healthy,Healthy,H_11,11,0,18,Datasets/TOBRFV-LMID/RGB/Tomato/II/Healthy/H_11_RGB_0_18.tiff
train,Tomato\II\Healthy,Healthy,H_11,11,0,19,Datasets/TOBRFV-LMID/RGB/Tomato/II/Healthy/H_11_RGB_0_19.tiff
train,Tomato\II\Healthy,Healthy,H_11,11,0,2,Datasets/TOBRFV-LMID/RGB/Tomato/II/Healthy/H_11_RGB_0_2.tiff
train,Tomato\II\Healthy,Healthy,H_11,11,0,20,Datasets/TOBRFV-LMID/RGB/Tomato/II/Healthy/H_11_RGB_0_20.tiff
train,Tomato\II\Healthy,Healthy,H_11,11,0,21,Datasets/TOBRFV-LMID/RGB/Tomato/II/Healthy/H_11_RGB_0_21.tiff
train,Tomato\II\Healthy,Healthy,H_11,11,0,22,Datasets/TOBRFV-LMID/RGB/Tomato/II/Healthy/H_11_RGB_0_22.tiff
train,Tomato\II\Healthy,Healthy,H_11,11,0,23,Datasets/TOBRFV-LMID/RGB/Tomato/II/Healthy/H_11_RGB_0_23.tiff
train,Tomato\II\Healthy,Healthy,H_11,11,0,24,Datasets/TOBRFV-LMID/RGB/Tomato/II/Healthy/H_11_RGB_0_24.tiff
train,Tomato\II\Healthy,Healthy,H_11,11,0,25,Datasets/TOBRFV-LMID/RGB/Tomato/II/Healthy/H_11_RGB_0_25.tiff
train,Tomato\II\Healthy,Healthy,H_11,11,0,26,Datasets/TOBRFV-LMID/RGB/Tomato/II/Healthy/H_11_RGB_0_26.tiff
train,Tomato\II\Healthy,Healthy,H_11,11,0,27,Datasets/TOBRFV-LMID/RGB/Tomato/II/Healthy/H_11_RGB_0_27.tiff
train,Tomato\II\Healthy,Healthy,H_11,11,0,28,Datasets/TOBRFV-LMID/RGB/Tomato/II/Healthy/H_11_RGB_0_28.tiff
train,Tomato\II\Healthy,Healthy,H_11,11,0,29,Datasets/TOBRFV-LMID/RGB/Tomato/II/Healthy/H_11_RGB_0_29.tiff
train,Tomato\II\Healthy,Healthy,H_11,11,0,3,Datasets/TOBRFV-LMID/RGB/Tomato/II/Healthy/H_11_RGB_0_3.tiff
train,Tomato\II\Healthy,Healthy,H_11,11,0,30,Datasets/TOBRFV-LMID/RGB/Tomato/II/Healthy/H_11_RGB_0_30.tiff
train,Tomato\II\Healthy,Healthy,H_11,11,0,31,Datasets/TOBRFV-LMID/RGB/Tomato/II/Healthy/H_11_RGB_0_31.tiff
train,Tomato\II\Healthy,Healthy,H_11,11,0,32,Datasets/TOBRFV-LMID/RGB/Tomato/II/Healthy/H_11_RGB_0_32.tiff
train,Tomato\II\Healthy,Healthy,H_11,11,0,33,Datasets/TOBRFV-LMID/RGB/Tomato/II/Healthy/H_11_RGB_0_33.tiff
train,Tomato\II\Healthy,Healthy,H_11,11,0,34,Datasets/TOBRFV-LMID/RGB/Tomato/II/Healthy/H_11_RGB_0_34.tiff
train,Tomato\II\Healthy,Healthy,H_11,11,0,35,Datasets/TOBRFV-LMID/RGB/Tomato/II/Healthy/H_11_RGB_0_35.tiff
train,Tomato\II\Healthy,Healthy,H_11,11,0,36,Datasets/TOBRFV-LMID/RGB/Tomato/II/Healthy/H_11_RGB_0_36.tiff
train,Tomato\II\Healthy,Healthy,H_11,11,0,37,Datasets/TOBRFV-LMID/RGB/Tomato/II/Healthy/H_11_RGB_0_37.tiff
train,Tomato\II\Healthy,Healthy,H_11,11,0,38,Datasets/TOBRFV-LMID/RGB/Tomato/II/Healthy/H_11_RGB_0_38.tiff
train,Tomato\II\Healthy,Healthy,H_11,11,0,39,Datasets/TOBRFV-LMID/RGB/Tomato/II/Healthy/H_11_RGB_0_39.tiff
train,Tomato\II\Healthy,Healthy,H_11,11,0,4,Datasets/TOBRFV-LMID/RGB/Tomato/II/Healthy/H_11_RGB_0_4.tiff
train,Tomato\II\Healthy,Healthy,H_11,11,0,40,Datasets/TOBRFV-LMID/RGB/Tomato/II/Healthy/H_11_RGB_0_40.tiff
train,Tomato\II\Healthy,Healthy,H_11,11,0,5,Datasets/TOBRFV-LMID/RGB/Tomato/II/Healthy/H_11_RGB_0_5.tiff
train,Tomato\II\Healthy,Healthy,H_11,11,0,6,Datasets/TOBRFV-LMID/RGB/Tomato/II/Healthy/H_11_RGB_0_6.tiff
train,Tomato\II\Healthy,Healthy,H_11,11,0,7,Datasets/TOBRFV-LMID/RGB/Tomato/II/Healthy/H_11_RGB_0_7.tiff
train,Tomato\II\Healthy,Healthy,H_11,11,0,8,Datasets/TOBRFV-LMID/RGB/Tomato/II/Healthy/H_11_RGB_0_8.tiff
train,Tomato\II\Healthy,Healthy,H_11,11,0,9,Datasets/TOBRFV-LMID/RGB/Tomato/II/Healthy/H_11_RGB_0_9.tiff
train,Tomato\II\Healthy,Healthy,H_11,11,5,1,Datasets/TOBRFV-LMID/RGB/Tomato/II/Healthy/H_11_RGB_5_1.tiff
train,Tomato\II\Healthy,Healthy,H_11,11,5,10,Datasets/TOBRFV-LMID/RGB/Tomato/II/Healthy/H_11_RGB_5_10.tiff
train,Tomato\II\Healthy,Healthy,H_11,11,5,11,Datasets/TOBRFV-LMID/RGB/Tomato/II/Healthy/H_11_RGB_5_11.tiff
train,Tomato\II\Healthy,Healthy,H_11,11,5,12,Datasets/TOBRFV-LMID/RGB/Tomato/II/Healthy/H_11_RGB_5_12.tiff
train,Tomato\II\Healthy,Healthy,H_11,11,5,13,Datasets/TOBRFV-LMID/RGB/Tomato/II/Healthy/H_11_RGB_5_13.tiff
train,Tomato\II\Healthy,Healthy,H_11,11,5,14,Datasets/TOBRFV-LMID/RGB/Tomato/II/Healthy/H_11_RGB_5_14.tiff
train,Tomato\II\Healthy,Healthy,H_11,11,5,15,Datasets/TOBRFV-LMID/RGB/Tomato/II/Healthy/H_11_RGB_5_15.tiff
train,Tomato\II\Healthy,Healthy,H_11,11,5,16,Datasets/TOBRFV-LMID/RGB/Tomato/II/Healthy/H_11_RGB_5_16.tiff
train,Tomato\II\Healthy,Healthy,H_11,11,5,17,Datasets/TOBRFV-LMID/RGB/Tomato/II/Healthy/H_11_RGB_5_17.tiff
train,Tomato\II\Healthy,Healthy,H_11,11,5,18,Datasets/TOBRFV-LMID/RGB/Tomato/II/Healthy/H_11_RGB_5_18.tiff
train,Tomato\II\Healthy,Healthy,H_11,11,5,19,Datasets/TOBRFV-LMID/RGB/Tomato/II/Healthy/H_11_RGB_5_19.tiff
train,Tomato\II\Healthy,Healthy,H_11,11,5,2,Datasets/TOBRFV-LMID/RGB/Tomato/II/Healthy/H_11_RGB_5_2.tiff
train,Tomato\II\Healthy,Healthy,H_11,11,5,20,Datasets/TOBRFV-LMID/RGB/Tomato/II/Healthy/H_11_RGB_5_20.tiff
train,Tomato\II\Healthy,Healthy,H_11,11,5,21,Datasets/TOBRFV-LMID/RGB/Tomato/II/Healthy/H_11_RGB_5_21.tiff
train,Tomato\II\Healthy,Healthy,H_11,11,5,22,Datasets/TOBRFV-LMID/RGB/Tomato/II/Healthy/H_11_RGB_5_22.tiff
train,Tomato\II\Healthy,Healthy,H_11,11,5,23,Datasets/TOBRFV-LMID/RGB/Tomato/II/Healthy/H_11_RGB_5_23.tiff
train,Tomato\II\Healthy,Healthy,H_11,11,5,24,Datasets/TOBRFV-LMID/RGB/Tomato/II/Healthy/H_11_RGB_5_24.tiff
train,Tomato\II\Healthy,Healthy,H_11,11,5,25,Datasets/TOBRFV-LMID/RGB/Tomato/II/Healthy/H_11_RGB_5_25.tiff
train,Tomato\II\Healthy,Healthy,H_11,11,5,26,Datasets/TOBRFV-LMID/RGB/Tomato/II/Healthy/H_11_RGB_5_26.tiff
train,Tomato\II\Healthy,Healthy,H_11,11,5,27,Datasets/TOBRFV-LMID/RGB/Tomato/II/Healthy/H_11_RGB_5_27.tiff
train,Tomato\II\Healthy,Healthy,H_11,11,5,28,Datasets/TOBRFV-LMID/RGB/Tomato/II/Healthy/H_11_RGB_5_28.tiff
train,Tomato\II\Healthy,Healthy,H_11,11,5,29,Datasets/TOBRFV-LMID/RGB/Tomato/II/Healthy/H_11_RGB_5_29.tiff
train,Tomato\II\Healthy,Healthy,H_11,11,5,3,Datasets/TOBRFV-LMID/RGB/Tomato/II/Healthy/H_11_RGB_5_3.tiff
train,Tomato\II\Healthy,Healthy,H_11,11,5,30,Datasets/TOBRFV-LMID/RGB/Tomato/II/Healthy/H_11_RGB_5_30.tiff
train,Tomato\II\Healthy,Healthy,H_11,11,5,31,Datasets/TOBRFV-LMID/RGB/Tomato/II/Healthy/H_11_RGB_5_31.tiff
train,Tomato\II\Healthy,Healthy,H_11,11,5,32,Datasets/TOBRFV-LMID/RGB/Tomato/II/Healthy/H_11_RGB_5_32.tiff
train,Tomato\II\Healthy,Healthy,H_11,11,5,33,Datasets/TOBRFV-LMID/RGB/Tomato/II/Healthy/H_11_RGB_5_33.tiff
train,Tomato\II\Healthy,Healthy,H_11,11,5,34,Datasets/TOBRFV-LMID/RGB/Tomato/II/Healthy/H_11_RGB_5_34.tiff
train,Tomato\II\Healthy,Healthy,H_11,11,5,35,Datasets/TOBRFV-LMID/RGB/Tomato/II/Healthy/H_11_RGB_5_35.tiff
train,Tomato\II\Healthy,Healthy,H_11,11,5,37,Datasets/TOBRFV-LMID/RGB/Tomato/II/Healthy/H_11_RGB_5_37.tiff
train,Tomato\II\Healthy,Healthy,H_11,11,5,38,Datasets/TOBRFV-LMID/RGB/Tomato/II/Healthy/H_11_RGB_5_38.tiff
train,Tomato\II\Healthy,Healthy,H_11,11,5,4,Datasets/TOBRFV-LMID/RGB/Tomato/II/Healthy/H_11_RGB_5_4.tiff
train,Tomato\II\Healthy,Healthy,H_11,11,5,40,Datasets/TOBRFV-LMID/RGB/Tomato/II/Healthy/H_11_RGB_5_40.tiff
train,Tomato\II\Healthy,Healthy,H_11,11,5,5,Datasets/TOBRFV-LMID/RGB/Tomato/II/Healthy/H_11_RGB_5_5.tiff
train,Tomato\II\Healthy,Healthy,H_11,11,5,6,Datasets/TOBRFV-LMID/RGB/Tomato/II/Healthy/H_11_RGB_5_6.tiff
train,Tomato\II\Healthy,Healthy,H_11,11,5,8,Datasets/TOBRFV-LMID/RGB/Tomato/II/Healthy/H_11_RGB_5_8.tiff
train,Tomato\II\Healthy,Healthy,H_11,11,5,9,Datasets/TOBRFV-LMID/RGB/Tomato/II/Healthy/H_11_RGB_5_9.tiff
train,Tomato\II\Healthy,Healthy,H_19,19,0,1,Datasets/TOBRFV-LMID/RGB/Tomato/II/Healthy/H_19_RGB_0_1.tiff
train,Tomato\II\Healthy,Healthy,H_19,19,0,12,Datasets/TOBRFV-LMID/RGB/Tomato/II/Healthy/H_19_RGB_0_12.tiff
train,Tomato\II\Healthy,Healthy,H_19,19,0,13,Datasets/TOBRFV-LMID/RGB/Tomato/II/Healthy/H_19_RGB_0_13.tiff
train,Tomato\II\Healthy,Healthy,H_19,19,0,14,Datasets/TOBRFV-LMID/RGB/Tomato/II/Healthy/H_19_RGB_0_14.tiff
train,Tomato\II\Healthy,Healthy,H_19,19,0,15,Datasets/TOBRFV-LMID/RGB/Tomato/II/Healthy/H_19_RGB_0_15.tiff
train,Tomato\II\Healthy,Healthy,H_19,19,0,16,Datasets/TOBRFV-LMID/RGB/Tomato/II/Healthy/H_19_RGB_0_16.tiff
train,Tomato\II\Healthy,Healthy,H_19,19,0,17,Datasets/TOBRFV-LMID/RGB/Tomato/II/Healthy/H_19_RGB_0_17.tiff
train,Tomato\II\Healthy,Healthy,H_19,19,0,18,Datasets/TOBRFV-LMID/RGB/Tomato/II/Healthy/H_19_RGB_0_18.tiff
train,Tomato\II\Healthy,Healthy,H_19,19,0,19,Datasets/TOBRFV-LMID/RGB/Tomato/II/Healthy/H_19_RGB_0_19.tiff
train,Tomato\II\Healthy,Healthy,H_19,19,0,2,Datasets/TOBRFV-LMID/RGB/Tomato/II/Healthy/H_19_RGB_0_2.tiff
train,Tomato\II\Healthy,Healthy,H_19,19,0,20,Datasets/TOBRFV-LMID/RGB/Tomato/II/Healthy/H_19_RGB_0_20.tiff
train,Tomato\II\Healthy,Healthy,H_19,19,0,21,Datasets/TOBRFV-LMID/RGB/Tomato/II/Healthy/H_19_RGB_0_21.tiff
train,Tomato\II\Healthy,Healthy,H_19,19,0,22,Datasets/TOBRFV-LMID/RGB/Tomato/II/Healthy/H_19_RGB_0_22.tiff
train,Tomato\II\Healthy,Healthy,H_19,19,0,23,Datasets/TOBRFV-LMID/RGB/Tomato/II/Healthy/H_19_RGB_0_23.tiff
train,Tomato\II\Healthy,Healthy,H_19,19,0,24,Datasets/TOBRFV-LMID/RGB/Tomato/II/Healthy/H_19_RGB_0_24.tiff
train,Tomato\II\Healthy,Healthy,H_19,19,0,25,Datasets/TOBRFV-LMID/RGB/Tomato/II/Healthy/H_19_RGB_0_25.tiff
train,Tomato\II\Healthy,Healthy,H_19,19,0,26,Datasets/TOBRFV-LMID/RGB/Tomato/II/Healthy/H_19_RGB_0_26.tiff
train,Tomato\II\Healthy,Healthy,H_19,19,0,27,Datasets/TOBRFV-LMID/RGB/Tomato/II/Healthy/H_19_RGB_0_27.tiff
train,Tomato\II\Healthy,Healthy,H_19,19,0,28,Datasets/TOBRFV-LMID/RGB/Tomato/II/Healthy/H_19_RGB_0_28.tiff
train,Tomato\II\Healthy,Healthy,H_19,19,0,29,Datasets/TOBRFV-LMID/RGB/Tomato/II/Healthy/H_19_RGB_0_29.tiff
train,Tomato\II\Healthy,Healthy,H_19,19,0,3,Datasets/TOBRFV-LMID/RGB/Tomato/II/Healthy/H_19_RGB_0_3.tiff
train,Tomato\II\Healthy,Healthy,H_19,19,0,30,Datasets/TOBRFV-LMID/RGB/Tomato/II/Healthy/H_19_RGB_0_30.tiff
train,Tomato\II\Healthy,Healthy,H_19,19,0,31,Datasets/TOBRFV-LMID/RGB/Tomato/II/Healthy/H_19_RGB_0_31.tiff
train,Tomato\II\Healthy,Healthy,H_19,19,0,32,Datasets/TOBRFV-LMID/RGB/Tomato/II/Healthy/H_19_RGB_0_32.tiff
train,Tomato\II\Healthy,Healthy,H_19,19,0,33,Datasets/TOBRFV-LMID/RGB/Tomato/II/Healthy/H_19_RGB_0_33.tiff
train,Tomato\II\Healthy,Healthy,H_19,19,0,34,Datasets/TOBRFV-LMID/RGB/Tomato/II/Healthy/H_19_RGB_0_34.tiff
train,Tomato\II\Healthy,Healthy,H_19,19,0,35,Datasets/TOBRFV-LMID/RGB/Tomato/II/Healthy/H_19_RGB_0_35.tiff
train,Tomato\II\Healthy,Healthy,H_19,19,0,36,Datasets/TOBRFV-LMID/RGB/Tomato/II/Healthy/H_19_RGB_0_36.tiff
train,Tomato\II\Healthy,Healthy,H_19,19,0,37,Datasets/TOBRFV-LMID/RGB/Tomato/II/Healthy/H_19_RGB_0_37.tiff
train,Tomato\II\Healthy,Healthy,H_19,19,0,38,Datasets/TOBRFV-LMID/RGB/Tomato/II/Healthy/H_19_RGB_0_38.tiff
train,Tomato\II\Healthy,Healthy,H_19,19,0,39,Datasets/TOBRFV-LMID/RGB/Tomato/II/Healthy/H_19_RGB_0_39.tiff
train,Tomato\II\Healthy,Healthy,H_19,19,0,4,Datasets/TOBRFV-LMID/RGB/Tomato/II/Healthy/H_19_RGB_0_4.tiff
train,Tomato\II\Healthy,Healthy,H_19,19,0,5,Datasets/TOBRFV-LMID/RGB/Tomato/II/Healthy/H_19_RGB_0_5.tiff
train,Tomato\II\Healthy,Healthy,H_19,19,0,6,Datasets/TOBRFV-LMID/RGB/Tomato/II/Healthy/H_19_RGB_0_6.tiff
train,Tomato\II\Healthy,Healthy,H_19,19,0,7,Datasets/TOBRFV-LMID/RGB/Tomato/II/Healthy/H_19_RGB_0_7.tiff
train,Tomato\II\Healthy,Healthy,H_19,19,0,8,Datasets/TOBRFV-LMID/RGB/Tomato/II/Healthy/H_19_RGB_0_8.tiff
train,Tomato\II\Healthy,Healthy,H_19,19,0,9,Datasets/TOBRFV-LMID/RGB/Tomato/II/Healthy/H_19_RGB_0_9.tiff
train,Tomato\II\Healthy,Healthy,H_19,19,15,1,Datasets/TOBRFV-LMID/RGB/Tomato/II/Healthy/H_19_RGB_15_1.tiff
train,Tomato\II\Healthy,Healthy,H_19,19,15,10,Datasets/TOBRFV-LMID/RGB/Tomato/II/Healthy/H_19_RGB_15_10.tiff
train,Tomato\II\Healthy,Healthy,H_19,19,15,11,Datasets/TOBRFV-LMID/RGB/Tomato/II/Healthy/H_19_RGB_15_11.tiff
train,Tomato\II\Healthy,Healthy,H_19,19,15,12,Datasets/TOBRFV-LMID/RGB/Tomato/II/Healthy/H_19_RGB_15_12.tiff
train,Tomato\II\Healthy,Healthy,H_19,19,15,13,Datasets/TOBRFV-LMID/RGB/Tomato/II/Healthy/H_19_RGB_15_13.tiff
train,Tomato\II\Healthy,Healthy,H_19,19,15,14,Datasets/TOBRFV-LMID/RGB/Tomato/II/Healthy/H_19_RGB_15_14.tiff
train,Tomato\II\Healthy,Healthy,H_19,19,15,15,Datasets/TOBRFV-LMID/RGB/Tomato/II/Healthy/H_19_RGB_15_15.tiff
train,Tomato\II\Healthy,Healthy,H_19,19,15,16,Datasets/TOBRFV-LMID/RGB/Tomato/II/Healthy/H_19_RGB_15_16.tiff
train,Tomato\II\Healthy,Healthy,H_19,19,15,17,Datasets/TOBRFV-LMID/RGB/Tomato/II/Healthy/H_19_RGB_15_17.tiff
train,Tomato\II\Healthy,Healthy,H_19,19,15,18,Datasets/TOBRFV-LMID/RGB/Tomato/II/Healthy/H_19_RGB_15_18.tiff
train,Tomato\II\Healthy,Healthy,H_19,19,15,19,Datasets/TOBRFV-LMID/RGB/Tomato/II/Healthy/H_19_RGB_15_19.tiff
train,Tomato\II\Healthy,Healthy,H_19,19,15,2,Datasets/TOBRFV-LMID/RGB/Tomato/II/Healthy/H_19_RGB_15_2.tiff
train,Tomato\II\Healthy,Healthy,H_19,19,15,20,Datasets/TOBRFV-LMID/RGB/Tomato/II/Healthy/H_19_RGB_15_20.tiff
train,Tomato\II\Healthy,Healthy,H_19,19,15,21,Datasets/TOBRFV-LMID/RGB/Tomato/II/Healthy/H_19_RGB_15_21.tiff
train,Tomato\II\Healthy,Healthy,H_19,19,15,22,Datasets/TOBRFV-LMID/RGB/Tomato/II/Healthy/H_19_RGB_15_22.tiff
train,Tomato\II\Healthy,Healthy,H_19,19,15,23,Datasets/TOBRFV-LMID/RGB/Tomato/II/Healthy/H_19_RGB_15_23.tiff
train,Tomato\II\Healthy,Healthy,H_19,19,15,24,Datasets/TOBRFV-LMID/RGB/Tomato/II/Healthy/H_19_RGB_15_24.tiff
train,Tomato\II\Healthy,Healthy,H_19,19,15,25,Datasets/TOBRFV-LMID/RGB/Tomato/II/Healthy/H_19_RGB_15_25.tiff
train,Tomato\II\Healthy,Healthy,H_19,19,15,3,Datasets/TOBRFV-LMID/RGB/Tomato/II/Healthy/H_19_RGB_15_3.tiff
train,Tomato\II\Healthy,Healthy,H_19,19,15,34,Datasets/TOBRFV-LMID/RGB/Tomato/II/Healthy/H_19_RGB_15_34.tiff
train,Tomato\II\Healthy,Healthy,H_19,19,15,35,Datasets/TOBRFV-LMID/RGB/Tomato/II/Healthy/H_19_RGB_15_35.tiff
train,Tomato\II\Healthy,Healthy,H_19,19,15,36,Datasets/TOBRFV-LMID/RGB/Tomato/II/Healthy/H_19_RGB_15_36.tiff
train,Tomato\II\Healthy,Healthy,H_19,19,15,37,Datasets/TOBRFV-LMID/RGB/Tomato/II/Healthy/H_19_RGB_15_37.tiff
train,Tomato\II\Healthy,Healthy,H_19,19,15,38,Datasets/TOBRFV-LMID/RGB/Tomato/II/Healthy/H_19_RGB_15_38.tiff
train,Tomato\II\Healthy,Healthy,H_19,19,15,39,Datasets/TOBRFV-LMID/RGB/Tomato/II/Healthy/H_19_RGB_15_39.tiff
train,Tomato\II\Healthy,Healthy,H_19,19,15,4,Datasets/TOBRFV-LMID/RGB/Tomato/II/Healthy/H_19_RGB_15_4.tiff
train,Tomato\II\Healthy,Healthy,H_19,19,15,40,Datasets/TOBRFV-LMID/RGB/Tomato/II/Healthy/H_19_RGB_15_40.tiff
train,Tomato\II\Healthy,Healthy,H_19,19,15,5,Datasets/TOBRFV-LMID/RGB/Tomato/II/Healthy/H_19_RGB_15_5.tiff
train,Tomato\II\Healthy,Healthy,H_19,19,15,6,Datasets/TOBRFV-LMID/RGB/Tomato/II/Healthy/H_19_RGB_15_6.tiff
train,Tomato\II\Healthy,Healthy,H_19,19,15,7,Datasets/TOBRFV-LMID/RGB/Tomato/II/Healthy/H_19_RGB_15_7.tiff
train,Tomato\II\Healthy,Healthy,H_19,19,15,8,Datasets/TOBRFV-LMID/RGB/Tomato/II/Healthy/H_19_RGB_15_8.tiff
train,Tomato\II\Healthy,Healthy,H_19,19,15,9,Datasets/TOBRFV-LMID/RGB/Tomato/II/Healthy/H_19_RGB_15_9.tiff
train,Tomato\II\Healthy,Healthy,H_25,25,0,1,Datasets/TOBRFV-LMID/RGB/Tomato/II/Healthy/H_25_RGB_0_1.tiff
train,Tomato\II\Healthy,Healthy,H_25,25,0,12,Datasets/TOBRFV-LMID/RGB/Tomato/II/Healthy/H_25_RGB_0_12.tiff
train,Tomato\II\Healthy,Healthy,H_25,25,0,13,Datasets/TOBRFV-LMID/RGB/Tomato/II/Healthy/H_25_RGB_0_13.tiff
train,Tomato\II\Healthy,Healthy,H_25,25,0,14,Datasets/TOBRFV-LMID/RGB/Tomato/II/Healthy/H_25_RGB_0_14.tiff
train,Tomato\II\Healthy,Healthy,H_25,25,0,15,Datasets/TOBRFV-LMID/RGB/Tomato/II/Healthy/H_25_RGB_0_15.tiff
train,Tomato\II\Healthy,Healthy,H_25,25,0,16,Datasets/TOBRFV-LMID/RGB/Tomato/II/Healthy/H_25_RGB_0_16.tiff
train,Tomato\II\Healthy,Healthy,H_25,25,0,17,Datasets/TOBRFV-LMID/RGB/Tomato/II/Healthy/H_25_RGB_0_17.tiff
train,Tomato\II\Healthy,Healthy,H_25,25,0,18,Datasets/TOBRFV-LMID/RGB/Tomato/II/Healthy/H_25_RGB_0_18.tiff
train,Tomato\II\Healthy,Healthy,H_25,25,0,19,Datasets/TOBRFV-LMID/RGB/Tomato/II/Healthy/H_25_RGB_0_19.tiff
train,Tomato\II\Healthy,Healthy,H_25,25,0,2,Datasets/TOBRFV-LMID/RGB/Tomato/II/Healthy/H_25_RGB_0_2.tiff
train,Tomato\II\Healthy,Healthy,H_25,25,0,20,Datasets/TOBRFV-LMID/RGB/Tomato/II/Healthy/H_25_RGB_0_20.tiff
train,Tomato\II\Healthy,Healthy,H_25,25,0,21,Datasets/TOBRFV-LMID/RGB/Tomato/II/Healthy/H_25_RGB_0_21.tiff
train,Tomato\II\Healthy,Healthy,H_25,25,0,22,Datasets/TOBRFV-LMID/RGB/Tomato/II/Healthy/H_25_RGB_0_22.tiff
train,Tomato\II\Healthy,Healthy,H_25,25,0,24,Datasets/TOBRFV-LMID/RGB/Tomato/II/Healthy/H_25_RGB_0_24.tiff
train,Tomato\II\Healthy,Healthy,H_25,25,0,25,Datasets/TOBRFV-LMID/RGB/Tomato/II/Healthy/H_25_RGB_0_25.tiff
train,Tomato\II\Healthy,Healthy,H_25,25,0,26,Datasets/TOBRFV-LMID/RGB/Tomato/II/Healthy/H_25_RGB_0_26.tiff
train,Tomato\II\Healthy,Healthy,H_25,25,0,27,Datasets/TOBRFV-LMID/RGB/Tomato/II/Healthy/H_25_RGB_0_27.tiff
train,Tomato\II\Healthy,Healthy,H_25,25,0,28,Datasets/TOBRFV-LMID/RGB/Tomato/II/Healthy/H_25_RGB_0_28.tiff
train,Tomato\II\Healthy,Healthy,H_25,25,0,29,Datasets/TOBRFV-LMID/RGB/Tomato/II/Healthy/H_25_RGB_0_29.tiff
train,Tomato\II\Healthy,Healthy,H_25,25,0,3,Datasets/TOBRFV-LMID/RGB/Tomato/II/Healthy/H_25_RGB_0_3.tiff
train,Tomato\II\Healthy,Healthy,H_25,25,0,30,Datasets/TOBRFV-LMID/RGB/Tomato/II/Healthy/H_25_RGB_0_30.tiff
train,Tomato\II\Healthy,Healthy,H_25,25,0,31,Datasets/TOBRFV-LMID/RGB/Tomato/II/Healthy/H_25_RGB_0_31.tiff
train,Tomato\II\Healthy,Healthy,H_25,25,0,32,Datasets/TOBRFV-LMID/RGB/Tomato/II/Healthy/H_25_RGB_0_32.tiff
train,Tomato\II\Healthy,Healthy,H_25,25,0,33,Datasets/TOBRFV-LMID/RGB/Tomato/II/Healthy/H_25_RGB_0_33.tiff
train,Tomato\II\Healthy,Healthy,H_25,25,0,34,Datasets/TOBRFV-LMID/RGB/Tomato/II/Healthy/H_25_RGB_0_34.tiff
train,Tomato\II\Healthy,Healthy,H_25,25,0,35,Datasets/TOBRFV-LMID/RGB/Tomato/II/Healthy/H_25_RGB_0_35.tiff
train,Tomato\II\Healthy,Healthy,H_25,25,0,36,Datasets/TOBRFV-LMID/RGB/Tomato/II/Healthy/H_25_RGB_0_36.tiff
train,Tomato\II\Healthy,Healthy,H_25,25,0,37,Datasets/TOBRFV-LMID/RGB/Tomato/II/Healthy/H_25_RGB_0_37.tiff
train,Tomato\II\Healthy,Healthy,H_25,25,0,38,Datasets/TOBRFV-LMID/RGB/Tomato/II/Healthy/H_25_RGB_0_38.tiff
train,Tomato\II\Healthy,Healthy,H_25,25,0,39,Datasets/TOBRFV-LMID/RGB/Tomato/II/Healthy/H_25_RGB_0_39.tiff
train,Tomato\II\Healthy,Healthy,H_25,25,0,4,Datasets/TOBRFV-LMID/RGB/Tomato/II/Healthy/H_25_RGB_0_4.tiff
train,Tomato\II\Healthy,Healthy,H_25,25,0,5,Datasets/TOBRFV-LMID/RGB/Tomato/II/Healthy/H_25_RGB_0_5.tiff
train,Tomato\II\Healthy,Healthy,H_25,25,0,6,Datasets/TOBRFV-LMID/RGB/Tomato/II/Healthy/H_25_RGB_0_6.tiff
train,Tomato\II\Healthy,Healthy,H_25,25,0,7,Datasets/TOBRFV-LMID/RGB/Tomato/II/Healthy/H_25_RGB_0_7.tiff
train,Tomato\II\Healthy,Healthy,H_25,25,0,8,Datasets/TOBRFV-LMID/RGB/Tomato/II/Healthy/H_25_RGB_0_8.tiff
train,Tomato\II\Healthy,Healthy,H_25,25,0,9,Datasets/TOBRFV-LMID/RGB/Tomato/II/Healthy/H_25_RGB_0_9.tiff
train,Tomato\II\Healthy,Healthy,H_25,25,15,1,Datasets/TOBRFV-LMID/RGB/Tomato/II/Healthy/H_25_RGB_15_1.tiff
train,Tomato\II\Healthy,Healthy,H_25,25,15,10,Datasets/TOBRFV-LMID/RGB/Tomato/II/Healthy/H_25_RGB_15_10.tiff
train,Tomato\II\Healthy,Healthy,H_25,25,15,11,Datasets/TOBRFV-LMID/RGB/Tomato/II/Healthy/H_25_RGB_15_11.tiff
train,Tomato\II\Healthy,Healthy,H_25,25,15,12,Datasets/TOBRFV-LMID/RGB/Tomato/II/Healthy/H_25_RGB_15_12.tiff
train,Tomato\II\Healthy,Healthy,H_25,25,15,13,Datasets/TOBRFV-LMID/RGB/Tomato/II/Healthy/H_25_RGB_15_13.tiff
train,Tomato\II\Healthy,Healthy,H_25,25,15,14,Datasets/TOBRFV-LMID/RGB/Tomato/II/Healthy/H_25_RGB_15_14.tiff
train,Tomato\II\Healthy,Healthy,H_25,25,15,15,Datasets/TOBRFV-LMID/RGB/Tomato/II/Healthy/H_25_RGB_15_15.tiff
train,Tomato\II\Healthy,Healthy,H_25,25,15,16,Datasets/TOBRFV-LMID/RGB/Tomato/II/Healthy/H_25_RGB_15_16.tiff
train,Tomato\II\Healthy,Healthy,H_25,25,15,17,Datasets/TOBRFV-LMID/RGB/Tomato/II/Healthy/H_25_RGB_15_17.tiff
train,Tomato\II\Healthy,Healthy,H_25,25,15,18,Datasets/TOBRFV-LMID/RGB/Tomato/II/Healthy/H_25_RGB_15_18.tiff
train,Tomato\II\Healthy,Healthy,H_25,25,15,19,Datasets/TOBRFV-LMID/RGB/Tomato/II/Healthy/H_25_RGB_15_19.tiff
train,Tomato\II\Healthy,Healthy,H_25,25,15,2,Datasets/TOBRFV-LMID/RGB/Tomato/II/Healthy/H_25_RGB_15_2.tiff
train,Tomato\II\Healthy,Healthy,H_25,25,15,20,Datasets/TOBRFV-LMID/RGB/Tomato/II/Healthy/H_25_RGB_15_20.tiff
train,Tomato\II\Healthy,Healthy,H_25,25,15,21,Datasets/TOBRFV-LMID/RGB/Tomato/II/Healthy/H_25_RGB_15_21.tiff
train,Tomato\II\Healthy,Healthy,H_25,25,15,25,Datasets/TOBRFV-LMID/RGB/Tomato/II/Healthy/H_25_RGB_15_25.tiff
train,Tomato\II\Healthy,Healthy,H_25,25,15,26,Datasets/TOBRFV-LMID/RGB/Tomato/II/Healthy/H_25_RGB_15_26.tiff
train,Tomato\II\Healthy,Healthy,H_25,25,15,27,Datasets/TOBRFV-LMID/RGB/Tomato/II/Healthy/H_25_RGB_15_27.tiff
train,Tomato\II\Healthy,Healthy,H_25,25,15,28,Datasets/TOBRFV-LMID/RGB/Tomato/II/Healthy/H_25_RGB_15_28.tiff
train,Tomato\II\Healthy,Healthy,H_25,25,15,29,Datasets/TOBRFV-LMID/RGB/Tomato/II/Healthy/H_25_RGB_15_29.tiff
train,Tomato\II\Healthy,Healthy,H_25,25,15,3,Datasets/TOBRFV-LMID/RGB/Tomato/II/Healthy/H_25_RGB_15_3.tiff
train,Tomato\II\Healthy,Healthy,H_25,25,15,30,Datasets/TOBRFV-LMID/RGB/Tomato/II/Healthy/H_25_RGB_15_30.tiff
train,Tomato\II\Healthy,Healthy,H_25,25,15,31,Datasets/TOBRFV-LMID/RGB/Tomato/II/Healthy/H_25_RGB_15_31.tiff
train,Tomato\II\Healthy,Healthy,H_25,25,15,32,Datasets/TOBRFV-LMID/RGB/Tomato/II/Healthy/H_25_RGB_15_32.tiff
train,Tomato\II\Healthy,Healthy,H_25,25,15,33,Datasets/TOBRFV-LMID/RGB/Tomato/II/Healthy/H_25_RGB_15_33.tiff
train,Tomato\II\Healthy,Healthy,H_25,25,15,34,Datasets/TOBRFV-LMID/RGB/Tomato/II/Healthy/H_25_RGB_15_34.tiff
train,Tomato\II\Healthy,Healthy,H_25,25,15,35,Datasets/TOBRFV-LMID/RGB/Tomato/II/Healthy/H_25_RGB_15_35.tiff
train,Tomato\II\Healthy,Healthy,H_25,25,15,38,Datasets/TOBRFV-LMID/RGB/Tomato/II/Healthy/H_25_RGB_15_38.tiff
train,Tomato\II\Healthy,Healthy,H_25,25,15,39,Datasets/TOBRFV-LMID/RGB/Tomato/II/Healthy/H_25_RGB_15_39.tiff
train,Tomato\II\Healthy,Healthy,H_25,25,15,4,Datasets/TOBRFV-LMID/RGB/Tomato/II/Healthy/H_25_RGB_15_4.tiff
train,Tomato\II\Healthy,Healthy,H_25,25,15,40,Datasets/TOBRFV-LMID/RGB/Tomato/II/Healthy/H_25_RGB_15_40.tiff
train,Tomato\II\Healthy,Healthy,H_25,25,15,5,Datasets/TOBRFV-LMID/RGB/Tomato/II/Healthy/H_25_RGB_15_5.tiff
train,Tomato\II\Healthy,Healthy,H_25,25,15,6,Datasets/TOBRFV-LMID/RGB/Tomato/II/Healthy/H_25_RGB_15_6.tiff
train,Tomato\II\Healthy,Healthy,H_25,25,15,7,Datasets/TOBRFV-LMID/RGB/Tomato/II/Healthy/H_25_RGB_15_7.tiff
train,Tomato\II\Healthy,Healthy,H_25,25,15,8,Datasets/TOBRFV-LMID/RGB/Tomato/II/Healthy/H_25_RGB_15_8.tiff
train,Tomato\II\Healthy,Healthy,H_25,25,15,9,Datasets/TOBRFV-LMID/RGB/Tomato/II/Healthy/H_25_RGB_15_9.tiff
train,Tomato\II\Healthy,Healthy,H_1,1,0,1,Datasets/TOBRFV-LMID/RGB/Tomato/II/Healthy/H_1_RGB_0_1.tiff
train,Tomato\II\Healthy,Healthy,H_1,1,0,10,Datasets/TOBRFV-LMID/RGB/Tomato/II/Healthy/H_1_RGB_0_10.tiff
train,Tomato\II\Healthy,Healthy,H_1,1,0,11,Datasets/TOBRFV-LMID/RGB/Tomato/II/Healthy/H_1_RGB_0_11.tiff
train,Tomato\II\Healthy,Healthy,H_1,1,0,12,Datasets/TOBRFV-LMID/RGB/Tomato/II/Healthy/H_1_RGB_0_12.tiff
train,Tomato\II\Healthy,Healthy,H_1,1,0,13,Datasets/TOBRFV-LMID/RGB/Tomato/II/Healthy/H_1_RGB_0_13.tiff
train,Tomato\II\Healthy,Healthy,H_1,1,0,14,Datasets/TOBRFV-LMID/RGB/Tomato/II/Healthy/H_1_RGB_0_14.tiff
train,Tomato\II\Healthy,Healthy,H_1,1,0,15,Datasets/TOBRFV-LMID/RGB/Tomato/II/Healthy/H_1_RGB_0_15.tiff
train,Tomato\II\Healthy,Healthy,H_1,1,0,16,Datasets/TOBRFV-LMID/RGB/Tomato/II/Healthy/H_1_RGB_0_16.tiff
train,Tomato\II\Healthy,Healthy,H_1,1,0,17,Datasets/TOBRFV-LMID/RGB/Tomato/II/Healthy/H_1_RGB_0_17.tiff
train,Tomato\II\Healthy,Healthy,H_1,1,0,18,Datasets/TOBRFV-LMID/RGB/Tomato/II/Healthy/H_1_RGB_0_18.tiff
train,Tomato\II\Healthy,Healthy,H_1,1,0,19,Datasets/TOBRFV-LMID/RGB/Tomato/II/Healthy/H_1_RGB_0_19.tiff
train,Tomato\II\Healthy,Healthy,H_1,1,0,2,Datasets/TOBRFV-LMID/RGB/Tomato/II/Healthy/H_1_RGB_0_2.tiff
train,Tomato\II\Healthy,Healthy,H_1,1,0,20,Datasets/TOBRFV-LMID/RGB/Tomato/II/Healthy/H_1_RGB_0_20.tiff
train,Tomato\II\Healthy,Healthy,H_1,1,0,21,Datasets/TOBRFV-LMID/RGB/Tomato/II/Healthy/H_1_RGB_0_21.tiff
train,Tomato\II\Healthy,Healthy,H_1,1,0,22,Datasets/TOBRFV-LMID/RGB/Tomato/II/Healthy/H_1_RGB_0_22.tiff
train,Tomato\II\Healthy,Healthy,H_1,1,0,23,Datasets/TOBRFV-LMID/RGB/Tomato/II/Healthy/H_1_RGB_0_23.tiff
train,Tomato\II\Healthy,Healthy,H_1,1,0,24,Datasets/TOBRFV-LMID/RGB/Tomato/II/Healthy/H_1_RGB_0_24.tiff
train,Tomato\II\Healthy,Healthy,H_1,1,0,25,Datasets/TOBRFV-LMID/RGB/Tomato/II/Healthy/H_1_RGB_0_25.tiff
train,Tomato\II\Healthy,Healthy,H_1,1,0,26,Datasets/TOBRFV-LMID/RGB/Tomato/II/Healthy/H_1_RGB_0_26.tiff
train,Tomato\II\Healthy,Healthy,H_1,1,0,27,Datasets/TOBRFV-LMID/RGB/Tomato/II/Healthy/H_1_RGB_0_27.tiff
train,Tomato\II\Healthy,Healthy,H_1,1,0,28,Datasets/TOBRFV-LMID/RGB/Tomato/II/Healthy/H_1_RGB_0_28.tiff
train,Tomato\II\Healthy,Healthy,H_1,1,0,29,Datasets/TOBRFV-LMID/RGB/Tomato/II/Healthy/H_1_RGB_0_29.tiff
train,Tomato\II\Healthy,Healthy,H_1,1,0,3,Datasets/TOBRFV-LMID/RGB/Tomato/II/Healthy/H_1_RGB_0_3.tiff
train,Tomato\II\Healthy,Healthy,H_1,1,0,30,Datasets/TOBRFV-LMID/RGB/Tomato/II/Healthy/H_1_RGB_0_30.tiff
train,Tomato\II\Healthy,Healthy,H_1,1,0,31,Datasets/TOBRFV-LMID/RGB/Tomato/II/Healthy/H_1_RGB_0_31.tiff
train,Tomato\II\Healthy,Healthy,H_1,1,0,32,Datasets/TOBRFV-LMID/RGB/Tomato/II/Healthy/H_1_RGB_0_32.tiff
train,Tomato\II\Healthy,Healthy,H_1,1,0,34,Datasets/TOBRFV-LMID/RGB/Tomato/II/Healthy/H_1_RGB_0_34.tiff
train,Tomato\II\Healthy,Healthy,H_1,1,0,36,Datasets/TOBRFV-LMID/RGB/Tomato/II/Healthy/H_1_RGB_0_36.tiff
train,Tomato\II\Healthy,Healthy,H_1,1,0,37,Datasets/TOBRFV-LMID/RGB/Tomato/II/Healthy/H_1_RGB_0_37.tiff
train,Tomato\II\Healthy,Healthy,H_1,1,0,38,Datasets/TOBRFV-LMID/RGB/Tomato/II/Healthy/H_1_RGB_0_38.tiff
train,Tomato\II\Healthy,Healthy,H_1,1,0,39,Datasets/TOBRFV-LMID/RGB/Tomato/II/Healthy/H_1_RGB_0_39.tiff
train,Tomato\II\Healthy,Healthy,H_1,1,0,4,Datasets/TOBRFV-LMID/RGB/Tomato/II/Healthy/H_1_RGB_0_4.tiff
train,Tomato\II\Healthy,Healthy,H_1,1,0,40,Datasets/TOBRFV-LMID/RGB/Tomato/II/Healthy/H_1_RGB_0_40.tiff
train,Tomato\II\Healthy,Healthy,H_1,1,0,5,Datasets/TOBRFV-LMID/RGB/Tomato/II/Healthy/H_1_RGB_0_5.tiff
train,Tomato\II\Healthy,Healthy,H_1,1,0,6,Datasets/TOBRFV-LMID/RGB/Tomato/II/Healthy/H_1_RGB_0_6.tiff
train,Tomato\II\Healthy,Healthy,H_1,1,0,7,Datasets/TOBRFV-LMID/RGB/Tomato/II/Healthy/H_1_RGB_0_7.tiff
train,Tomato\II\Healthy,Healthy,H_1,1,0,8,Datasets/TOBRFV-LMID/RGB/Tomato/II/Healthy/H_1_RGB_0_8.tiff
train,Tomato\II\Healthy,Healthy,H_1,1,0,9,Datasets/TOBRFV-LMID/RGB/Tomato/II/Healthy/H_1_RGB_0_9.tiff
train,Tomato\II\Healthy,Healthy,H_23,23,0,1,Datasets/TOBRFV-LMID/RGB/Tomato/II/Healthy/H_23_RGB_0_1.tiff
train,Tomato\II\Healthy,Healthy,H_23,23,0,10,Datasets/TOBRFV-LMID/RGB/Tomato/II/Healthy/H_23_RGB_0_10.tiff
train,Tomato\II\Healthy,Healthy,H_23,23,0,11,Datasets/TOBRFV-LMID/RGB/Tomato/II/Healthy/H_23_RGB_0_11.tiff
train,Tomato\II\Healthy,Healthy,H_23,23,0,12,Datasets/TOBRFV-LMID/RGB/Tomato/II/Healthy/H_23_RGB_0_12.tiff
train,Tomato\II\Healthy,Healthy,H_23,23,0,13,Datasets/TOBRFV-LMID/RGB/Tomato/II/Healthy/H_23_RGB_0_13.tiff
train,Tomato\II\Healthy,Healthy,H_23,23,0,14,Datasets/TOBRFV-LMID/RGB/Tomato/II/Healthy/H_23_RGB_0_14.tiff
train,Tomato\II\Healthy,Healthy,H_23,23,0,15,Datasets/TOBRFV-LMID/RGB/Tomato/II/Healthy/H_23_RGB_0_15.tiff
train,Tomato\II\Healthy,Healthy,H_23,23,0,16,Datasets/TOBRFV-LMID/RGB/Tomato/II/Healthy/H_23_RGB_0_16.tiff
train,Tomato\II\Healthy,Healthy,H_23,23,0,17,Datasets/TOBRFV-LMID/RGB/Tomato/II/Healthy/H_23_RGB_0_17.tiff
train,Tomato\II\Healthy,Healthy,H_23,23,0,18,Datasets/TOBRFV-LMID/RGB/Tomato/II/Healthy/H_23_RGB_0_18.tiff
train,Tomato\II\Healthy,Healthy,H_23,23,0,19,Datasets/TOBRFV-LMID/RGB/Tomato/II/Healthy/H_23_RGB_0_19.tiff
train,Tomato\II\Healthy,Healthy,H_23,23,0,2,Datasets/TOBRFV-LMID/RGB/Tomato/II/Healthy/H_23_RGB_0_2.tiff
train,Tomato\II\Healthy,Healthy,H_23,23,0,20,Datasets/TOBRFV-LMID/RGB/Tomato/II/Healthy/H_23_RGB_0_20.tiff
train,Tomato\II\Healthy,Healthy,H_23,23,0,21,Datasets/TOBRFV-LMID/RGB/Tomato/II/Healthy/H_23_RGB_0_21.tiff
train,Tomato\II\Healthy,Healthy,H_23,23,0,22,Datasets/TOBRFV-LMID/RGB/Tomato/II/Healthy/H_23_RGB_0_22.tiff
train,Tomato\II\Healthy,Healthy,H_23,23,0,23,Datasets/TOBRFV-LMID/RGB/Tomato/II/Healthy/H_23_RGB_0_23.tiff
train,Tomato\II\Healthy,Healthy,H_23,23,0,24,Datasets/TOBRFV-LMID/RGB/Tomato/II/Healthy/H_23_RGB_0_24.tiff
train,Tomato\II\Healthy,Healthy,H_23,23,0,25,Datasets/TOBRFV-LMID/RGB/Tomato/II/Healthy/H_23_RGB_0_25.tiff
train,Tomato\II\Healthy,Healthy,H_23,23,0,26,Datasets/TOBRFV-LMID/RGB/Tomato/II/Healthy/H_23_RGB_0_26.tiff
train,Tomato\II\Healthy,Healthy,H_23,23,0,27,Datasets/TOBRFV-LMID/RGB/Tomato/II/Healthy/H_23_RGB_0_27.tiff
train,Tomato\II\Healthy,Healthy,H_23,23,0,28,Datasets/TOBRFV-LMID/RGB/Tomato/II/Healthy/H_23_RGB_0_28.tiff
train,Tomato\II\Healthy,Healthy,H_23,23,0,29,Datasets/TOBRFV-LMID/RGB/Tomato/II/Healthy/H_23_RGB_0_29.tiff
train,Tomato\II\Healthy,Healthy,H_23,23,0,3,Datasets/TOBRFV-LMID/RGB/Tomato/II/Healthy/H_23_RGB_0_3.tiff
train,Tomato\II\Healthy,Healthy,H_23,23,0,30,Datasets/TOBRFV-LMID/RGB/Tomato/II/Healthy/H_23_RGB_0_30.tiff
train,Tomato\II\Healthy,Healthy,H_23,23,0,31,Datasets/TOBRFV-LMID/RGB/Tomato/II/Healthy/H_23_RGB_0_31.tiff
train,Tomato\II\Healthy,Healthy,H_23,23,0,32,Datasets/TOBRFV-LMID/RGB/Tomato/II/Healthy/H_23_RGB_0_32.tiff
train,Tomato\II\Healthy,Healthy,H_23,23,0,33,Datasets/TOBRFV-LMID/RGB/Tomato/II/Healthy/H_23_RGB_0_33.tiff
train,Tomato\II\Healthy,Healthy,H_23,23,0,34,Datasets/TOBRFV-LMID/RGB/Tomato/II/Healthy/H_23_RGB_0_34.tiff
train,Tomato\II\Healthy,Healthy,H_23,23,0,35,Datasets/TOBRFV-LMID/RGB/Tomato/II/Healthy/H_23_RGB_0_35.tiff
train,Tomato\II\Healthy,Healthy,H_23,23,0,36,Datasets/TOBRFV-LMID/RGB/Tomato/II/Healthy/H_23_RGB_0_36.tiff
train,Tomato\II\Healthy,Healthy,H_23,23,0,37,Datasets/TOBRFV-LMID/RGB/Tomato/II/Healthy/H_23_RGB_0_37.tiff
train,Tomato\II\Healthy,Healthy,H_23,23,0,38,Datasets/TOBRFV-LMID/RGB/Tomato/II/Healthy/H_23_RGB_0_38.tiff
train,Tomato\II\Healthy,Healthy,H_23,23,0,39,Datasets/TOBRFV-LMID/RGB/Tomato/II/Healthy/H_23_RGB_0_39.tiff
train,Tomato\II\Healthy,Healthy,H_23,23,0,4,Datasets/TOBRFV-LMID/RGB/Tomato/II/Healthy/H_23_RGB_0_4.tiff
train,Tomato\II\Healthy,Healthy,H_23,23,0,5,Datasets/TOBRFV-LMID/RGB/Tomato/II/Healthy/H_23_RGB_0_5.tiff
train,Tomato\II\Healthy,Healthy,H_23,23,0,6,Datasets/TOBRFV-LMID/RGB/Tomato/II/Healthy/H_23_RGB_0_6.tiff
train,Tomato\II\Healthy,Healthy,H_23,23,0,7,Datasets/TOBRFV-LMID/RGB/Tomato/II/Healthy/H_23_RGB_0_7.tiff
train,Tomato\II\Healthy,Healthy,H_23,23,0,8,Datasets/TOBRFV-LMID/RGB/Tomato/II/Healthy/H_23_RGB_0_8.tiff
train,Tomato\II\Healthy,Healthy,H_23,23,0,9,Datasets/TOBRFV-LMID/RGB/Tomato/II/Healthy/H_23_RGB_0_9.tiff
train,Tomato\II\Healthy,Healthy,H_23,23,15,1,Datasets/TOBRFV-LMID/RGB/Tomato/II/Healthy/H_23_RGB_15_1.tiff
train,Tomato\II\Healthy,Healthy,H_23,23,15,10,Datasets/TOBRFV-LMID/RGB/Tomato/II/Healthy/H_23_RGB_15_10.tiff
train,Tomato\II\Healthy,Healthy,H_23,23,15,11,Datasets/TOBRFV-LMID/RGB/Tomato/II/Healthy/H_23_RGB_15_11.tiff
train,Tomato\II\Healthy,Healthy,H_23,23,15,12,Datasets/TOBRFV-LMID/RGB/Tomato/II/Healthy/H_23_RGB_15_12.tiff
train,Tomato\II\Healthy,Healthy,H_23,23,15,13,Datasets/TOBRFV-LMID/RGB/Tomato/II/Healthy/H_23_RGB_15_13.tiff
train,Tomato\II\Healthy,Healthy,H_23,23,15,14,Datasets/TOBRFV-LMID/RGB/Tomato/II/Healthy/H_23_RGB_15_14.tiff
train,Tomato\II\Healthy,Healthy,H_23,23,15,15,Datasets/TOBRFV-LMID/RGB/Tomato/II/Healthy/H_23_RGB_15_15.tiff
train,Tomato\II\Healthy,Healthy,H_23,23,15,16,Datasets/TOBRFV-LMID/RGB/Tomato/II/Healthy/H_23_RGB_15_16.tiff
train,Tomato\II\Healthy,Healthy,H_23,23,15,17,Datasets/TOBRFV-LMID/RGB/Tomato/II/Healthy/H_23_RGB_15_17.tiff
train,Tomato\II\Healthy,Healthy,H_23,23,15,18,Datasets/TOBRFV-LMID/RGB/Tomato/II/Healthy/H_23_RGB_15_18.tiff
train,Tomato\II\Healthy,Healthy,H_23,23,15,19,Datasets/TOBRFV-LMID/RGB/Tomato/II/Healthy/H_23_RGB_15_19.tiff
train,Tomato\II\Healthy,Healthy,H_23,23,15,2,Datasets/TOBRFV-LMID/RGB/Tomato/II/Healthy/H_23_RGB_15_2.tiff
train,Tomato\II\Healthy,Healthy,H_23,23,15,20,Datasets/TOBRFV-LMID/RGB/Tomato/II/Healthy/H_23_RGB_15_20.tiff
train,Tomato\II\Healthy,Healthy,H_23,23,15,21,Datasets/TOBRFV-LMID/RGB/Tomato/II/Healthy/H_23_RGB_15_21.tiff
train,Tomato\II\Healthy,Healthy,H_23,23,15,22,Datasets/TOBRFV-LMID/RGB/Tomato/II/Healthy/H_23_RGB_15_22.tiff
train,Tomato\II\Healthy,Healthy,H_23,23,15,24,Datasets/TOBRFV-LMID/RGB/Tomato/II/Healthy/H_23_RGB_15_24.tiff
train,Tomato\II\Healthy,Healthy,H_23,23,15,25,Datasets/TOBRFV-LMID/RGB/Tomato/II/Healthy/H_23_RGB_15_25.tiff
train,Tomato\II\Healthy,Healthy,H_23,23,15,26,Datasets/TOBRFV-LMID/RGB/Tomato/II/Healthy/H_23_RGB_15_26.tiff
train,Tomato\II\Healthy,Healthy,H_23,23,15,27,Datasets/TOBRFV-LMID/RGB/Tomato/II/Healthy/H_23_RGB_15_27.tiff
train,Tomato\II\Healthy,Healthy,H_23,23,15,28,Datasets/TOBRFV-LMID/RGB/Tomato/II/Healthy/H_23_RGB_15_28.tiff
train,Tomato\II\Healthy,Healthy,H_23,23,15,29,Datasets/TOBRFV-LMID/RGB/Tomato/II/Healthy/H_23_RGB_15_29.tiff
train,Tomato\II\Healthy,Healthy,H_23,23,15,3,Datasets/TOBRFV-LMID/RGB/Tomato/II/Healthy/H_23_RGB_15_3.tiff
train,Tomato\II\Healthy,Healthy,H_23,23,15,30,Datasets/TOBRFV-LMID/RGB/Tomato/II/Healthy/H_23_RGB_15_30.tiff
train,Tomato\II\Healthy,Healthy,H_23,23,15,31,Datasets/TOBRFV-LMID/RGB/Tomato/II/Healthy/H_23_RGB_15_31.tiff
train,Tomato\II\Healthy,Healthy,H_23,23,15,32,Datasets/TOBRFV-LMID/RGB/Tomato/II/Healthy/H_23_RGB_15_32.tiff
train,Tomato\II\Healthy,Healthy,H_23,23,15,33,Datasets/TOBRFV-LMID/RGB/Tomato/II/Healthy/H_23_RGB_15_33.tiff
train,Tomato\II\Healthy,Healthy,H_23,23,15,34,Datasets/TOBRFV-LMID/RGB/Tomato/II/Healthy/H_23_RGB_15_34.tiff
train,Tomato\II\Healthy,Healthy,H_23,23,15,35,Datasets/TOBRFV-LMID/RGB/Tomato/II/Healthy/H_23_RGB_15_35.tiff
train,Tomato\II\Healthy,Healthy,H_23,23,15,36,Datasets/TOBRFV-LMID/RGB/Tomato/II/Healthy/H_23_RGB_15_36.tiff
train,Tomato\II\Healthy,Healthy,H_23,23,15,37,Datasets/TOBRFV-LMID/RGB/Tomato/II/Healthy/H_23_RGB_15_37.tiff
train,Tomato\II\Healthy,Healthy,H_23,23,15,38,Datasets/TOBRFV-LMID/RGB/Tomato/II/Healthy/H_23_RGB_15_38.tiff
train,Tomato\II\Healthy,Healthy,H_23,23,15,39,Datasets/TOBRFV-LMID/RGB/Tomato/II/Healthy/H_23_RGB_15_39.tiff
train,Tomato\II\Healthy,Healthy,H_23,23,15,4,Datasets/TOBRFV-LMID/RGB/Tomato/II/Healthy/H_23_RGB_15_4.tiff
train,Tomato\II\Healthy,Healthy,H_23,23,15,40,Datasets/TOBRFV-LMID/RGB/Tomato/II/Healthy/H_23_RGB_15_40.tiff
train,Tomato\II\Healthy,Healthy,H_23,23,15,5,Datasets/TOBRFV-LMID/RGB/Tomato/II/Healthy/H_23_RGB_15_5.tiff
train,Tomato\II\Healthy,Healthy,H_23,23,15,6,Datasets/TOBRFV-LMID/RGB/Tomato/II/Healthy/H_23_RGB_15_6.tiff
train,Tomato\II\Healthy,Healthy,H_23,23,15,7,Datasets/TOBRFV-LMID/RGB/Tomato/II/Healthy/H_23_RGB_15_7.tiff
train,Tomato\II\Healthy,Healthy,H_23,23,15,8,Datasets/TOBRFV-LMID/RGB/Tomato/II/Healthy/H_23_RGB_15_8.tiff
train,Tomato\II\Healthy,Healthy,H_23,23,15,9,Datasets/TOBRFV-LMID/RGB/Tomato/II/Healthy/H_23_RGB_15_9.tiff
train,Tomato\II\Healthy,Healthy,H_9,9,0,1,Datasets/TOBRFV-LMID/RGB/Tomato/II/Healthy/H_9_RGB_0_1.tiff
train,Tomato\II\Healthy,Healthy,H_9,9,0,10,Datasets/TOBRFV-LMID/RGB/Tomato/II/Healthy/H_9_RGB_0_10.tiff
train,Tomato\II\Healthy,Healthy,H_9,9,0,11,Datasets/TOBRFV-LMID/RGB/Tomato/II/Healthy/H_9_RGB_0_11.tiff
train,Tomato\II\Healthy,Healthy,H_9,9,0,12,Datasets/TOBRFV-LMID/RGB/Tomato/II/Healthy/H_9_RGB_0_12.tiff
train,Tomato\II\Healthy,Healthy,H_9,9,0,13,Datasets/TOBRFV-LMID/RGB/Tomato/II/Healthy/H_9_RGB_0_13.tiff
train,Tomato\II\Healthy,Healthy,H_9,9,0,14,Datasets/TOBRFV-LMID/RGB/Tomato/II/Healthy/H_9_RGB_0_14.tiff
train,Tomato\II\Healthy,Healthy,H_9,9,0,15,Datasets/TOBRFV-LMID/RGB/Tomato/II/Healthy/H_9_RGB_0_15.tiff
train,Tomato\II\Healthy,Healthy,H_9,9,0,16,Datasets/TOBRFV-LMID/RGB/Tomato/II/Healthy/H_9_RGB_0_16.tiff
train,Tomato\II\Healthy,Healthy,H_9,9,0,18,Datasets/TOBRFV-LMID/RGB/Tomato/II/Healthy/H_9_RGB_0_18.tiff
train,Tomato\II\Healthy,Healthy,H_9,9,0,19,Datasets/TOBRFV-LMID/RGB/Tomato/II/Healthy/H_9_RGB_0_19.tiff
train,Tomato\II\Healthy,Healthy,H_9,9,0,2,Datasets/TOBRFV-LMID/RGB/Tomato/II/Healthy/H_9_RGB_0_2.tiff
train,Tomato\II\Healthy,Healthy,H_9,9,0,20,Datasets/TOBRFV-LMID/RGB/Tomato/II/Healthy/H_9_RGB_0_20.tiff
train,Tomato\II\Healthy,Healthy,H_9,9,0,22,Datasets/TOBRFV-LMID/RGB/Tomato/II/Healthy/H_9_RGB_0_22.tiff
train,Tomato\II\Healthy,Healthy,H_9,9,0,23,Datasets/TOBRFV-LMID/RGB/Tomato/II/Healthy/H_9_RGB_0_23.tiff
train,Tomato\II\Healthy,Healthy,H_9,9,0,24,Datasets/TOBRFV-LMID/RGB/Tomato/II/Healthy/H_9_RGB_0_24.tiff
train,Tomato\II\Healthy,Healthy,H_9,9,0,25,Datasets/TOBRFV-LMID/RGB/Tomato/II/Healthy/H_9_RGB_0_25.tiff
train,Tomato\II\Healthy,Healthy,H_9,9,0,26,Datasets/TOBRFV-LMID/RGB/Tomato/II/Healthy/H_9_RGB_0_26.tiff
train,Tomato\II\Healthy,Healthy,H_9,9,0,27,Datasets/TOBRFV-LMID/RGB/Tomato/II/Healthy/H_9_RGB_0_27.tiff
train,Tomato\II\Healthy,Healthy,H_9,9,0,28,Datasets/TOBRFV-LMID/RGB/Tomato/II/Healthy/H_9_RGB_0_28.tiff
train,Tomato\II\Healthy,Healthy,H_9,9,0,29,Datasets/TOBRFV-LMID/RGB/Tomato/II/Healthy/H_9_RGB_0_29.tiff
train,Tomato\II\Healthy,Healthy,H_9,9,0,3,Datasets/TOBRFV-LMID/RGB/Tomato/II/Healthy/H_9_RGB_0_3.tiff
train,Tomato\II\Healthy,Healthy,H_9,9,0,30,Datasets/TOBRFV-LMID/RGB/Tomato/II/Healthy/H_9_RGB_0_30.tiff
train,Tomato\II\Healthy,Healthy,H_9,9,0,31,Datasets/TOBRFV-LMID/RGB/Tomato/II/Healthy/H_9_RGB_0_31.tiff
train,Tomato\II\Healthy,Healthy,H_9,9,0,32,Datasets/TOBRFV-LMID/RGB/Tomato/II/Healthy/H_9_RGB_0_32.tiff
train,Tomato\II\Healthy,Healthy,H_9,9,0,34,Datasets/TOBRFV-LMID/RGB/Tomato/II/Healthy/H_9_RGB_0_34.tiff
train,Tomato\II\Healthy,Healthy,H_9,9,0,35,Datasets/TOBRFV-LMID/RGB/Tomato/II/Healthy/H_9_RGB_0_35.tiff
train,Tomato\II\Healthy,Healthy,H_9,9,0,36,Datasets/TOBRFV-LMID/RGB/Tomato/II/Healthy/H_9_RGB_0_36.tiff
train,Tomato\II\Healthy,Healthy,H_9,9,0,37,Datasets/TOBRFV-LMID/RGB/Tomato/II/Healthy/H_9_RGB_0_37.tiff
train,Tomato\II\Healthy,Healthy,H_9,9,0,38,Datasets/TOBRFV-LMID/RGB/Tomato/II/Healthy/H_9_RGB_0_38.tiff
train,Tomato\II\Healthy,Healthy,H_9,9,0,39,Datasets/TOBRFV-LMID/RGB/Tomato/II/Healthy/H_9_RGB_0_39.tiff
train,Tomato\II\Healthy,Healthy,H_9,9,0,4,Datasets/TOBRFV-LMID/RGB/Tomato/II/Healthy/H_9_RGB_0_4.tiff
train,Tomato\II\Healthy,Healthy,H_9,9,0,40,Datasets/TOBRFV-LMID/RGB/Tomato/II/Healthy/H_9_RGB_0_40.tiff
train,Tomato\II\Healthy,Healthy,H_9,9,0,5,Datasets/TOBRFV-LMID/RGB/Tomato/II/Healthy/H_9_RGB_0_5.tiff
train,Tomato\II\Healthy,Healthy,H_9,9,0,6,Datasets/TOBRFV-LMID/RGB/Tomato/II/Healthy/H_9_RGB_0_6.tiff
train,Tomato\II\Healthy,Healthy,H_9,9,0,7,Datasets/TOBRFV-LMID/RGB/Tomato/II/Healthy/H_9_RGB_0_7.tiff
train,Tomato\II\Healthy,Healthy,H_9,9,0,8,Datasets/TOBRFV-LMID/RGB/Tomato/II/Healthy/H_9_RGB_0_8.tiff
train,Tomato\II\Healthy,Healthy,H_9,9,0,9,Datasets/TOBRFV-LMID/RGB/Tomato/II/Healthy/H_9_RGB_0_9.tiff
train,Tomato\II\Healthy,Healthy,H_9,9,5,10,Datasets/TOBRFV-LMID/RGB/Tomato/II/Healthy/H_9_RGB_5_10.tiff
train,Tomato\II\Healthy,Healthy,H_9,9,5,11,Datasets/TOBRFV-LMID/RGB/Tomato/II/Healthy/H_9_RGB_5_11.tiff
train,Tomato\II\Healthy,Healthy,H_9,9,5,12,Datasets/TOBRFV-LMID/RGB/Tomato/II/Healthy/H_9_RGB_5_12.tiff
train,Tomato\II\Healthy,Healthy,H_9,9,5,15,Datasets/TOBRFV-LMID/RGB/Tomato/II/Healthy/H_9_RGB_5_15.tiff
train,Tomato\II\Healthy,Healthy,H_9,9,5,16,Datasets/TOBRFV-LMID/RGB/Tomato/II/Healthy/H_9_RGB_5_16.tiff
train,Tomato\II\Healthy,Healthy,H_9,9,5,18,Datasets/TOBRFV-LMID/RGB/Tomato/II/Healthy/H_9_RGB_5_18.tiff
train,Tomato\II\Healthy,Healthy,H_9,9,5,19,Datasets/TOBRFV-LMID/RGB/Tomato/II/Healthy/H_9_RGB_5_19.tiff
train,Tomato\II\Healthy,Healthy,H_9,9,5,20,Datasets/TOBRFV-LMID/RGB/Tomato/II/Healthy/H_9_RGB_5_20.tiff
train,Tomato\II\Healthy,Healthy,H_9,9,5,21,Datasets/TOBRFV-LMID/RGB/Tomato/II/Healthy/H_9_RGB_5_21.tiff
train,Tomato\II\Healthy,Healthy,H_9,9,5,22,Datasets/TOBRFV-LMID/RGB/Tomato/II/Healthy/H_9_RGB_5_22.tiff
train,Tomato\II\Healthy,Healthy,H_9,9,5,23,Datasets/TOBRFV-LMID/RGB/Tomato/II/Healthy/H_9_RGB_5_23.tiff
train,Tomato\II\Healthy,Healthy,H_9,9,5,24,Datasets/TOBRFV-LMID/RGB/Tomato/II/Healthy/H_9_RGB_5_24.tiff
train,Tomato\II\Healthy,Healthy,H_9,9,5,25,Datasets/TOBRFV-LMID/RGB/Tomato/II/Healthy/H_9_RGB_5_25.tiff
train,Tomato\II\Healthy,Healthy,H_9,9,5,26,Datasets/TOBRFV-LMID/RGB/Tomato/II/Healthy/H_9_RGB_5_26.tiff
train,Tomato\II\Healthy,Healthy,H_9,9,5,27,Datasets/TOBRFV-LMID/RGB/Tomato/II/Healthy/H_9_RGB_5_27.tiff
train,Tomato\II\Healthy,Healthy,H_9,9,5,28,Datasets/TOBRFV-LMID/RGB/Tomato/II/Healthy/H_9_RGB_5_28.tiff
train,Tomato\II\Healthy,Healthy,H_9,9,5,29,Datasets/TOBRFV-LMID/RGB/Tomato/II/Healthy/H_9_RGB_5_29.tiff
train,Tomato\II\Healthy,Healthy,H_9,9,5,30,Datasets/TOBRFV-LMID/RGB/Tomato/II/Healthy/H_9_RGB_5_30.tiff
train,Tomato\II\Healthy,Healthy,H_9,9,5,31,Datasets/TOBRFV-LMID/RGB/Tomato/II/Healthy/H_9_RGB_5_31.tiff
train,Tomato\II\Healthy,Healthy,H_9,9,5,32,Datasets/TOBRFV-LMID/RGB/Tomato/II/Healthy/H_9_RGB_5_32.tiff
train,Tomato\II\Healthy,Healthy,H_9,9,5,33,Datasets/TOBRFV-LMID/RGB/Tomato/II/Healthy/H_9_RGB_5_33.tiff
train,Tomato\II\Healthy,Healthy,H_9,9,5,34,Datasets/TOBRFV-LMID/RGB/Tomato/II/Healthy/H_9_RGB_5_34.tiff
train,Tomato\II\Healthy,Healthy,H_9,9,5,35,Datasets/TOBRFV-LMID/RGB/Tomato/II/Healthy/H_9_RGB_5_35.tiff
train,Tomato\II\Healthy,Healthy,H_9,9,5,36,Datasets/TOBRFV-LMID/RGB/Tomato/II/Healthy/H_9_RGB_5_36.tiff
train,Tomato\II\Healthy,Healthy,H_9,9,5,37,Datasets/TOBRFV-LMID/RGB/Tomato/II/Healthy/H_9_RGB_5_37.tiff
train,Tomato\II\Healthy,Healthy,H_9,9,5,38,Datasets/TOBRFV-LMID/RGB/Tomato/II/Healthy/H_9_RGB_5_38.tiff
train,Tomato\II\Healthy,Healthy,H_9,9,5,39,Datasets/TOBRFV-LMID/RGB/Tomato/II/Healthy/H_9_RGB_5_39.tiff
train,Tomato\II\Healthy,Healthy,H_9,9,5,40,Datasets/TOBRFV-LMID/RGB/Tomato/II/Healthy/H_9_RGB_5_40.tiff
train,Tomato\II\Healthy,Healthy,H_9,9,5,5,Datasets/TOBRFV-LMID/RGB/Tomato/II/Healthy/H_9_RGB_5_5.tiff
train,Tomato\II\Healthy,Healthy,H_9,9,5,9,Datasets/TOBRFV-LMID/RGB/Tomato/II/Healthy/H_9_RGB_5_9.tiff
train,Tomato\II\Healthy,Healthy,H_17,17,0,1,Datasets/TOBRFV-LMID/RGB/Tomato/II/Healthy/H_17_RGB_0_1.tiff
train,Tomato\II\Healthy,Healthy,H_17,17,0,10,Datasets/TOBRFV-LMID/RGB/Tomato/II/Healthy/H_17_RGB_0_10.tiff
train,Tomato\II\Healthy,Healthy,H_17,17,0,11,Datasets/TOBRFV-LMID/RGB/Tomato/II/Healthy/H_17_RGB_0_11.tiff
train,Tomato\II\Healthy,Healthy,H_17,17,0,12,Datasets/TOBRFV-LMID/RGB/Tomato/II/Healthy/H_17_RGB_0_12.tiff
train,Tomato\II\Healthy,Healthy,H_17,17,0,13,Datasets/TOBRFV-LMID/RGB/Tomato/II/Healthy/H_17_RGB_0_13.tiff
train,Tomato\II\Healthy,Healthy,H_17,17,0,14,Datasets/TOBRFV-LMID/RGB/Tomato/II/Healthy/H_17_RGB_0_14.tiff
train,Tomato\II\Healthy,Healthy,H_17,17,0,15,Datasets/TOBRFV-LMID/RGB/Tomato/II/Healthy/H_17_RGB_0_15.tiff
train,Tomato\II\Healthy,Healthy,H_17,17,0,16,Datasets/TOBRFV-LMID/RGB/Tomato/II/Healthy/H_17_RGB_0_16.tiff
train,Tomato\II\Healthy,Healthy,H_17,17,0,17,Datasets/TOBRFV-LMID/RGB/Tomato/II/Healthy/H_17_RGB_0_17.tiff
train,Tomato\II\Healthy,Healthy,H_17,17,0,18,Datasets/TOBRFV-LMID/RGB/Tomato/II/Healthy/H_17_RGB_0_18.tiff
train,Tomato\II\Healthy,Healthy,H_17,17,0,19,Datasets/TOBRFV-LMID/RGB/Tomato/II/Healthy/H_17_RGB_0_19.tiff
train,Tomato\II\Healthy,Healthy,H_17,17,0,2,Datasets/TOBRFV-LMID/RGB/Tomato/II/Healthy/H_17_RGB_0_2.tiff
train,Tomato\II\Healthy,Healthy,H_17,17,0,20,Datasets/TOBRFV-LMID/RGB/Tomato/II/Healthy/H_17_RGB_0_20.tiff
train,Tomato\II\Healthy,Healthy,H_17,17,0,21,Datasets/TOBRFV-LMID/RGB/Tomato/II/Healthy/H_17_RGB_0_21.tiff
train,Tomato\II\Healthy,Healthy,H_17,17,0,22,Datasets/TOBRFV-LMID/RGB/Tomato/II/Healthy/H_17_RGB_0_22.tiff
train,Tomato\II\Healthy,Healthy,H_17,17,0,23,Datasets/TOBRFV-LMID/RGB/Tomato/II/Healthy/H_17_RGB_0_23.tiff
train,Tomato\II\Healthy,Healthy,H_17,17,0,24,Datasets/TOBRFV-LMID/RGB/Tomato/II/Healthy/H_17_RGB_0_24.tiff
train,Tomato\II\Healthy,Healthy,H_17,17,0,25,Datasets/TOBRFV-LMID/RGB/Tomato/II/Healthy/H_17_RGB_0_25.tiff
train,Tomato\II\Healthy,Healthy,H_17,17,0,26,Datasets/TOBRFV-LMID/RGB/Tomato/II/Healthy/H_17_RGB_0_26.tiff
train,Tomato\II\Healthy,Healthy,H_17,17,0,27,Datasets/TOBRFV-LMID/RGB/Tomato/II/Healthy/H_17_RGB_0_27.tiff
train,Tomato\II\Healthy,Healthy,H_17,17,0,28,Datasets/TOBRFV-LMID/RGB/Tomato/II/Healthy/H_17_RGB_0_28.tiff
train,Tomato\II\Healthy,Healthy,H_17,17,0,29,Datasets/TOBRFV-LMID/RGB/Tomato/II/Healthy/H_17_RGB_0_29.tiff
train,Tomato\II\Healthy,Healthy,H_17,17,0,3,Datasets/TOBRFV-LMID/RGB/Tomato/II/Healthy/H_17_RGB_0_3.tiff
train,Tomato\II\Healthy,Healthy,H_17,17,0,30,Datasets/TOBRFV-LMID/RGB/Tomato/II/Healthy/H_17_RGB_0_30.tiff
train,Tomato\II\Healthy,Healthy,H_17,17,0,31,Datasets/TOBRFV-LMID/RGB/Tomato/II/Healthy/H_17_RGB_0_31.tiff
train,Tomato\II\Healthy,Healthy,H_17,17,0,32,Datasets/TOBRFV-LMID/RGB/Tomato/II/Healthy/H_17_RGB_0_32.tiff
train,Tomato\II\Healthy,Healthy,H_17,17,0,33,Datasets/TOBRFV-LMID/RGB/Tomato/II/Healthy/H_17_RGB_0_33.tiff
train,Tomato\II\Healthy,Healthy,H_17,17,0,34,Datasets/TOBRFV-LMID/RGB/Tomato/II/Healthy/H_17_RGB_0_34.tiff
train,Tomato\II\Healthy,Healthy,H_17,17,0,35,Datasets/TOBRFV-LMID/RGB/Tomato/II/Healthy/H_17_RGB_0_35.tiff
train,Tomato\II\Healthy,Healthy,H_17,17,0,36,Datasets/TOBRFV-LMID/RGB/Tomato/II/Healthy/H_17_RGB_0_36.tiff
train,Tomato\II\Healthy,Healthy,H_17,17,0,37,Datasets/TOBRFV-LMID/RGB/Tomato/II/Healthy/H_17_RGB_0_37.tiff
train,Tomato\II\Healthy,Healthy,H_17,17,0,38,Datasets/TOBRFV-LMID/RGB/Tomato/II/Healthy/H_17_RGB_0_38.tiff
train,Tomato\II\Healthy,Healthy,H_17,17,0,39,Datasets/TOBRFV-LMID/RGB/Tomato/II/Healthy/H_17_RGB_0_39.tiff
train,Tomato\II\Healthy,Healthy,H_17,17,0,4,Datasets/TOBRFV-LMID/RGB/Tomato/II/Healthy/H_17_RGB_0_4.tiff
train,Tomato\II\Healthy,Healthy,H_17,17,0,40,Datasets/TOBRFV-LMID/RGB/Tomato/II/Healthy/H_17_RGB_0_40.tiff
train,Tomato\II\Healthy,Healthy,H_17,17,0,5,Datasets/TOBRFV-LMID/RGB/Tomato/II/Healthy/H_17_RGB_0_5.tiff
train,Tomato\II\Healthy,Healthy,H_17,17,0,6,Datasets/TOBRFV-LMID/RGB/Tomato/II/Healthy/H_17_RGB_0_6.tiff
train,Tomato\II\Healthy,Healthy,H_17,17,0,7,Datasets/TOBRFV-LMID/RGB/Tomato/II/Healthy/H_17_RGB_0_7.tiff
train,Tomato\II\Healthy,Healthy,H_17,17,0,8,Datasets/TOBRFV-LMID/RGB/Tomato/II/Healthy/H_17_RGB_0_8.tiff
train,Tomato\II\Healthy,Healthy,H_17,17,0,9,Datasets/TOBRFV-LMID/RGB/Tomato/II/Healthy/H_17_RGB_0_9.tiff
train,Tomato\II\Healthy,Healthy,H_17,17,15,1,Datasets/TOBRFV-LMID/RGB/Tomato/II/Healthy/H_17_RGB_15_1.tiff
train,Tomato\II\Healthy,Healthy,H_17,17,15,10,Datasets/TOBRFV-LMID/RGB/Tomato/II/Healthy/H_17_RGB_15_10.tiff
train,Tomato\II\Healthy,Healthy,H_17,17,15,11,Datasets/TOBRFV-LMID/RGB/Tomato/II/Healthy/H_17_RGB_15_11.tiff
train,Tomato\II\Healthy,Healthy,H_17,17,15,12,Datasets/TOBRFV-LMID/RGB/Tomato/II/Healthy/H_17_RGB_15_12.tiff
train,Tomato\II\Healthy,Healthy,H_17,17,15,13,Datasets/TOBRFV-LMID/RGB/Tomato/II/Healthy/H_17_RGB_15_13.tiff
train,Tomato\II\Healthy,Healthy,H_17,17,15,14,Datasets/TOBRFV-LMID/RGB/Tomato/II/Healthy/H_17_RGB_15_14.tiff
train,Tomato\II\Healthy,Healthy,H_17,17,15,15,Datasets/TOBRFV-LMID/RGB/Tomato/II/Healthy/H_17_RGB_15_15.tiff
train,Tomato\II\Healthy,Healthy,H_17,17,15,16,Datasets/TOBRFV-LMID/RGB/Tomato/II/Healthy/H_17_RGB_15_16.tiff
train,Tomato\II\Healthy,Healthy,H_17,17,15,17,Datasets/TOBRFV-LMID/RGB/Tomato/II/Healthy/H_17_RGB_15_17.tiff
train,Tomato\II\Healthy,Healthy,H_17,17,15,18,Datasets/TOBRFV-LMID/RGB/Tomato/II/Healthy/H_17_RGB_15_18.tiff
train,Tomato\II\Healthy,Healthy,H_17,17,15,19,Datasets/TOBRFV-LMID/RGB/Tomato/II/Healthy/H_17_RGB_15_19.tiff
train,Tomato\II\Healthy,Healthy,H_17,17,15,2,Datasets/TOBRFV-LMID/RGB/Tomato/II/Healthy/H_17_RGB_15_2.tiff
train,Tomato\II\Healthy,Healthy,H_17,17,15,20,Datasets/TOBRFV-LMID/RGB/Tomato/II/Healthy/H_17_RGB_15_20.tiff
train,Tomato\II\Healthy,Healthy,H_17,17,15,21,Datasets/TOBRFV-LMID/RGB/Tomato/II/Healthy/H_17_RGB_15_21.tiff
train,Tomato\II\Healthy,Healthy,H_17,17,15,22,Datasets/TOBRFV-LMID/RGB/Tomato/II/Healthy/H_17_RGB_15_22.tiff
train,Tomato\II\Healthy,Healthy,H_17,17,15,23,Datasets/TOBRFV-LMID/RGB/Tomato/II/Healthy/H_17_RGB_15_23.tiff
train,Tomato\II\Healthy,Healthy,H_17,17,15,24,Datasets/TOBRFV-LMID/RGB/Tomato/II/Healthy/H_17_RGB_15_24.tiff
train,Tomato\II\Healthy,Healthy,H_17,17,15,25,Datasets/TOBRFV-LMID/RGB/Tomato/II/Healthy/H_17_RGB_15_25.tiff
train,Tomato\II\Healthy,Healthy,H_17,17,15,3,Datasets/TOBRFV-LMID/RGB/Tomato/II/Healthy/H_17_RGB_15_3.tiff
train,Tomato\II\Healthy,Healthy,H_17,17,15,31,Datasets/TOBRFV-LMID/RGB/Tomato/II/Healthy/H_17_RGB_15_31.tiff
train,Tomato\II\Healthy,Healthy,H_17,17,15,34,Datasets/TOBRFV-LMID/RGB/Tomato/II/Healthy/H_17_RGB_15_34.tiff
train,Tomato\II\Healthy,Healthy,H_17,17,15,35,Datasets/TOBRFV-LMID/RGB/Tomato/II/Healthy/H_17_RGB_15_35.tiff
train,Tomato\II\Healthy,Healthy,H_17,17,15,36,Datasets/TOBRFV-LMID/RGB/Tomato/II/Healthy/H_17_RGB_15_36.tiff
train,Tomato\II\Healthy,Healthy,H_17,17,15,37,Datasets/TOBRFV-LMID/RGB/Tomato/II/Healthy/H_17_RGB_15_37.tiff
train,Tomato\II\Healthy,Healthy,H_17,17,15,38,Datasets/TOBRFV-LMID/RGB/Tomato/II/Healthy/H_17_RGB_15_38.tiff
train,Tomato\II\Healthy,Healthy,H_17,17,15,39,Datasets/TOBRFV-LMID/RGB/Tomato/II/Healthy/H_17_RGB_15_39.tiff
train,Tomato\II\Healthy,Healthy,H_17,17,15,4,Datasets/TOBRFV-LMID/RGB/Tomato/II/Healthy/H_17_RGB_15_4.tiff
train,Tomato\II\Healthy,Healthy,H_17,17,15,40,Datasets/TOBRFV-LMID/RGB/Tomato/II/Healthy/H_17_RGB_15_40.tiff
train,Tomato\II\Healthy,Healthy,H_17,17,15,5,Datasets/TOBRFV-LMID/RGB/Tomato/II/Healthy/H_17_RGB_15_5.tiff
train,Tomato\II\Healthy,Healthy,H_17,17,15,6,Datasets/TOBRFV-LMID/RGB/Tomato/II/Healthy/H_17_RGB_15_6.tiff
train,Tomato\II\Healthy,Healthy,H_17,17,15,7,Datasets/TOBRFV-LMID/RGB/Tomato/II/Healthy/H_17_RGB_15_7.tiff
train,Tomato\II\Healthy,Healthy,H_17,17,15,8,Datasets/TOBRFV-LMID/RGB/Tomato/II/Healthy/H_17_RGB_15_8.tiff
train,Tomato\II\Healthy,Healthy,H_17,17,15,9,Datasets/TOBRFV-LMID/RGB/Tomato/II/Healthy/H_17_RGB_15_9.tiff
train,Tomato\II\Healthy,Healthy,H_15,15,0,10,Datasets/TOBRFV-LMID/RGB/Tomato/II/Healthy/H_15_RGB_0_10.tiff
train,Tomato\II\Healthy,Healthy,H_15,15,0,11,Datasets/TOBRFV-LMID/RGB/Tomato/II/Healthy/H_15_RGB_0_11.tiff
train,Tomato\II\Healthy,Healthy,H_15,15,0,12,Datasets/TOBRFV-LMID/RGB/Tomato/II/Healthy/H_15_RGB_0_12.tiff
train,Tomato\II\Healthy,Healthy,H_15,15,0,13,Datasets/TOBRFV-LMID/RGB/Tomato/II/Healthy/H_15_RGB_0_13.tiff
train,Tomato\II\Healthy,Healthy,H_15,15,0,14,Datasets/TOBRFV-LMID/RGB/Tomato/II/Healthy/H_15_RGB_0_14.tiff
train,Tomato\II\Healthy,Healthy,H_15,15,0,15,Datasets/TOBRFV-LMID/RGB/Tomato/II/Healthy/H_15_RGB_0_15.tiff
train,Tomato\II\Healthy,Healthy,H_15,15,0,16,Datasets/TOBRFV-LMID/RGB/Tomato/II/Healthy/H_15_RGB_0_16.tiff
train,Tomato\II\Healthy,Healthy,H_15,15,0,17,Datasets/TOBRFV-LMID/RGB/Tomato/II/Healthy/H_15_RGB_0_17.tiff
train,Tomato\II\Healthy,Healthy,H_15,15,0,18,Datasets/TOBRFV-LMID/RGB/Tomato/II/Healthy/H_15_RGB_0_18.tiff
train,Tomato\II\Healthy,Healthy,H_15,15,0,19,Datasets/TOBRFV-LMID/RGB/Tomato/II/Healthy/H_15_RGB_0_19.tiff
train,Tomato\II\Healthy,Healthy,H_15,15,0,2,Datasets/TOBRFV-LMID/RGB/Tomato/II/Healthy/H_15_RGB_0_2.tiff
train,Tomato\II\Healthy,Healthy,H_15,15,0,20,Datasets/TOBRFV-LMID/RGB/Tomato/II/Healthy/H_15_RGB_0_20.tiff
train,Tomato\II\Healthy,Healthy,H_15,15,0,21,Datasets/TOBRFV-LMID/RGB/Tomato/II/Healthy/H_15_RGB_0_21.tiff
train,Tomato\II\Healthy,Healthy,H_15,15,0,22,Datasets/TOBRFV-LMID/RGB/Tomato/II/Healthy/H_15_RGB_0_22.tiff
train,Tomato\II\Healthy,Healthy,H_15,15,0,23,Datasets/TOBRFV-LMID/RGB/Tomato/II/Healthy/H_15_RGB_0_23.tiff
train,Tomato\II\Healthy,Healthy,H_15,15,0,24,Datasets/TOBRFV-LMID/RGB/Tomato/II/Healthy/H_15_RGB_0_24.tiff
train,Tomato\II\Healthy,Healthy,H_15,15,0,25,Datasets/TOBRFV-LMID/RGB/Tomato/II/Healthy/H_15_RGB_0_25.tiff
train,Tomato\II\Healthy,Healthy,H_15,15,0,26,Datasets/TOBRFV-LMID/RGB/Tomato/II/Healthy/H_15_RGB_0_26.tiff
train,Tomato\II\Healthy,Healthy,H_15,15,0,27,Datasets/TOBRFV-LMID/RGB/Tomato/II/Healthy/H_15_RGB_0_27.tiff
train,Tomato\II\Healthy,Healthy,H_15,15,0,28,Datasets/TOBRFV-LMID/RGB/Tomato/II/Healthy/H_15_RGB_0_28.tiff
train,Tomato\II\Healthy,Healthy,H_15,15,0,29,Datasets/TOBRFV-LMID/RGB/Tomato/II/Healthy/H_15_RGB_0_29.tiff
train,Tomato\II\Healthy,Healthy,H_15,15,0,3,Datasets/TOBRFV-LMID/RGB/Tomato/II/Healthy/H_15_RGB_0_3.tiff
train,Tomato\II\Healthy,Healthy,H_15,15,0,30,Datasets/TOBRFV-LMID/RGB/Tomato/II/Healthy/H_15_RGB_0_30.tiff
train,Tomato\II\Healthy,Healthy,H_15,15,0,32,Datasets/TOBRFV-LMID/RGB/Tomato/II/Healthy/H_15_RGB_0_32.tiff
train,Tomato\II\Healthy,Healthy,H_15,15,0,34,Datasets/TOBRFV-LMID/RGB/Tomato/II/Healthy/H_15_RGB_0_34.tiff
train,Tomato\II\Healthy,Healthy,H_15,15,0,35,Datasets/TOBRFV-LMID/RGB/Tomato/II/Healthy/H_15_RGB_0_35.tiff
train,Tomato\II\Healthy,Healthy,H_15,15,0,36,Datasets/TOBRFV-LMID/RGB/Tomato/II/Healthy/H_15_RGB_0_36.tiff
train,Tomato\II\Healthy,Healthy,H_15,15,0,37,Datasets/TOBRFV-LMID/RGB/Tomato/II/Healthy/H_15_RGB_0_37.tiff
train,Tomato\II\Healthy,Healthy,H_15,15,0,38,Datasets/TOBRFV-LMID/RGB/Tomato/II/Healthy/H_15_RGB_0_38.tiff
train,Tomato\II\Healthy,Healthy,H_15,15,0,39,Datasets/TOBRFV-LMID/RGB/Tomato/II/Healthy/H_15_RGB_0_39.tiff
train,Tomato\II\Healthy,Healthy,H_15,15,0,40,Datasets/TOBRFV-LMID/RGB/Tomato/II/Healthy/H_15_RGB_0_40.tiff
train,Tomato\II\Healthy,Healthy,H_15,15,0,7,Datasets/TOBRFV-LMID/RGB/Tomato/II/Healthy/H_15_RGB_0_7.tiff
train,Tomato\II\Healthy,Healthy,H_15,15,0,8,Datasets/TOBRFV-LMID/RGB/Tomato/II/Healthy/H_15_RGB_0_8.tiff
train,Tomato\II\Healthy,Healthy,H_15,15,0,9,Datasets/TOBRFV-LMID/RGB/Tomato/II/Healthy/H_15_RGB_0_9.tiff
train,Tomato\II\Healthy,Healthy,H_15,15,5,1,Datasets/TOBRFV-LMID/RGB/Tomato/II/Healthy/H_15_RGB_5_1.tiff
train,Tomato\II\Healthy,Healthy,H_15,15,5,10,Datasets/TOBRFV-LMID/RGB/Tomato/II/Healthy/H_15_RGB_5_10.tiff
train,Tomato\II\Healthy,Healthy,H_15,15,5,11,Datasets/TOBRFV-LMID/RGB/Tomato/II/Healthy/H_15_RGB_5_11.tiff
train,Tomato\II\Healthy,Healthy,H_15,15,5,12,Datasets/TOBRFV-LMID/RGB/Tomato/II/Healthy/H_15_RGB_5_12.tiff
train,Tomato\II\Healthy,Healthy,H_15,15,5,13,Datasets/TOBRFV-LMID/RGB/Tomato/II/Healthy/H_15_RGB_5_13.tiff
train,Tomato\II\Healthy,Healthy,H_15,15,5,14,Datasets/TOBRFV-LMID/RGB/Tomato/II/Healthy/H_15_RGB_5_14.tiff
train,Tomato\II\Healthy,Healthy,H_15,15,5,15,Datasets/TOBRFV-LMID/RGB/Tomato/II/Healthy/H_15_RGB_5_15.tiff
train,Tomato\II\Healthy,Healthy,H_15,15,5,16,Datasets/TOBRFV-LMID/RGB/Tomato/II/Healthy/H_15_RGB_5_16.tiff
train,Tomato\II\Healthy,Healthy,H_15,15,5,17,Datasets/TOBRFV-LMID/RGB/Tomato/II/Healthy/H_15_RGB_5_17.tiff
train,Tomato\II\Healthy,Healthy,H_15,15,5,18,Datasets/TOBRFV-LMID/RGB/Tomato/II/Healthy/H_15_RGB_5_18.tiff
train,Tomato\II\Healthy,Healthy,H_15,15,5,19,Datasets/TOBRFV-LMID/RGB/Tomato/II/Healthy/H_15_RGB_5_19.tiff
train,Tomato\II\Healthy,Healthy,H_15,15,5,2,Datasets/TOBRFV-LMID/RGB/Tomato/II/Healthy/H_15_RGB_5_2.tiff
train,Tomato\II\Healthy,Healthy,H_15,15,5,20,Datasets/TOBRFV-LMID/RGB/Tomato/II/Healthy/H_15_RGB_5_20.tiff
train,Tomato\II\Healthy,Healthy,H_15,15,5,21,Datasets/TOBRFV-LMID/RGB/Tomato/II/Healthy/H_15_RGB_5_21.tiff
train,Tomato\II\Healthy,Healthy,H_15,15,5,22,Datasets/TOBRFV-LMID/RGB/Tomato/II/Healthy/H_15_RGB_5_22.tiff
train,Tomato\II\Healthy,Healthy,H_15,15,5,25,Datasets/TOBRFV-LMID/RGB/Tomato/II/Healthy/H_15_RGB_5_25.tiff
train,Tomato\II\Healthy,Healthy,H_15,15,5,26,Datasets/TOBRFV-LMID/RGB/Tomato/II/Healthy/H_15_RGB_5_26.tiff
train,Tomato\II\Healthy,Healthy,H_15,15,5,27,Datasets/TOBRFV-LMID/RGB/Tomato/II/Healthy/H_15_RGB_5_27.tiff
train,Tomato\II\Healthy,Healthy,H_15,15,5,28,Datasets/TOBRFV-LMID/RGB/Tomato/II/Healthy/H_15_RGB_5_28.tiff
train,Tomato\II\Healthy,Healthy,H_15,15,5,29,Datasets/TOBRFV-LMID/RGB/Tomato/II/Healthy/H_15_RGB_5_29.tiff
train,Tomato\II\Healthy,Healthy,H_15,15,5,3,Datasets/TOBRFV-LMID/RGB/Tomato/II/Healthy/H_15_RGB_5_3.tiff
train,Tomato\II\Healthy,Healthy,H_15,15,5,30,Datasets/TOBRFV-LMID/RGB/Tomato/II/Healthy/H_15_RGB_5_30.tiff
train,Tomato\II\Healthy,Healthy,H_15,15,5,31,Datasets/TOBRFV-LMID/RGB/Tomato/II/Healthy/H_15_RGB_5_31.tiff
train,Tomato\II\Healthy,Healthy,H_15,15,5,32,Datasets/TOBRFV-LMID/RGB/Tomato/II/Healthy/H_15_RGB_5_32.tiff
train,Tomato\II\Healthy,Healthy,H_15,15,5,33,Datasets/TOBRFV-LMID/RGB/Tomato/II/Healthy/H_15_RGB_5_33.tiff
train,Tomato\II\Healthy,Healthy,H_15,15,5,34,Datasets/TOBRFV-LMID/RGB/Tomato/II/Healthy/H_15_RGB_5_34.tiff
train,Tomato\II\Healthy,Healthy,H_15,15,5,35,Datasets/TOBRFV-LMID/RGB/Tomato/II/Healthy/H_15_RGB_5_35.tiff
train,Tomato\II\Healthy,Healthy,H_15,15,5,36,Datasets/TOBRFV-LMID/RGB/Tomato/II/Healthy/H_15_RGB_5_36.tiff
train,Tomato\II\Healthy,Healthy,H_15,15,5,37,Datasets/TOBRFV-LMID/RGB/Tomato/II/Healthy/H_15_RGB_5_37.tiff
train,Tomato\II\Healthy,Healthy,H_15,15,5,38,Datasets/TOBRFV-LMID/RGB/Tomato/II/Healthy/H_15_RGB_5_38.tiff
train,Tomato\II\Healthy,Healthy,H_15,15,5,39,Datasets/TOBRFV-LMID/RGB/Tomato/II/Healthy/H_15_RGB_5_39.tiff
train,Tomato\II\Healthy,Healthy,H_15,15,5,4,Datasets/TOBRFV-LMID/RGB/Tomato/II/Healthy/H_15_RGB_5_4.tiff
train,Tomato\II\Healthy,Healthy,H_15,15,5,40,Datasets/TOBRFV-LMID/RGB/Tomato/II/Healthy/H_15_RGB_5_40.tiff
train,Tomato\II\Healthy,Healthy,H_15,15,5,5,Datasets/TOBRFV-LMID/RGB/Tomato/II/Healthy/H_15_RGB_5_5.tiff
train,Tomato\II\Healthy,Healthy,H_15,15,5,6,Datasets/TOBRFV-LMID/RGB/Tomato/II/Healthy/H_15_RGB_5_6.tiff
train,Tomato\II\Healthy,Healthy,H_15,15,5,8,Datasets/TOBRFV-LMID/RGB/Tomato/II/Healthy/H_15_RGB_5_8.tiff
train,Tomato\II\Healthy,Healthy,H_15,15,5,9,Datasets/TOBRFV-LMID/RGB/Tomato/II/Healthy/H_15_RGB_5_9.tiff
train,Tomato\II\Healthy,Healthy,H_27,27,0,1,Datasets/TOBRFV-LMID/RGB/Tomato/II/Healthy/H_27_RGB_0_1.tiff
train,Tomato\II\Healthy,Healthy,H_27,27,0,10,Datasets/TOBRFV-LMID/RGB/Tomato/II/Healthy/H_27_RGB_0_10.tiff
train,Tomato\II\Healthy,Healthy,H_27,27,0,11,Datasets/TOBRFV-LMID/RGB/Tomato/II/Healthy/H_27_RGB_0_11.tiff
train,Tomato\II\Healthy,Healthy,H_27,27,0,12,Datasets/TOBRFV-LMID/RGB/Tomato/II/Healthy/H_27_RGB_0_12.tiff
train,Tomato\II\Healthy,Healthy,H_27,27,0,13,Datasets/TOBRFV-LMID/RGB/Tomato/II/Healthy/H_27_RGB_0_13.tiff
train,Tomato\II\Healthy,Healthy,H_27,27,0,14,Datasets/TOBRFV-LMID/RGB/Tomato/II/Healthy/H_27_RGB_0_14.tiff
train,Tomato\II\Healthy,Healthy,H_27,27,0,15,Datasets/TOBRFV-LMID/RGB/Tomato/II/Healthy/H_27_RGB_0_15.tiff
train,Tomato\II\Healthy,Healthy,H_27,27,0,17,Datasets/TOBRFV-LMID/RGB/Tomato/II/Healthy/H_27_RGB_0_17.tiff
train,Tomato\II\Healthy,Healthy,H_27,27,0,19,Datasets/TOBRFV-LMID/RGB/Tomato/II/Healthy/H_27_RGB_0_19.tiff
train,Tomato\II\Healthy,Healthy,H_27,27,0,2,Datasets/TOBRFV-LMID/RGB/Tomato/II/Healthy/H_27_RGB_0_2.tiff
train,Tomato\II\Healthy,Healthy,H_27,27,0,20,Datasets/TOBRFV-LMID/RGB/Tomato/II/Healthy/H_27_RGB_0_20.tiff
train,Tomato\II\Healthy,Healthy,H_27,27,0,21,Datasets/TOBRFV-LMID/RGB/Tomato/II/Healthy/H_27_RGB_0_21.tiff
train,Tomato\II\Healthy,Healthy,H_27,27,0,26,Datasets/TOBRFV-LMID/RGB/Tomato/II/Healthy/H_27_RGB_0_26.tiff
train,Tomato\II\Healthy,Healthy,H_27,27,0,27,Datasets/TOBRFV-LMID/RGB/Tomato/II/Healthy/H_27_RGB_0_27.tiff
train,Tomato\II\Healthy,Healthy,H_27,27,0,28,Datasets/TOBRFV-LMID/RGB/Tomato/II/Healthy/H_27_RGB_0_28.tiff
train,Tomato\II\Healthy,Healthy,H_27,27,0,3,Datasets/TOBRFV-LMID/RGB/Tomato/II/Healthy/H_27_RGB_0_3.tiff
train,Tomato\II\Healthy,Healthy,H_27,27,0,31,Datasets/TOBRFV-LMID/RGB/Tomato/II/Healthy/H_27_RGB_0_31.tiff
train,Tomato\II\Healthy,Healthy,H_27,27,0,33,Datasets/TOBRFV-LMID/RGB/Tomato/II/Healthy/H_27_RGB_0_33.tiff
train,Tomato\II\Healthy,Healthy,H_27,27,0,34,Datasets/TOBRFV-LMID/RGB/Tomato/II/Healthy/H_27_RGB_0_34.tiff
train,Tomato\II\Healthy,Healthy,H_27,27,0,39,Datasets/TOBRFV-LMID/RGB/Tomato/II/Healthy/H_27_RGB_0_39.tiff
train,Tomato\II\Healthy,Healthy,H_27,27,0,4,Datasets/TOBRFV-LMID/RGB/Tomato/II/Healthy/H_27_RGB_0_4.tiff
train,Tomato\II\Healthy,Healthy,H_27,27,0,40,Datasets/TOBRFV-LMID/RGB/Tomato/II/Healthy/H_27_RGB_0_40.tiff
train,Tomato\II\Healthy,Healthy,H_27,27,0,5,Datasets/TOBRFV-LMID/RGB/Tomato/II/Healthy/H_27_RGB_0_5.tiff
train,Tomato\II\Healthy,Healthy,H_27,27,0,6,Datasets/TOBRFV-LMID/RGB/Tomato/II/Healthy/H_27_RGB_0_6.tiff
train,Tomato\II\Healthy,Healthy,H_27,27,0,7,Datasets/TOBRFV-LMID/RGB/Tomato/II/Healthy/H_27_RGB_0_7.tiff
train,Tomato\II\Healthy,Healthy,H_27,27,0,8,Datasets/TOBRFV-LMID/RGB/Tomato/II/Healthy/H_27_RGB_0_8.tiff
train,Tomato\II\Healthy,Healthy,H_27,27,0,9,Datasets/TOBRFV-LMID/RGB/Tomato/II/Healthy/H_27_RGB_0_9.tiff
train,Tomato\II\Healthy,Healthy,H_27,27,15,1,Datasets/TOBRFV-LMID/RGB/Tomato/II/Healthy/H_27_RGB_15_1.tiff
train,Tomato\II\Healthy,Healthy,H_27,27,15,11,Datasets/TOBRFV-LMID/RGB/Tomato/II/Healthy/H_27_RGB_15_11.tiff
train,Tomato\II\Healthy,Healthy,H_27,27,15,12,Datasets/TOBRFV-LMID/RGB/Tomato/II/Healthy/H_27_RGB_15_12.tiff
train,Tomato\II\Healthy,Healthy,H_27,27,15,13,Datasets/TOBRFV-LMID/RGB/Tomato/II/Healthy/H_27_RGB_15_13.tiff
train,Tomato\II\Healthy,Healthy,H_27,27,15,14,Datasets/TOBRFV-LMID/RGB/Tomato/II/Healthy/H_27_RGB_15_14.tiff
train,Tomato\II\Healthy,Healthy,H_27,27,15,15,Datasets/TOBRFV-LMID/RGB/Tomato/II/Healthy/H_27_RGB_15_15.tiff
train,Tomato\II\Healthy,Healthy,H_27,27,15,17,Datasets/TOBRFV-LMID/RGB/Tomato/II/Healthy/H_27_RGB_15_17.tiff
train,Tomato\II\Healthy,Healthy,H_27,27,15,18,Datasets/TOBRFV-LMID/RGB/Tomato/II/Healthy/H_27_RGB_15_18.tiff
train,Tomato\II\Healthy,Healthy,H_27,27,15,2,Datasets/TOBRFV-LMID/RGB/Tomato/II/Healthy/H_27_RGB_15_2.tiff
train,Tomato\II\Healthy,Healthy,H_27,27,15,20,Datasets/TOBRFV-LMID/RGB/Tomato/II/Healthy/H_27_RGB_15_20.tiff
train,Tomato\II\Healthy,Healthy,H_27,27,15,21,Datasets/TOBRFV-LMID/RGB/Tomato/II/Healthy/H_27_RGB_15_21.tiff
train,Tomato\II\Healthy,Healthy,H_27,27,15,23,Datasets/TOBRFV-LMID/RGB/Tomato/II/Healthy/H_27_RGB_15_23.tiff
train,Tomato\II\Healthy,Healthy,H_27,27,15,24,Datasets/TOBRFV-LMID/RGB/Tomato/II/Healthy/H_27_RGB_15_24.tiff
train,Tomato\II\Healthy,Healthy,H_27,27,15,25,Datasets/TOBRFV-LMID/RGB/Tomato/II/Healthy/H_27_RGB_15_25.tiff
train,Tomato\II\Healthy,Healthy,H_27,27,15,28,Datasets/TOBRFV-LMID/RGB/Tomato/II/Healthy/H_27_RGB_15_28.tiff
train,Tomato\II\Healthy,Healthy,H_27,27,15,29,Datasets/TOBRFV-LMID/RGB/Tomato/II/Healthy/H_27_RGB_15_29.tiff
train,Tomato\II\Healthy,Healthy,H_27,27,15,3,Datasets/TOBRFV-LMID/RGB/Tomato/II/Healthy/H_27_RGB_15_3.tiff
train,Tomato\II\Healthy,Healthy,H_27,27,15,30,Datasets/TOBRFV-LMID/RGB/Tomato/II/Healthy/H_27_RGB_15_30.tiff
train,Tomato\II\Healthy,Healthy,H_27,27,15,33,Datasets/TOBRFV-LMID/RGB/Tomato/II/Healthy/H_27_RGB_15_33.tiff
train,Tomato\II\Healthy,Healthy,H_27,27,15,34,Datasets/TOBRFV-LMID/RGB/Tomato/II/Healthy/H_27_RGB_15_34.tiff
train,Tomato\II\Healthy,Healthy,H_27,27,15,35,Datasets/TOBRFV-LMID/RGB/Tomato/II/Healthy/H_27_RGB_15_35.tiff
train,Tomato\II\Healthy,Healthy,H_27,27,15,37,Datasets/TOBRFV-LMID/RGB/Tomato/II/Healthy/H_27_RGB_15_37.tiff
train,Tomato\II\Healthy,Healthy,H_27,27,15,38,Datasets/TOBRFV-LMID/RGB/Tomato/II/Healthy/H_27_RGB_15_38.tiff
train,Tomato\II\Healthy,Healthy,H_27,27,15,39,Datasets/TOBRFV-LMID/RGB/Tomato/II/Healthy/H_27_RGB_15_39.tiff
train,Tomato\II\Healthy,Healthy,H_27,27,15,4,Datasets/TOBRFV-LMID/RGB/Tomato/II/Healthy/H_27_RGB_15_4.tiff
train,Tomato\II\Healthy,Healthy,H_27,27,15,40,Datasets/TOBRFV-LMID/RGB/Tomato/II/Healthy/H_27_RGB_15_40.tiff
train,Tomato\II\Healthy,Healthy,H_27,27,15,8,Datasets/TOBRFV-LMID/RGB/Tomato/II/Healthy/H_27_RGB_15_8.tiff
train,Tomato\II\Healthy,Healthy,H_27,27,15,9,Datasets/TOBRFV-LMID/RGB/Tomato/II/Healthy/H_27_RGB_15_9.tiff
train,Tomato\II\Virus,Virus,V_10,10,0,1,Datasets/TOBRFV-LMID/RGB/Tomato/II/Virus/V_10_RGB_0_1.tiff
train,Tomato\II\Virus,Virus,V_10,10,0,10,Datasets/TOBRFV-LMID/RGB/Tomato/II/Virus/V_10_RGB_0_10.tiff
train,Tomato\II\Virus,Virus,V_10,10,0,11,Datasets/TOBRFV-LMID/RGB/Tomato/II/Virus/V_10_RGB_0_11.tiff
train,Tomato\II\Virus,Virus,V_10,10,0,12,Datasets/TOBRFV-LMID/RGB/Tomato/II/Virus/V_10_RGB_0_12.tiff
train,Tomato\II\Virus,Virus,V_10,10,0,13,Datasets/TOBRFV-LMID/RGB/Tomato/II/Virus/V_10_RGB_0_13.tiff
train,Tomato\II\Virus,Virus,V_10,10,0,14,Datasets/TOBRFV-LMID/RGB/Tomato/II/Virus/V_10_RGB_0_14.tiff
train,Tomato\II\Virus,Virus,V_10,10,0,15,Datasets/TOBRFV-LMID/RGB/Tomato/II/Virus/V_10_RGB_0_15.tiff
train,Tomato\II\Virus,Virus,V_10,10,0,16,Datasets/TOBRFV-LMID/RGB/Tomato/II/Virus/V_10_RGB_0_16.tiff
train,Tomato\II\Virus,Virus,V_10,10,0,17,Datasets/TOBRFV-LMID/RGB/Tomato/II/Virus/V_10_RGB_0_17.tiff
train,Tomato\II\Virus,Virus,V_10,10,0,18,Datasets/TOBRFV-LMID/RGB/Tomato/II/Virus/V_10_RGB_0_18.tiff
train,Tomato\II\Virus,Virus,V_10,10,0,19,Datasets/TOBRFV-LMID/RGB/Tomato/II/Virus/V_10_RGB_0_19.tiff
train,Tomato\II\Virus,Virus,V_10,10,0,2,Datasets/TOBRFV-LMID/RGB/Tomato/II/Virus/V_10_RGB_0_2.tiff
train,Tomato\II\Virus,Virus,V_10,10,0,20,Datasets/TOBRFV-LMID/RGB/Tomato/II/Virus/V_10_RGB_0_20.tiff
train,Tomato\II\Virus,Virus,V_10,10,0,21,Datasets/TOBRFV-LMID/RGB/Tomato/II/Virus/V_10_RGB_0_21.tiff
train,Tomato\II\Virus,Virus,V_10,10,0,22,Datasets/TOBRFV-LMID/RGB/Tomato/II/Virus/V_10_RGB_0_22.tiff
train,Tomato\II\Virus,Virus,V_10,10,0,23,Datasets/TOBRFV-LMID/RGB/Tomato/II/Virus/V_10_RGB_0_23.tiff
train,Tomato\II\Virus,Virus,V_10,10,0,24,Datasets/TOBRFV-LMID/RGB/Tomato/II/Virus/V_10_RGB_0_24.tiff
train,Tomato\II\Virus,Virus,V_10,10,0,25,Datasets/TOBRFV-LMID/RGB/Tomato/II/Virus/V_10_RGB_0_25.tiff
train,Tomato\II\Virus,Virus,V_10,10,0,26,Datasets/TOBRFV-LMID/RGB/Tomato/II/Virus/V_10_RGB_0_26.tiff
train,Tomato\II\Virus,Virus,V_10,10,0,27,Datasets/TOBRFV-LMID/RGB/Tomato/II/Virus/V_10_RGB_0_27.tiff
train,Tomato\II\Virus,Virus,V_10,10,0,28,Datasets/TOBRFV-LMID/RGB/Tomato/II/Virus/V_10_RGB_0_28.tiff
train,Tomato\II\Virus,Virus,V_10,10,0,29,Datasets/TOBRFV-LMID/RGB/Tomato/II/Virus/V_10_RGB_0_29.tiff
train,Tomato\II\Virus,Virus,V_10,10,0,3,Datasets/TOBRFV-LMID/RGB/Tomato/II/Virus/V_10_RGB_0_3.tiff
train,Tomato\II\Virus,Virus,V_10,10,0,30,Datasets/TOBRFV-LMID/RGB/Tomato/II/Virus/V_10_RGB_0_30.tiff
train,Tomato\II\Virus,Virus,V_10,10,0,31,Datasets/TOBRFV-LMID/RGB/Tomato/II/Virus/V_10_RGB_0_31.tiff
train,Tomato\II\Virus,Virus,V_10,10,0,32,Datasets/TOBRFV-LMID/RGB/Tomato/II/Virus/V_10_RGB_0_32.tiff
train,Tomato\II\Virus,Virus,V_10,10,0,33,Datasets/TOBRFV-LMID/RGB/Tomato/II/Virus/V_10_RGB_0_33.tiff
train,Tomato\II\Virus,Virus,V_10,10,0,34,Datasets/TOBRFV-LMID/RGB/Tomato/II/Virus/V_10_RGB_0_34.tiff
train,Tomato\II\Virus,Virus,V_10,10,0,35,Datasets/TOBRFV-LMID/RGB/Tomato/II/Virus/V_10_RGB_0_35.tiff
train,Tomato\II\Virus,Virus,V_10,10,0,36,Datasets/TOBRFV-LMID/RGB/Tomato/II/Virus/V_10_RGB_0_36.tiff
train,Tomato\II\Virus,Virus,V_10,10,0,37,Datasets/TOBRFV-LMID/RGB/Tomato/II/Virus/V_10_RGB_0_37.tiff
train,Tomato\II\Virus,Virus,V_10,10,0,4,Datasets/TOBRFV-LMID/RGB/Tomato/II/Virus/V_10_RGB_0_4.tiff
train,Tomato\II\Virus,Virus,V_10,10,0,5,Datasets/TOBRFV-LMID/RGB/Tomato/II/Virus/V_10_RGB_0_5.tiff
train,Tomato\II\Virus,Virus,V_10,10,0,6,Datasets/TOBRFV-LMID/RGB/Tomato/II/Virus/V_10_RGB_0_6.tiff
train,Tomato\II\Virus,Virus,V_10,10,0,7,Datasets/TOBRFV-LMID/RGB/Tomato/II/Virus/V_10_RGB_0_7.tiff
train,Tomato\II\Virus,Virus,V_10,10,0,8,Datasets/TOBRFV-LMID/RGB/Tomato/II/Virus/V_10_RGB_0_8.tiff
train,Tomato\II\Virus,Virus,V_10,10,0,9,Datasets/TOBRFV-LMID/RGB/Tomato/II/Virus/V_10_RGB_0_9.tiff
train,Tomato\II\Virus,Virus,V_10,10,5,1,Datasets/TOBRFV-LMID/RGB/Tomato/II/Virus/V_10_RGB_5_1.tiff
train,Tomato\II\Virus,Virus,V_10,10,5,10,Datasets/TOBRFV-LMID/RGB/Tomato/II/Virus/V_10_RGB_5_10.tiff
train,Tomato\II\Virus,Virus,V_10,10,5,11,Datasets/TOBRFV-LMID/RGB/Tomato/II/Virus/V_10_RGB_5_11.tiff
train,Tomato\II\Virus,Virus,V_10,10,5,13,Datasets/TOBRFV-LMID/RGB/Tomato/II/Virus/V_10_RGB_5_13.tiff
train,Tomato\II\Virus,Virus,V_10,10,5,14,Datasets/TOBRFV-LMID/RGB/Tomato/II/Virus/V_10_RGB_5_14.tiff
train,Tomato\II\Virus,Virus,V_10,10,5,15,Datasets/TOBRFV-LMID/RGB/Tomato/II/Virus/V_10_RGB_5_15.tiff
train,Tomato\II\Virus,Virus,V_10,10,5,16,Datasets/TOBRFV-LMID/RGB/Tomato/II/Virus/V_10_RGB_5_16.tiff
train,Tomato\II\Virus,Virus,V_10,10,5,17,Datasets/TOBRFV-LMID/RGB/Tomato/II/Virus/V_10_RGB_5_17.tiff
train,Tomato\II\Virus,Virus,V_10,10,5,18,Datasets/TOBRFV-LMID/RGB/Tomato/II/Virus/V_10_RGB_5_18.tiff
train,Tomato\II\Virus,Virus,V_10,10,5,19,Datasets/TOBRFV-LMID/RGB/Tomato/II/Virus/V_10_RGB_5_19.tiff
train,Tomato\II\Virus,Virus,V_10,10,5,2,Datasets/TOBRFV-LMID/RGB/Tomato/II/Virus/V_10_RGB_5_2.tiff
train,Tomato\II\Virus,Virus,V_10,10,5,20,Datasets/TOBRFV-LMID/RGB/Tomato/II/Virus/V_10_RGB_5_20.tiff
train,Tomato\II\Virus,Virus,V_10,10,5,21,Datasets/TOBRFV-LMID/RGB/Tomato/II/Virus/V_10_RGB_5_21.tiff
train,Tomato\II\Virus,Virus,V_10,10,5,22,Datasets/TOBRFV-LMID/RGB/Tomato/II/Virus/V_10_RGB_5_22.tiff
train,Tomato\II\Virus,Virus,V_10,10,5,24,Datasets/TOBRFV-LMID/RGB/Tomato/II/Virus/V_10_RGB_5_24.tiff
train,Tomato\II\Virus,Virus,V_10,10,5,25,Datasets/TOBRFV-LMID/RGB/Tomato/II/Virus/V_10_RGB_5_25.tiff
train,Tomato\II\Virus,Virus,V_10,10,5,26,Datasets/TOBRFV-LMID/RGB/Tomato/II/Virus/V_10_RGB_5_26.tiff
train,Tomato\II\Virus,Virus,V_10,10,5,27,Datasets/TOBRFV-LMID/RGB/Tomato/II/Virus/V_10_RGB_5_27.tiff
train,Tomato\II\Virus,Virus,V_10,10,5,28,Datasets/TOBRFV-LMID/RGB/Tomato/II/Virus/V_10_RGB_5_28.tiff
train,Tomato\II\Virus,Virus,V_10,10,5,29,Datasets/TOBRFV-LMID/RGB/Tomato/II/Virus/V_10_RGB_5_29.tiff
train,Tomato\II\Virus,Virus,V_10,10,5,3,Datasets/TOBRFV-LMID/RGB/Tomato/II/Virus/V_10_RGB_5_3.tiff
train,Tomato\II\Virus,Virus,V_10,10,5,30,Datasets/TOBRFV-LMID/RGB/Tomato/II/Virus/V_10_RGB_5_30.tiff
train,Tomato\II\Virus,Virus,V_10,10,5,31,Datasets/TOBRFV-LMID/RGB/Tomato/II/Virus/V_10_RGB_5_31.tiff
train,Tomato\II\Virus,Virus,V_10,10,5,32,Datasets/TOBRFV-LMID/RGB/Tomato/II/Virus/V_10_RGB_5_32.tiff
train,Tomato\II\Virus,Virus,V_10,10,5,35,Datasets/TOBRFV-LMID/RGB/Tomato/II/Virus/V_10_RGB_5_35.tiff
train,Tomato\II\Virus,Virus,V_10,10,5,36,Datasets/TOBRFV-LMID/RGB/Tomato/II/Virus/V_10_RGB_5_36.tiff
train,Tomato\II\Virus,Virus,V_10,10,5,37,Datasets/TOBRFV-LMID/RGB/Tomato/II/Virus/V_10_RGB_5_37.tiff
train,Tomato\II\Virus,Virus,V_10,10,5,4,Datasets/TOBRFV-LMID/RGB/Tomato/II/Virus/V_10_RGB_5_4.tiff
train,Tomato\II\Virus,Virus,V_10,10,5,40,Datasets/TOBRFV-LMID/RGB/Tomato/II/Virus/V_10_RGB_5_40.tiff
train,Tomato\II\Virus,Virus,V_10,10,5,41,Datasets/TOBRFV-LMID/RGB/Tomato/II/Virus/V_10_RGB_5_41.tiff
train,Tomato\II\Virus,Virus,V_10,10,5,45,Datasets/TOBRFV-LMID/RGB/Tomato/II/Virus/V_10_RGB_5_45.tiff
train,Tomato\II\Virus,Virus,V_10,10,5,5,Datasets/TOBRFV-LMID/RGB/Tomato/II/Virus/V_10_RGB_5_5.tiff
train,Tomato\II\Virus,Virus,V_10,10,5,6,Datasets/TOBRFV-LMID/RGB/Tomato/II/Virus/V_10_RGB_5_6.tiff
train,Tomato\II\Virus,Virus,V_10,10,5,7,Datasets/TOBRFV-LMID/RGB/Tomato/II/Virus/V_10_RGB_5_7.tiff
train,Tomato\II\Virus,Virus,V_10,10,5,8,Datasets/TOBRFV-LMID/RGB/Tomato/II/Virus/V_10_RGB_5_8.tiff
train,Tomato\II\Virus,Virus,V_10,10,5,9,Datasets/TOBRFV-LMID/RGB/Tomato/II/Virus/V_10_RGB_5_9.tiff
train,Tomato\II\Virus,Virus,V_15,15,0,1,Datasets/TOBRFV-LMID/RGB/Tomato/II/Virus/V_15_RGB_0_1.tiff
train,Tomato\II\Virus,Virus,V_15,15,0,10,Datasets/TOBRFV-LMID/RGB/Tomato/II/Virus/V_15_RGB_0_10.tiff
train,Tomato\II\Virus,Virus,V_15,15,0,11,Datasets/TOBRFV-LMID/RGB/Tomato/II/Virus/V_15_RGB_0_11.tiff
train,Tomato\II\Virus,Virus,V_15,15,0,12,Datasets/TOBRFV-LMID/RGB/Tomato/II/Virus/V_15_RGB_0_12.tiff
train,Tomato\II\Virus,Virus,V_15,15,0,14,Datasets/TOBRFV-LMID/RGB/Tomato/II/Virus/V_15_RGB_0_14.tiff
train,Tomato\II\Virus,Virus,V_15,15,0,15,Datasets/TOBRFV-LMID/RGB/Tomato/II/Virus/V_15_RGB_0_15.tiff
train,Tomato\II\Virus,Virus,V_15,15,0,17,Datasets/TOBRFV-LMID/RGB/Tomato/II/Virus/V_15_RGB_0_17.tiff
train,Tomato\II\Virus,Virus,V_15,15,0,19,Datasets/TOBRFV-LMID/RGB/Tomato/II/Virus/V_15_RGB_0_19.tiff
train,Tomato\II\Virus,Virus,V_15,15,0,2,Datasets/TOBRFV-LMID/RGB/Tomato/II/Virus/V_15_RGB_0_2.tiff
train,Tomato\II\Virus,Virus,V_15,15,0,20,Datasets/TOBRFV-LMID/RGB/Tomato/II/Virus/V_15_RGB_0_20.tiff
train,Tomato\II\Virus,Virus,V_15,15,0,21,Datasets/TOBRFV-LMID/RGB/Tomato/II/Virus/V_15_RGB_0_21.tiff
train,Tomato\II\Virus,Virus,V_15,15,0,22,Datasets/TOBRFV-LMID/RGB/Tomato/II/Virus/V_15_RGB_0_22.tiff
train,Tomato\II\Virus,Virus,V_15,15,0,23,Datasets/TOBRFV-LMID/RGB/Tomato/II/Virus/V_15_RGB_0_23.tiff
train,Tomato\II\Virus,Virus,V_15,15,0,24,Datasets/TOBRFV-LMID/RGB/Tomato/II/Virus/V_15_RGB_0_24.tiff
train,Tomato\II\Virus,Virus,V_15,15,0,25,Datasets/TOBRFV-LMID/RGB/Tomato/II/Virus/V_15_RGB_0_25.tiff
train,Tomato\II\Virus,Virus,V_15,15,0,26,Datasets/TOBRFV-LMID/RGB/Tomato/II/Virus/V_15_RGB_0_26.tiff
train,Tomato\II\Virus,Virus,V_15,15,0,27,Datasets/TOBRFV-LMID/RGB/Tomato/II/Virus/V_15_RGB_0_27.tiff
train,Tomato\II\Virus,Virus,V_15,15,0,28,Datasets/TOBRFV-LMID/RGB/Tomato/II/Virus/V_15_RGB_0_28.tiff
train,Tomato\II\Virus,Virus,V_15,15,0,29,Datasets/TOBRFV-LMID/RGB/Tomato/II/Virus/V_15_RGB_0_29.tiff
train,Tomato\II\Virus,Virus,V_15,15,0,3,Datasets/TOBRFV-LMID/RGB/Tomato/II/Virus/V_15_RGB_0_3.tiff
train,Tomato\II\Virus,Virus,V_15,15,0,30,Datasets/TOBRFV-LMID/RGB/Tomato/II/Virus/V_15_RGB_0_30.tiff
train,Tomato\II\Virus,Virus,V_15,15,0,31,Datasets/TOBRFV-LMID/RGB/Tomato/II/Virus/V_15_RGB_0_31.tiff
train,Tomato\II\Virus,Virus,V_15,15,0,32,Datasets/TOBRFV-LMID/RGB/Tomato/II/Virus/V_15_RGB_0_32.tiff
train,Tomato\II\Virus,Virus,V_15,15,0,33,Datasets/TOBRFV-LMID/RGB/Tomato/II/Virus/V_15_RGB_0_33.tiff
train,Tomato\II\Virus,Virus,V_15,15,0,34,Datasets/TOBRFV-LMID/RGB/Tomato/II/Virus/V_15_RGB_0_34.tiff
train,Tomato\II\Virus,Virus,V_15,15,0,35,Datasets/TOBRFV-LMID/RGB/Tomato/II/Virus/V_15_RGB_0_35.tiff
train,Tomato\II\Virus,Virus,V_15,15,0,36,Datasets/TOBRFV-LMID/RGB/Tomato/II/Virus/V_15_RGB_0_36.tiff
train,Tomato\II\Virus,Virus,V_15,15,0,37,Datasets/TOBRFV-LMID/RGB/Tomato/II/Virus/V_15_RGB_0_37.tiff
train,Tomato\II\Virus,Virus,V_15,15,0,39,Datasets/TOBRFV-LMID/RGB/Tomato/II/Virus/V_15_RGB_0_39.tiff
train,Tomato\II\Virus,Virus,V_15,15,0,4,Datasets/TOBRFV-LMID/RGB/Tomato/II/Virus/V_15_RGB_0_4.tiff
train,Tomato\II\Virus,Virus,V_15,15,0,40,Datasets/TOBRFV-LMID/RGB/Tomato/II/Virus/V_15_RGB_0_40.tiff
train,Tomato\II\Virus,Virus,V_15,15,0,41,Datasets/TOBRFV-LMID/RGB/Tomato/II/Virus/V_15_RGB_0_41.tiff
train,Tomato\II\Virus,Virus,V_15,15,0,42,Datasets/TOBRFV-LMID/RGB/Tomato/II/Virus/V_15_RGB_0_42.tiff
train,Tomato\II\Virus,Virus,V_15,15,0,43,Datasets/TOBRFV-LMID/RGB/Tomato/II/Virus/V_15_RGB_0_43.tiff
train,Tomato\II\Virus,Virus,V_15,15,0,44,Datasets/TOBRFV-LMID/RGB/Tomato/II/Virus/V_15_RGB_0_44.tiff
train,Tomato\II\Virus,Virus,V_15,15,0,45,Datasets/TOBRFV-LMID/RGB/Tomato/II/Virus/V_15_RGB_0_45.tiff
train,Tomato\II\Virus,Virus,V_15,15,0,5,Datasets/TOBRFV-LMID/RGB/Tomato/II/Virus/V_15_RGB_0_5.tiff
train,Tomato\II\Virus,Virus,V_15,15,0,6,Datasets/TOBRFV-LMID/RGB/Tomato/II/Virus/V_15_RGB_0_6.tiff
train,Tomato\II\Virus,Virus,V_15,15,0,7,Datasets/TOBRFV-LMID/RGB/Tomato/II/Virus/V_15_RGB_0_7.tiff
train,Tomato\II\Virus,Virus,V_15,15,0,8,Datasets/TOBRFV-LMID/RGB/Tomato/II/Virus/V_15_RGB_0_8.tiff
train,Tomato\II\Virus,Virus,V_15,15,0,9,Datasets/TOBRFV-LMID/RGB/Tomato/II/Virus/V_15_RGB_0_9.tiff
train,Tomato\II\Virus,Virus,V_24,24,0,1,Datasets/TOBRFV-LMID/RGB/Tomato/II/Virus/V_24_RGB_0_1.tiff
train,Tomato\II\Virus,Virus,V_24,24,0,10,Datasets/TOBRFV-LMID/RGB/Tomato/II/Virus/V_24_RGB_0_10.tiff
train,Tomato\II\Virus,Virus,V_24,24,0,11,Datasets/TOBRFV-LMID/RGB/Tomato/II/Virus/V_24_RGB_0_11.tiff
train,Tomato\II\Virus,Virus,V_24,24,0,12,Datasets/TOBRFV-LMID/RGB/Tomato/II/Virus/V_24_RGB_0_12.tiff
train,Tomato\II\Virus,Virus,V_24,24,0,13,Datasets/TOBRFV-LMID/RGB/Tomato/II/Virus/V_24_RGB_0_13.tiff
train,Tomato\II\Virus,Virus,V_24,24,0,15,Datasets/TOBRFV-LMID/RGB/Tomato/II/Virus/V_24_RGB_0_15.tiff
train,Tomato\II\Virus,Virus,V_24,24,0,16,Datasets/TOBRFV-LMID/RGB/Tomato/II/Virus/V_24_RGB_0_16.tiff
train,Tomato\II\Virus,Virus,V_24,24,0,17,Datasets/TOBRFV-LMID/RGB/Tomato/II/Virus/V_24_RGB_0_17.tiff
train,Tomato\II\Virus,Virus,V_24,24,0,18,Datasets/TOBRFV-LMID/RGB/Tomato/II/Virus/V_24_RGB_0_18.tiff
train,Tomato\II\Virus,Virus,V_24,24,0,2,Datasets/TOBRFV-LMID/RGB/Tomato/II/Virus/V_24_RGB_0_2.tiff
train,Tomato\II\Virus,Virus,V_24,24,0,21,Datasets/TOBRFV-LMID/RGB/Tomato/II/Virus/V_24_RGB_0_21.tiff
train,Tomato\II\Virus,Virus,V_24,24,0,22,Datasets/TOBRFV-LMID/RGB/Tomato/II/Virus/V_24_RGB_0_22.tiff
train,Tomato\II\Virus,Virus,V_24,24,0,23,Datasets/TOBRFV-LMID/RGB/Tomato/II/Virus/V_24_RGB_0_23.tiff
train,Tomato\II\Virus,Virus,V_24,24,0,24,Datasets/TOBRFV-LMID/RGB/Tomato/II/Virus/V_24_RGB_0_24.tiff
train,Tomato\II\Virus,Virus,V_24,24,0,25,Datasets/TOBRFV-LMID/RGB/Tomato/II/Virus/V_24_RGB_0_25.tiff
train,Tomato\II\Virus,Virus,V_24,24,0,26,Datasets/TOBRFV-LMID/RGB/Tomato/II/Virus/V_24_RGB_0_26.tiff
train,Tomato\II\Virus,Virus,V_24,24,0,27,Datasets/TOBRFV-LMID/RGB/Tomato/II/Virus/V_24_RGB_0_27.tiff
train,Tomato\II\Virus,Virus,V_24,24,0,28,Datasets/TOBRFV-LMID/RGB/Tomato/II/Virus/V_24_RGB_0_28.tiff
train,Tomato\II\Virus,Virus,V_24,24,0,29,Datasets/TOBRFV-LMID/RGB/Tomato/II/Virus/V_24_RGB_0_29.tiff
train,Tomato\II\Virus,Virus,V_24,24,0,3,Datasets/TOBRFV-LMID/RGB/Tomato/II/Virus/V_24_RGB_0_3.tiff
train,Tomato\II\Virus,Virus,V_24,24,0,30,Datasets/TOBRFV-LMID/RGB/Tomato/II/Virus/V_24_RGB_0_30.tiff
train,Tomato\II\Virus,Virus,V_24,24,0,31,Datasets/TOBRFV-LMID/RGB/Tomato/II/Virus/V_24_RGB_0_31.tiff
train,Tomato\II\Virus,Virus,V_24,24,0,32,Datasets/TOBRFV-LMID/RGB/Tomato/II/Virus/V_24_RGB_0_32.tiff
train,Tomato\II\Virus,Virus,V_24,24,0,34,Datasets/TOBRFV-LMID/RGB/Tomato/II/Virus/V_24_RGB_0_34.tiff
train,Tomato\II\Virus,Virus,V_24,24,0,35,Datasets/TOBRFV-LMID/RGB/Tomato/II/Virus/V_24_RGB_0_35.tiff
train,Tomato\II\Virus,Virus,V_24,24,0,36,Datasets/TOBRFV-LMID/RGB/Tomato/II/Virus/V_24_RGB_0_36.tiff
train,Tomato\II\Virus,Virus,V_24,24,0,37,Datasets/TOBRFV-LMID/RGB/Tomato/II/Virus/V_24_RGB_0_37.tiff
train,Tomato\II\Virus,Virus,V_24,24,0,38,Datasets/TOBRFV-LMID/RGB/Tomato/II/Virus/V_24_RGB_0_38.tiff
train,Tomato\II\Virus,Virus,V_24,24,0,39,Datasets/TOBRFV-LMID/RGB/Tomato/II/Virus/V_24_RGB_0_39.tiff
train,Tomato\II\Virus,Virus,V_24,24,0,4,Datasets/TOBRFV-LMID/RGB/Tomato/II/Virus/V_24_RGB_0_4.tiff
train,Tomato\II\Virus,Virus,V_24,24,0,40,Datasets/TOBRFV-LMID/RGB/Tomato/II/Virus/V_24_RGB_0_40.tiff
train,Tomato\II\Virus,Virus,V_24,24,0,41,Datasets/TOBRFV-LMID/RGB/Tomato/II/Virus/V_24_RGB_0_41.tiff
train,Tomato\II\Virus,Virus,V_24,24,0,42,Datasets/TOBRFV-LMID/RGB/Tomato/II/Virus/V_24_RGB_0_42.tiff
train,Tomato\II\Virus,Virus,V_24,24,0,43,Datasets/TOBRFV-LMID/RGB/Tomato/II/Virus/V_24_RGB_0_43.tiff
train,Tomato\II\Virus,Virus,V_24,24,0,45,Datasets/TOBRFV-LMID/RGB/Tomato/II/Virus/V_24_RGB_0_45.tiff
train,Tomato\II\Virus,Virus,V_24,24,0,5,Datasets/TOBRFV-LMID/RGB/Tomato/II/Virus/V_24_RGB_0_5.tiff
train,Tomato\II\Virus,Virus,V_24,24,0,6,Datasets/TOBRFV-LMID/RGB/Tomato/II/Virus/V_24_RGB_0_6.tiff
train,Tomato\II\Virus,Virus,V_24,24,0,7,Datasets/TOBRFV-LMID/RGB/Tomato/II/Virus/V_24_RGB_0_7.tiff
train,Tomato\II\Virus,Virus,V_24,24,0,8,Datasets/TOBRFV-LMID/RGB/Tomato/II/Virus/V_24_RGB_0_8.tiff
train,Tomato\II\Virus,Virus,V_24,24,0,9,Datasets/TOBRFV-LMID/RGB/Tomato/II/Virus/V_24_RGB_0_9.tiff
train,Tomato\II\Virus,Virus,V_24,24,15,1,Datasets/TOBRFV-LMID/RGB/Tomato/II/Virus/V_24_RGB_15_1.tiff
train,Tomato\II\Virus,Virus,V_24,24,15,10,Datasets/TOBRFV-LMID/RGB/Tomato/II/Virus/V_24_RGB_15_10.tiff
train,Tomato\II\Virus,Virus,V_24,24,15,11,Datasets/TOBRFV-LMID/RGB/Tomato/II/Virus/V_24_RGB_15_11.tiff
train,Tomato\II\Virus,Virus,V_24,24,15,12,Datasets/TOBRFV-LMID/RGB/Tomato/II/Virus/V_24_RGB_15_12.tiff
train,Tomato\II\Virus,Virus,V_24,24,15,13,Datasets/TOBRFV-LMID/RGB/Tomato/II/Virus/V_24_RGB_15_13.tiff
train,Tomato\II\Virus,Virus,V_24,24,15,14,Datasets/TOBRFV-LMID/RGB/Tomato/II/Virus/V_24_RGB_15_14.tiff
train,Tomato\II\Virus,Virus,V_24,24,15,15,Datasets/TOBRFV-LMID/RGB/Tomato/II/Virus/V_24_RGB_15_15.tiff
train,Tomato\II\Virus,Virus,V_24,24,15,16,Datasets/TOBRFV-LMID/RGB/Tomato/II/Virus/V_24_RGB_15_16.tiff
train,Tomato\II\Virus,Virus,V_24,24,15,17,Datasets/TOBRFV-LMID/RGB/Tomato/II/Virus/V_24_RGB_15_17.tiff
train,Tomato\II\Virus,Virus,V_24,24,15,2,Datasets/TOBRFV-LMID/RGB/Tomato/II/Virus/V_24_RGB_15_2.tiff
train,Tomato\II\Virus,Virus,V_24,24,15,22,Datasets/TOBRFV-LMID/RGB/Tomato/II/Virus/V_24_RGB_15_22.tiff
train,Tomato\II\Virus,Virus,V_24,24,15,24,Datasets/TOBRFV-LMID/RGB/Tomato/II/Virus/V_24_RGB_15_24.tiff
train,Tomato\II\Virus,Virus,V_24,24,15,25,Datasets/TOBRFV-LMID/RGB/Tomato/II/Virus/V_24_RGB_15_25.tiff
train,Tomato\II\Virus,Virus,V_24,24,15,26,Datasets/TOBRFV-LMID/RGB/Tomato/II/Virus/V_24_RGB_15_26.tiff
train,Tomato\II\Virus,Virus,V_24,24,15,27,Datasets/TOBRFV-LMID/RGB/Tomato/II/Virus/V_24_RGB_15_27.tiff
train,Tomato\II\Virus,Virus,V_24,24,15,28,Datasets/TOBRFV-LMID/RGB/Tomato/II/Virus/V_24_RGB_15_28.tiff
train,Tomato\II\Virus,Virus,V_24,24,15,29,Datasets/TOBRFV-LMID/RGB/Tomato/II/Virus/V_24_RGB_15_29.tiff
train,Tomato\II\Virus,Virus,V_24,24,15,3,Datasets/TOBRFV-LMID/RGB/Tomato/II/Virus/V_24_RGB_15_3.tiff
train,Tomato\II\Virus,Virus,V_24,24,15,30,Datasets/TOBRFV-LMID/RGB/Tomato/II/Virus/V_24_RGB_15_30.tiff
train,Tomato\II\Virus,Virus,V_24,24,15,31,Datasets/TOBRFV-LMID/RGB/Tomato/II/Virus/V_24_RGB_15_31.tiff
train,Tomato\II\Virus,Virus,V_24,24,15,32,Datasets/TOBRFV-LMID/RGB/Tomato/II/Virus/V_24_RGB_15_32.tiff
train,Tomato\II\Virus,Virus,V_24,24,15,33,Datasets/TOBRFV-LMID/RGB/Tomato/II/Virus/V_24_RGB_15_33.tiff
train,Tomato\II\Virus,Virus,V_24,24,15,34,Datasets/TOBRFV-LMID/RGB/Tomato/II/Virus/V_24_RGB_15_34.tiff
train,Tomato\II\Virus,Virus,V_24,24,15,35,Datasets/TOBRFV-LMID/RGB/Tomato/II/Virus/V_24_RGB_15_35.tiff
train,Tomato\II\Virus,Virus,V_24,24,15,36,Datasets/TOBRFV-LMID/RGB/Tomato/II/Virus/V_24_RGB_15_36.tiff
train,Tomato\II\Virus,Virus,V_24,24,15,37,Datasets/TOBRFV-LMID/RGB/Tomato/II/Virus/V_24_RGB_15_37.tiff
train,Tomato\II\Virus,Virus,V_24,24,15,38,Datasets/TOBRFV-LMID/RGB/Tomato/II/Virus/V_24_RGB_15_38.tiff
train,Tomato\II\Virus,Virus,V_24,24,15,39,Datasets/TOBRFV-LMID/RGB/Tomato/II/Virus/V_24_RGB_15_39.tiff
train,Tomato\II\Virus,Virus,V_24,24,15,4,Datasets/TOBRFV-LMID/RGB/Tomato/II/Virus/V_24_RGB_15_4.tiff
train,Tomato\II\Virus,Virus,V_24,24,15,40,Datasets/TOBRFV-LMID/RGB/Tomato/II/Virus/V_24_RGB_15_40.tiff
train,Tomato\II\Virus,Virus,V_24,24,15,41,Datasets/TOBRFV-LMID/RGB/Tomato/II/Virus/V_24_RGB_15_41.tiff
train,Tomato\II\Virus,Virus,V_24,24,15,43,Datasets/TOBRFV-LMID/RGB/Tomato/II/Virus/V_24_RGB_15_43.tiff
train,Tomato\II\Virus,Virus,V_24,24,15,44,Datasets/TOBRFV-LMID/RGB/Tomato/II/Virus/V_24_RGB_15_44.tiff
train,Tomato\II\Virus,Virus,V_24,24,15,45,Datasets/TOBRFV-LMID/RGB/Tomato/II/Virus/V_24_RGB_15_45.tiff
train,Tomato\II\Virus,Virus,V_24,24,15,5,Datasets/TOBRFV-LMID/RGB/Tomato/II/Virus/V_24_RGB_15_5.tiff
train,Tomato\II\Virus,Virus,V_24,24,15,6,Datasets/TOBRFV-LMID/RGB/Tomato/II/Virus/V_24_RGB_15_6.tiff
train,Tomato\II\Virus,Virus,V_24,24,15,7,Datasets/TOBRFV-LMID/RGB/Tomato/II/Virus/V_24_RGB_15_7.tiff
train,Tomato\II\Virus,Virus,V_24,24,15,8,Datasets/TOBRFV-LMID/RGB/Tomato/II/Virus/V_24_RGB_15_8.tiff
train,Tomato\II\Virus,Virus,V_24,24,15,9,Datasets/TOBRFV-LMID/RGB/Tomato/II/Virus/V_24_RGB_15_9.tiff
train,Tomato\II\Virus,Virus,V_28,28,0,10,Datasets/TOBRFV-LMID/RGB/Tomato/II/Virus/V_28_RGB_0_10.tiff
train,Tomato\II\Virus,Virus,V_28,28,0,12,Datasets/TOBRFV-LMID/RGB/Tomato/II/Virus/V_28_RGB_0_12.tiff
train,Tomato\II\Virus,Virus,V_28,28,0,14,Datasets/TOBRFV-LMID/RGB/Tomato/II/Virus/V_28_RGB_0_14.tiff
train,Tomato\II\Virus,Virus,V_28,28,0,15,Datasets/TOBRFV-LMID/RGB/Tomato/II/Virus/V_28_RGB_0_15.tiff
train,Tomato\II\Virus,Virus,V_28,28,0,16,Datasets/TOBRFV-LMID/RGB/Tomato/II/Virus/V_28_RGB_0_16.tiff
train,Tomato\II\Virus,Virus,V_28,28,0,17,Datasets/TOBRFV-LMID/RGB/Tomato/II/Virus/V_28_RGB_0_17.tiff
train,Tomato\II\Virus,Virus,V_28,28,0,18,Datasets/TOBRFV-LMID/RGB/Tomato/II/Virus/V_28_RGB_0_18.tiff
train,Tomato\II\Virus,Virus,V_28,28,0,24,Datasets/TOBRFV-LMID/RGB/Tomato/II/Virus/V_28_RGB_0_24.tiff
train,Tomato\II\Virus,Virus,V_28,28,0,25,Datasets/TOBRFV-LMID/RGB/Tomato/II/Virus/V_28_RGB_0_25.tiff
train,Tomato\II\Virus,Virus,V_28,28,0,26,Datasets/TOBRFV-LMID/RGB/Tomato/II/Virus/V_28_RGB_0_26.tiff
train,Tomato\II\Virus,Virus,V_28,28,0,27,Datasets/TOBRFV-LMID/RGB/Tomato/II/Virus/V_28_RGB_0_27.tiff
train,Tomato\II\Virus,Virus,V_28,28,0,28,Datasets/TOBRFV-LMID/RGB/Tomato/II/Virus/V_28_RGB_0_28.tiff
train,Tomato\II\Virus,Virus,V_28,28,0,29,Datasets/TOBRFV-LMID/RGB/Tomato/II/Virus/V_28_RGB_0_29.tiff
train,Tomato\II\Virus,Virus,V_28,28,0,30,Datasets/TOBRFV-LMID/RGB/Tomato/II/Virus/V_28_RGB_0_30.tiff
train,Tomato\II\Virus,Virus,V_28,28,0,33,Datasets/TOBRFV-LMID/RGB/Tomato/II/Virus/V_28_RGB_0_33.tiff
train,Tomato\II\Virus,Virus,V_28,28,0,34,Datasets/TOBRFV-LMID/RGB/Tomato/II/Virus/V_28_RGB_0_34.tiff
train,Tomato\II\Virus,Virus,V_28,28,0,35,Datasets/TOBRFV-LMID/RGB/Tomato/II/Virus/V_28_RGB_0_35.tiff
train,Tomato\II\Virus,Virus,V_28,28,0,36,Datasets/TOBRFV-LMID/RGB/Tomato/II/Virus/V_28_RGB_0_36.tiff
train,Tomato\II\Virus,Virus,V_28,28,0,37,Datasets/TOBRFV-LMID/RGB/Tomato/II/Virus/V_28_RGB_0_37.tiff
train,Tomato\II\Virus,Virus,V_28,28,0,38,Datasets/TOBRFV-LMID/RGB/Tomato/II/Virus/V_28_RGB_0_38.tiff
train,Tomato\II\Virus,Virus,V_28,28,0,39,Datasets/TOBRFV-LMID/RGB/Tomato/II/Virus/V_28_RGB_0_39.tiff
train,Tomato\II\Virus,Virus,V_28,28,0,4,Datasets/TOBRFV-LMID/RGB/Tomato/II/Virus/V_28_RGB_0_4.tiff
train,Tomato\II\Virus,Virus,V_28,28,0,40,Datasets/TOBRFV-LMID/RGB/Tomato/II/Virus/V_28_RGB_0_40.tiff
train,Tomato\II\Virus,Virus,V_28,28,0,41,Datasets/TOBRFV-LMID/RGB/Tomato/II/Virus/V_28_RGB_0_41.tiff
train,Tomato\II\Virus,Virus,V_28,28,0,42,Datasets/TOBRFV-LMID/RGB/Tomato/II/Virus/V_28_RGB_0_42.tiff
train,Tomato\II\Virus,Virus,V_28,28,0,43,Datasets/TOBRFV-LMID/RGB/Tomato/II/Virus/V_28_RGB_0_43.tiff
train,Tomato\II\Virus,Virus,V_28,28,0,44,Datasets/TOBRFV-LMID/RGB/Tomato/II/Virus/V_28_RGB_0_44.tiff
train,Tomato\II\Virus,Virus,V_28,28,0,45,Datasets/TOBRFV-LMID/RGB/Tomato/II/Virus/V_28_RGB_0_45.tiff
train,Tomato\II\Virus,Virus,V_28,28,0,5,Datasets/TOBRFV-LMID/RGB/Tomato/II/Virus/V_28_RGB_0_5.tiff
train,Tomato\II\Virus,Virus,V_28,28,0,6,Datasets/TOBRFV-LMID/RGB/Tomato/II/Virus/V_28_RGB_0_6.tiff
train,Tomato\II\Virus,Virus,V_28,28,0,7,Datasets/TOBRFV-LMID/RGB/Tomato/II/Virus/V_28_RGB_0_7.tiff
train,Tomato\II\Virus,Virus,V_28,28,0,8,Datasets/TOBRFV-LMID/RGB/Tomato/II/Virus/V_28_RGB_0_8.tiff
train,Tomato\II\Virus,Virus,V_28,28,0,9,Datasets/TOBRFV-LMID/RGB/Tomato/II/Virus/V_28_RGB_0_9.tiff
train,Tomato\II\Virus,Virus,V_28,28,15,1,Datasets/TOBRFV-LMID/RGB/Tomato/II/Virus/V_28_RGB_15_1.tiff
train,Tomato\II\Virus,Virus,V_28,28,15,13,Datasets/TOBRFV-LMID/RGB/Tomato/II/Virus/V_28_RGB_15_13.tiff
train,Tomato\II\Virus,Virus,V_28,28,15,14,Datasets/TOBRFV-LMID/RGB/Tomato/II/Virus/V_28_RGB_15_14.tiff
train,Tomato\II\Virus,Virus,V_28,28,15,16,Datasets/TOBRFV-LMID/RGB/Tomato/II/Virus/V_28_RGB_15_16.tiff
train,Tomato\II\Virus,Virus,V_28,28,15,17,Datasets/TOBRFV-LMID/RGB/Tomato/II/Virus/V_28_RGB_15_17.tiff
train,Tomato\II\Virus,Virus,V_28,28,15,18,Datasets/TOBRFV-LMID/RGB/Tomato/II/Virus/V_28_RGB_15_18.tiff
train,Tomato\II\Virus,Virus,V_28,28,15,2,Datasets/TOBRFV-LMID/RGB/Tomato/II/Virus/V_28_RGB_15_2.tiff
train,Tomato\II\Virus,Virus,V_28,28,15,22,Datasets/TOBRFV-LMID/RGB/Tomato/II/Virus/V_28_RGB_15_22.tiff
train,Tomato\II\Virus,Virus,V_28,28,15,23,Datasets/TOBRFV-LMID/RGB/Tomato/II/Virus/V_28_RGB_15_23.tiff
train,Tomato\II\Virus,Virus,V_28,28,15,24,Datasets/TOBRFV-LMID/RGB/Tomato/II/Virus/V_28_RGB_15_24.tiff
train,Tomato\II\Virus,Virus,V_28,28,15,29,Datasets/TOBRFV-LMID/RGB/Tomato/II/Virus/V_28_RGB_15_29.tiff
train,Tomato\II\Virus,Virus,V_28,28,15,3,Datasets/TOBRFV-LMID/RGB/Tomato/II/Virus/V_28_RGB_15_3.tiff
train,Tomato\II\Virus,Virus,V_28,28,15,30,Datasets/TOBRFV-LMID/RGB/Tomato/II/Virus/V_28_RGB_15_30.tiff
train,Tomato\II\Virus,Virus,V_28,28,15,31,Datasets/TOBRFV-LMID/RGB/Tomato/II/Virus/V_28_RGB_15_31.tiff
train,Tomato\II\Virus,Virus,V_28,28,15,32,Datasets/TOBRFV-LMID/RGB/Tomato/II/Virus/V_28_RGB_15_32.tiff
train,Tomato\II\Virus,Virus,V_28,28,15,33,Datasets/TOBRFV-LMID/RGB/Tomato/II/Virus/V_28_RGB_15_33.tiff
train,Tomato\II\Virus,Virus,V_28,28,15,34,Datasets/TOBRFV-LMID/RGB/Tomato/II/Virus/V_28_RGB_15_34.tiff
train,Tomato\II\Virus,Virus,V_28,28,15,36,Datasets/TOBRFV-LMID/RGB/Tomato/II/Virus/V_28_RGB_15_36.tiff
train,Tomato\II\Virus,Virus,V_28,28,15,37,Datasets/TOBRFV-LMID/RGB/Tomato/II/Virus/V_28_RGB_15_37.tiff
train,Tomato\II\Virus,Virus,V_28,28,15,38,Datasets/TOBRFV-LMID/RGB/Tomato/II/Virus/V_28_RGB_15_38.tiff
train,Tomato\II\Virus,Virus,V_28,28,15,39,Datasets/TOBRFV-LMID/RGB/Tomato/II/Virus/V_28_RGB_15_39.tiff
train,Tomato\II\Virus,Virus,V_28,28,15,4,Datasets/TOBRFV-LMID/RGB/Tomato/II/Virus/V_28_RGB_15_4.tiff
train,Tomato\II\Virus,Virus,V_28,28,15,40,Datasets/TOBRFV-LMID/RGB/Tomato/II/Virus/V_28_RGB_15_40.tiff
train,Tomato\II\Virus,Virus,V_28,28,15,42,Datasets/TOBRFV-LMID/RGB/Tomato/II/Virus/V_28_RGB_15_42.tiff
train,Tomato\II\Virus,Virus,V_28,28,15,43,Datasets/TOBRFV-LMID/RGB/Tomato/II/Virus/V_28_RGB_15_43.tiff
train,Tomato\II\Virus,Virus,V_28,28,15,44,Datasets/TOBRFV-LMID/RGB/Tomato/II/Virus/V_28_RGB_15_44.tiff
train,Tomato\II\Virus,Virus,V_28,28,15,45,Datasets/TOBRFV-LMID/RGB/Tomato/II/Virus/V_28_RGB_15_45.tiff
train,Tomato\II\Virus,Virus,V_28,28,15,5,Datasets/TOBRFV-LMID/RGB/Tomato/II/Virus/V_28_RGB_15_5.tiff
train,Tomato\II\Virus,Virus,V_28,28,15,6,Datasets/TOBRFV-LMID/RGB/Tomato/II/Virus/V_28_RGB_15_6.tiff
train,Tomato\II\Virus,Virus,V_28,28,15,7,Datasets/TOBRFV-LMID/RGB/Tomato/II/Virus/V_28_RGB_15_7.tiff
train,Tomato\II\Virus,Virus,V_19,19,0,1,Datasets/TOBRFV-LMID/RGB/Tomato/II/Virus/V_19_RGB_0_1.tiff
train,Tomato\II\Virus,Virus,V_19,19,0,10,Datasets/TOBRFV-LMID/RGB/Tomato/II/Virus/V_19_RGB_0_10.tiff
train,Tomato\II\Virus,Virus,V_19,19,0,11,Datasets/TOBRFV-LMID/RGB/Tomato/II/Virus/V_19_RGB_0_11.tiff
train,Tomato\II\Virus,Virus,V_19,19,0,12,Datasets/TOBRFV-LMID/RGB/Tomato/II/Virus/V_19_RGB_0_12.tiff
train,Tomato\II\Virus,Virus,V_19,19,0,13,Datasets/TOBRFV-LMID/RGB/Tomato/II/Virus/V_19_RGB_0_13.tiff
train,Tomato\II\Virus,Virus,V_19,19,0,14,Datasets/TOBRFV-LMID/RGB/Tomato/II/Virus/V_19_RGB_0_14.tiff
train,Tomato\II\Virus,Virus,V_19,19,0,15,Datasets/TOBRFV-LMID/RGB/Tomato/II/Virus/V_19_RGB_0_15.tiff
train,Tomato\II\Virus,Virus,V_19,19,0,16,Datasets/TOBRFV-LMID/RGB/Tomato/II/Virus/V_19_RGB_0_16.tiff
train,Tomato\II\Virus,Virus,V_19,19,0,17,Datasets/TOBRFV-LMID/RGB/Tomato/II/Virus/V_19_RGB_0_17.tiff
train,Tomato\II\Virus,Virus,V_19,19,0,18,Datasets/TOBRFV-LMID/RGB/Tomato/II/Virus/V_19_RGB_0_18.tiff
train,Tomato\II\Virus,Virus,V_19,19,0,19,Datasets/TOBRFV-LMID/RGB/Tomato/II/Virus/V_19_RGB_0_19.tiff
train,Tomato\II\Virus,Virus,V_19,19,0,2,Datasets/TOBRFV-LMID/RGB/Tomato/II/Virus/V_19_RGB_0_2.tiff
train,Tomato\II\Virus,Virus,V_19,19,0,20,Datasets/TOBRFV-LMID/RGB/Tomato/II/Virus/V_19_RGB_0_20.tiff
train,Tomato\II\Virus,Virus,V_19,19,0,21,Datasets/TOBRFV-LMID/RGB/Tomato/II/Virus/V_19_RGB_0_21.tiff
train,Tomato\II\Virus,Virus,V_19,19,0,22,Datasets/TOBRFV-LMID/RGB/Tomato/II/Virus/V_19_RGB_0_22.tiff
train,Tomato\II\Virus,Virus,V_19,19,0,23,Datasets/TOBRFV-LMID/RGB/Tomato/II/Virus/V_19_RGB_0_23.tiff
train,Tomato\II\Virus,Virus,V_19,19,0,24,Datasets/TOBRFV-LMID/RGB/Tomato/II/Virus/V_19_RGB_0_24.tiff
train,Tomato\II\Virus,Virus,V_19,19,0,25,Datasets/TOBRFV-LMID/RGB/Tomato/II/Virus/V_19_RGB_0_25.tiff
train,Tomato\II\Virus,Virus,V_19,19,0,26,Datasets/TOBRFV-LMID/RGB/Tomato/II/Virus/V_19_RGB_0_26.tiff
train,Tomato\II\Virus,Virus,V_19,19,0,27,Datasets/TOBRFV-LMID/RGB/Tomato/II/Virus/V_19_RGB_0_27.tiff
train,Tomato\II\Virus,Virus,V_19,19,0,28,Datasets/TOBRFV-LMID/RGB/Tomato/II/Virus/V_19_RGB_0_28.tiff
train,Tomato\II\Virus,Virus,V_19,19,0,29,Datasets/TOBRFV-LMID/RGB/Tomato/II/Virus/V_19_RGB_0_29.tiff
train,Tomato\II\Virus,Virus,V_19,19,0,3,Datasets/TOBRFV-LMID/RGB/Tomato/II/Virus/V_19_RGB_0_3.tiff
train,Tomato\II\Virus,Virus,V_19,19,0,30,Datasets/TOBRFV-LMID/RGB/Tomato/II/Virus/V_19_RGB_0_30.tiff
train,Tomato\II\Virus,Virus,V_19,19,0,31,Datasets/TOBRFV-LMID/RGB/Tomato/II/Virus/V_19_RGB_0_31.tiff
train,Tomato\II\Virus,Virus,V_19,19,0,32,Datasets/TOBRFV-LMID/RGB/Tomato/II/Virus/V_19_RGB_0_32.tiff
train,Tomato\II\Virus,Virus,V_19,19,0,33,Datasets/TOBRFV-LMID/RGB/Tomato/II/Virus/V_19_RGB_0_33.tiff
train,Tomato\II\Virus,Virus,V_19,19,0,34,Datasets/TOBRFV-LMID/RGB/Tomato/II/Virus/V_19_RGB_0_34.tiff
train,Tomato\II\Virus,Virus,V_19,19,0,35,Datasets/TOBRFV-LMID/RGB/Tomato/II/Virus/V_19_RGB_0_35.tiff
train,Tomato\II\Virus,Virus,V_19,19,0,36,Datasets/TOBRFV-LMID/RGB/Tomato/II/Virus/V_19_RGB_0_36.tiff
train,Tomato\II\Virus,Virus,V_19,19,0,37,Datasets/TOBRFV-LMID/RGB/Tomato/II/Virus/V_19_RGB_0_37.tiff
train,Tomato\II\Virus,Virus,V_19,19,0,38,Datasets/TOBRFV-LMID/RGB/Tomato/II/Virus/V_19_RGB_0_38.tiff
train,Tomato\II\Virus,Virus,V_19,19,0,39,Datasets/TOBRFV-LMID/RGB/Tomato/II/Virus/V_19_RGB_0_39.tiff
train,Tomato\II\Virus,Virus,V_19,19,0,4,Datasets/TOBRFV-LMID/RGB/Tomato/II/Virus/V_19_RGB_0_4.tiff
train,Tomato\II\Virus,Virus,V_19,19,0,40,Datasets/TOBRFV-LMID/RGB/Tomato/II/Virus/V_19_RGB_0_40.tiff
train,Tomato\II\Virus,Virus,V_19,19,0,41,Datasets/TOBRFV-LMID/RGB/Tomato/II/Virus/V_19_RGB_0_41.tiff
train,Tomato\II\Virus,Virus,V_19,19,0,42,Datasets/TOBRFV-LMID/RGB/Tomato/II/Virus/V_19_RGB_0_42.tiff
train,Tomato\II\Virus,Virus,V_19,19,0,43,Datasets/TOBRFV-LMID/RGB/Tomato/II/Virus/V_19_RGB_0_43.tiff
train,Tomato\II\Virus,Virus,V_19,19,0,44,Datasets/TOBRFV-LMID/RGB/Tomato/II/Virus/V_19_RGB_0_44.tiff
train,Tomato\II\Virus,Virus,V_19,19,0,45,Datasets/TOBRFV-LMID/RGB/Tomato/II/Virus/V_19_RGB_0_45.tiff
train,Tomato\II\Virus,Virus,V_19,19,0,5,Datasets/TOBRFV-LMID/RGB/Tomato/II/Virus/V_19_RGB_0_5.tiff
train,Tomato\II\Virus,Virus,V_19,19,0,6,Datasets/TOBRFV-LMID/RGB/Tomato/II/Virus/V_19_RGB_0_6.tiff
train,Tomato\II\Virus,Virus,V_19,19,0,7,Datasets/TOBRFV-LMID/RGB/Tomato/II/Virus/V_19_RGB_0_7.tiff
train,Tomato\II\Virus,Virus,V_19,19,0,8,Datasets/TOBRFV-LMID/RGB/Tomato/II/Virus/V_19_RGB_0_8.tiff
train,Tomato\II\Virus,Virus,V_19,19,0,9,Datasets/TOBRFV-LMID/RGB/Tomato/II/Virus/V_19_RGB_0_9.tiff
train,Tomato\II\Virus,Virus,V_21,21,0,1,Datasets/TOBRFV-LMID/RGB/Tomato/II/Virus/V_21_RGB_0_1.tiff
train,Tomato\II\Virus,Virus,V_21,21,0,10,Datasets/TOBRFV-LMID/RGB/Tomato/II/Virus/V_21_RGB_0_10.tiff
train,Tomato\II\Virus,Virus,V_21,21,0,11,Datasets/TOBRFV-LMID/RGB/Tomato/II/Virus/V_21_RGB_0_11.tiff
train,Tomato\II\Virus,Virus,V_21,21,0,12,Datasets/TOBRFV-LMID/RGB/Tomato/II/Virus/V_21_RGB_0_12.tiff
train,Tomato\II\Virus,Virus,V_21,21,0,13,Datasets/TOBRFV-LMID/RGB/Tomato/II/Virus/V_21_RGB_0_13.tiff
train,Tomato\II\Virus,Virus,V_21,21,0,14,Datasets/TOBRFV-LMID/RGB/Tomato/II/Virus/V_21_RGB_0_14.tiff
train,Tomato\II\Virus,Virus,V_21,21,0,15,Datasets/TOBRFV-LMID/RGB/Tomato/II/Virus/V_21_RGB_0_15.tiff
train,Tomato\II\Virus,Virus,V_21,21,0,16,Datasets/TOBRFV-LMID/RGB/Tomato/II/Virus/V_21_RGB_0_16.tiff
train,Tomato\II\Virus,Virus,V_21,21,0,17,Datasets/TOBRFV-LMID/RGB/Tomato/II/Virus/V_21_RGB_0_17.tiff
train,Tomato\II\Virus,Virus,V_21,21,0,18,Datasets/TOBRFV-LMID/RGB/Tomato/II/Virus/V_21_RGB_0_18.tiff
train,Tomato\II\Virus,Virus,V_21,21,0,2,Datasets/TOBRFV-LMID/RGB/Tomato/II/Virus/V_21_RGB_0_2.tiff
train,Tomato\II\Virus,Virus,V_21,21,0,21,Datasets/TOBRFV-LMID/RGB/Tomato/II/Virus/V_21_RGB_0_21.tiff
train,Tomato\II\Virus,Virus,V_21,21,0,22,Datasets/TOBRFV-LMID/RGB/Tomato/II/Virus/V_21_RGB_0_22.tiff
train,Tomato\II\Virus,Virus,V_21,21,0,23,Datasets/TOBRFV-LMID/RGB/Tomato/II/Virus/V_21_RGB_0_23.tiff
train,Tomato\II\Virus,Virus,V_21,21,0,24,Datasets/TOBRFV-LMID/RGB/Tomato/II/Virus/V_21_RGB_0_24.tiff
train,Tomato\II\Virus,Virus,V_21,21,0,25,Datasets/TOBRFV-LMID/RGB/Tomato/II/Virus/V_21_RGB_0_25.tiff
train,Tomato\II\Virus,Virus,V_21,21,0,26,Datasets/TOBRFV-LMID/RGB/Tomato/II/Virus/V_21_RGB_0_26.tiff
train,Tomato\II\Virus,Virus,V_21,21,0,27,Datasets/TOBRFV-LMID/RGB/Tomato/II/Virus/V_21_RGB_0_27.tiff
train,Tomato\II\Virus,Virus,V_21,21,0,28,Datasets/TOBRFV-LMID/RGB/Tomato/II/Virus/V_21_RGB_0_28.tiff
train,Tomato\II\Virus,Virus,V_21,21,0,29,Datasets/TOBRFV-LMID/RGB/Tomato/II/Virus/V_21_RGB_0_29.tiff
train,Tomato\II\Virus,Virus,V_21,21,0,3,Datasets/TOBRFV-LMID/RGB/Tomato/II/Virus/V_21_RGB_0_3.tiff
train,Tomato\II\Virus,Virus,V_21,21,0,30,Datasets/TOBRFV-LMID/RGB/Tomato/II/Virus/V_21_RGB_0_30.tiff
train,Tomato\II\Virus,Virus,V_21,21,0,31,Datasets/TOBRFV-LMID/RGB/Tomato/II/Virus/V_21_RGB_0_31.tiff
train,Tomato\II\Virus,Virus,V_21,21,0,32,Datasets/TOBRFV-LMID/RGB/Tomato/II/Virus/V_21_RGB_0_32.tiff
train,Tomato\II\Virus,Virus,V_21,21,0,33,Datasets/TOBRFV-LMID/RGB/Tomato/II/Virus/V_21_RGB_0_33.tiff
train,Tomato\II\Virus,Virus,V_21,21,0,34,Datasets/TOBRFV-LMID/RGB/Tomato/II/Virus/V_21_RGB_0_34.tiff
train,Tomato\II\Virus,Virus,V_21,21,0,35,Datasets/TOBRFV-LMID/RGB/Tomato/II/Virus/V_21_RGB_0_35.tiff
train,Tomato\II\Virus,Virus,V_21,21,0,36,Datasets/TOBRFV-LMID/RGB/Tomato/II/Virus/V_21_RGB_0_36.tiff
train,Tomato\II\Virus,Virus,V_21,21,0,37,Datasets/TOBRFV-LMID/RGB/Tomato/II/Virus/V_21_RGB_0_37.tiff
train,Tomato\II\Virus,Virus,V_21,21,0,38,Datasets/TOBRFV-LMID/RGB/Tomato/II/Virus/V_21_RGB_0_38.tiff
train,Tomato\II\Virus,Virus,V_21,21,0,39,Datasets/TOBRFV-LMID/RGB/Tomato/II/Virus/V_21_RGB_0_39.tiff
train,Tomato\II\Virus,Virus,V_21,21,0,4,Datasets/TOBRFV-LMID/RGB/Tomato/II/Virus/V_21_RGB_0_4.tiff
train,Tomato\II\Virus,Virus,V_21,21,0,40,Datasets/TOBRFV-LMID/RGB/Tomato/II/Virus/V_21_RGB_0_40.tiff
train,Tomato\II\Virus,Virus,V_21,21,0,41,Datasets/TOBRFV-LMID/RGB/Tomato/II/Virus/V_21_RGB_0_41.tiff
train,Tomato\II\Virus,Virus,V_21,21,0,42,Datasets/TOBRFV-LMID/RGB/Tomato/II/Virus/V_21_RGB_0_42.tiff
train,Tomato\II\Virus,Virus,V_21,21,0,43,Datasets/TOBRFV-LMID/RGB/Tomato/II/Virus/V_21_RGB_0_43.tiff
train,Tomato\II\Virus,Virus,V_21,21,0,44,Datasets/TOBRFV-LMID/RGB/Tomato/II/Virus/V_21_RGB_0_44.tiff
train,Tomato\II\Virus,Virus,V_21,21,0,45,Datasets/TOBRFV-LMID/RGB/Tomato/II/Virus/V_21_RGB_0_45.tiff
train,Tomato\II\Virus,Virus,V_21,21,0,5,Datasets/TOBRFV-LMID/RGB/Tomato/II/Virus/V_21_RGB_0_5.tiff
train,Tomato\II\Virus,Virus,V_21,21,0,6,Datasets/TOBRFV-LMID/RGB/Tomato/II/Virus/V_21_RGB_0_6.tiff
train,Tomato\II\Virus,Virus,V_21,21,0,7,Datasets/TOBRFV-LMID/RGB/Tomato/II/Virus/V_21_RGB_0_7.tiff
train,Tomato\II\Virus,Virus,V_21,21,0,8,Datasets/TOBRFV-LMID/RGB/Tomato/II/Virus/V_21_RGB_0_8.tiff
train,Tomato\II\Virus,Virus,V_21,21,0,9,Datasets/TOBRFV-LMID/RGB/Tomato/II/Virus/V_21_RGB_0_9.tiff
train,Tomato\II\Virus,Virus,V_9,9,0,1,Datasets/TOBRFV-LMID/RGB/Tomato/II/Virus/V_9_RGB_0_1.tiff
train,Tomato\II\Virus,Virus,V_9,9,0,10,Datasets/TOBRFV-LMID/RGB/Tomato/II/Virus/V_9_RGB_0_10.tiff
train,Tomato\II\Virus,Virus,V_9,9,0,11,Datasets/TOBRFV-LMID/RGB/Tomato/II/Virus/V_9_RGB_0_11.tiff
train,Tomato\II\Virus,Virus,V_9,9,0,12,Datasets/TOBRFV-LMID/RGB/Tomato/II/Virus/V_9_RGB_0_12.tiff
train,Tomato\II\Virus,Virus,V_9,9,0,13,Datasets/TOBRFV-LMID/RGB/Tomato/II/Virus/V_9_RGB_0_13.tiff
train,Tomato\II\Virus,Virus,V_9,9,0,14,Datasets/TOBRFV-LMID/RGB/Tomato/II/Virus/V_9_RGB_0_14.tiff
train,Tomato\II\Virus,Virus,V_9,9,0,15,Datasets/TOBRFV-LMID/RGB/Tomato/II/Virus/V_9_RGB_0_15.tiff
train,Tomato\II\Virus,Virus,V_9,9,0,16,Datasets/TOBRFV-LMID/RGB/Tomato/II/Virus/V_9_RGB_0_16.tiff
train,Tomato\II\Virus,Virus,V_9,9,0,17,Datasets/TOBRFV-LMID/RGB/Tomato/II/Virus/V_9_RGB_0_17.tiff
train,Tomato\II\Virus,Virus,V_9,9,0,18,Datasets/TOBRFV-LMID/RGB/Tomato/II/Virus/V_9_RGB_0_18.tiff
train,Tomato\II\Virus,Virus,V_9,9,0,19,Datasets/TOBRFV-LMID/RGB/Tomato/II/Virus/V_9_RGB_0_19.tiff
train,Tomato\II\Virus,Virus,V_9,9,0,2,Datasets/TOBRFV-LMID/RGB/Tomato/II/Virus/V_9_RGB_0_2.tiff
train,Tomato\II\Virus,Virus,V_9,9,0,20,Datasets/TOBRFV-LMID/RGB/Tomato/II/Virus/V_9_RGB_0_20.tiff
train,Tomato\II\Virus,Virus,V_9,9,0,21,Datasets/TOBRFV-LMID/RGB/Tomato/II/Virus/V_9_RGB_0_21.tiff
train,Tomato\II\Virus,Virus,V_9,9,0,22,Datasets/TOBRFV-LMID/RGB/Tomato/II/Virus/V_9_RGB_0_22.tiff
train,Tomato\II\Virus,Virus,V_9,9,0,23,Datasets/TOBRFV-LMID/RGB/Tomato/II/Virus/V_9_RGB_0_23.tiff
train,Tomato\II\Virus,Virus,V_9,9,0,24,Datasets/TOBRFV-LMID/RGB/Tomato/II/Virus/V_9_RGB_0_24.tiff
train,Tomato\II\Virus,Virus,V_9,9,0,25,Datasets/TOBRFV-LMID/RGB/Tomato/II/Virus/V_9_RGB_0_25.tiff
train,Tomato\II\Virus,Virus,V_9,9,0,26,Datasets/TOBRFV-LMID/RGB/Tomato/II/Virus/V_9_RGB_0_26.tiff
train,Tomato\II\Virus,Virus,V_9,9,0,27,Datasets/TOBRFV-LMID/RGB/Tomato/II/Virus/V_9_RGB_0_27.tiff
train,Tomato\II\Virus,Virus,V_9,9,0,28,Datasets/TOBRFV-LMID/RGB/Tomato/II/Virus/V_9_RGB_0_28.tiff
train,Tomato\II\Virus,Virus,V_9,9,0,29,Datasets/TOBRFV-LMID/RGB/Tomato/II/Virus/V_9_RGB_0_29.tiff
train,Tomato\II\Virus,Virus,V_9,9,0,3,Datasets/TOBRFV-LMID/RGB/Tomato/II/Virus/V_9_RGB_0_3.tiff
train,Tomato\II\Virus,Virus,V_9,9,0,30,Datasets/TOBRFV-LMID/RGB/Tomato/II/Virus/V_9_RGB_0_30.tiff
train,Tomato\II\Virus,Virus,V_9,9,0,31,Datasets/TOBRFV-LMID/RGB/Tomato/II/Virus/V_9_RGB_0_31.tiff
train,Tomato\II\Virus,Virus,V_9,9,0,32,Datasets/TOBRFV-LMID/RGB/Tomato/II/Virus/V_9_RGB_0_32.tiff
train,Tomato\II\Virus,Virus,V_9,9,0,33,Datasets/TOBRFV-LMID/RGB/Tomato/II/Virus/V_9_RGB_0_33.tiff
train,Tomato\II\Virus,Virus,V_9,9,0,34,Datasets/TOBRFV-LMID/RGB/Tomato/II/Virus/V_9_RGB_0_34.tiff
train,Tomato\II\Virus,Virus,V_9,9,0,35,Datasets/TOBRFV-LMID/RGB/Tomato/II/Virus/V_9_RGB_0_35.tiff
train,Tomato\II\Virus,Virus,V_9,9,0,36,Datasets/TOBRFV-LMID/RGB/Tomato/II/Virus/V_9_RGB_0_36.tiff
train,Tomato\II\Virus,Virus,V_9,9,0,37,Datasets/TOBRFV-LMID/RGB/Tomato/II/Virus/V_9_RGB_0_37.tiff
train,Tomato\II\Virus,Virus,V_9,9,0,38,Datasets/TOBRFV-LMID/RGB/Tomato/II/Virus/V_9_RGB_0_38.tiff
train,Tomato\II\Virus,Virus,V_9,9,0,39,Datasets/TOBRFV-LMID/RGB/Tomato/II/Virus/V_9_RGB_0_39.tiff
train,Tomato\II\Virus,Virus,V_9,9,0,4,Datasets/TOBRFV-LMID/RGB/Tomato/II/Virus/V_9_RGB_0_4.tiff
train,Tomato\II\Virus,Virus,V_9,9,0,40,Datasets/TOBRFV-LMID/RGB/Tomato/II/Virus/V_9_RGB_0_40.tiff
train,Tomato\II\Virus,Virus,V_9,9,0,41,Datasets/TOBRFV-LMID/RGB/Tomato/II/Virus/V_9_RGB_0_41.tiff
train,Tomato\II\Virus,Virus,V_9,9,0,42,Datasets/TOBRFV-LMID/RGB/Tomato/II/Virus/V_9_RGB_0_42.tiff
train,Tomato\II\Virus,Virus,V_9,9,0,43,Datasets/TOBRFV-LMID/RGB/Tomato/II/Virus/V_9_RGB_0_43.tiff
train,Tomato\II\Virus,Virus,V_9,9,0,44,Datasets/TOBRFV-LMID/RGB/Tomato/II/Virus/V_9_RGB_0_44.tiff
train,Tomato\II\Virus,Virus,V_9,9,0,45,Datasets/TOBRFV-LMID/RGB/Tomato/II/Virus/V_9_RGB_0_45.tiff
train,Tomato\II\Virus,Virus,V_9,9,0,5,Datasets/TOBRFV-LMID/RGB/Tomato/II/Virus/V_9_RGB_0_5.tiff
train,Tomato\II\Virus,Virus,V_9,9,0,6,Datasets/TOBRFV-LMID/RGB/Tomato/II/Virus/V_9_RGB_0_6.tiff
train,Tomato\II\Virus,Virus,V_9,9,0,7,Datasets/TOBRFV-LMID/RGB/Tomato/II/Virus/V_9_RGB_0_7.tiff
train,Tomato\II\Virus,Virus,V_9,9,0,8,Datasets/TOBRFV-LMID/RGB/Tomato/II/Virus/V_9_RGB_0_8.tiff
train,Tomato\II\Virus,Virus,V_9,9,0,9,Datasets/TOBRFV-LMID/RGB/Tomato/II/Virus/V_9_RGB_0_9.tiff
train,Tomato\II\Virus,Virus,V_14,14,0,1,Datasets/TOBRFV-LMID/RGB/Tomato/II/Virus/V_14_RGB_0_1.tiff
train,Tomato\II\Virus,Virus,V_14,14,0,10,Datasets/TOBRFV-LMID/RGB/Tomato/II/Virus/V_14_RGB_0_10.tiff
train,Tomato\II\Virus,Virus,V_14,14,0,11,Datasets/TOBRFV-LMID/RGB/Tomato/II/Virus/V_14_RGB_0_11.tiff
train,Tomato\II\Virus,Virus,V_14,14,0,12,Datasets/TOBRFV-LMID/RGB/Tomato/II/Virus/V_14_RGB_0_12.tiff
train,Tomato\II\Virus,Virus,V_14,14,0,13,Datasets/TOBRFV-LMID/RGB/Tomato/II/Virus/V_14_RGB_0_13.tiff
train,Tomato\II\Virus,Virus,V_14,14,0,14,Datasets/TOBRFV-LMID/RGB/Tomato/II/Virus/V_14_RGB_0_14.tiff
train,Tomato\II\Virus,Virus,V_14,14,0,15,Datasets/TOBRFV-LMID/RGB/Tomato/II/Virus/V_14_RGB_0_15.tiff
train,Tomato\II\Virus,Virus,V_14,14,0,16,Datasets/TOBRFV-LMID/RGB/Tomato/II/Virus/V_14_RGB_0_16.tiff
train,Tomato\II\Virus,Virus,V_14,14,0,17,Datasets/TOBRFV-LMID/RGB/Tomato/II/Virus/V_14_RGB_0_17.tiff
train,Tomato\II\Virus,Virus,V_14,14,0,18,Datasets/TOBRFV-LMID/RGB/Tomato/II/Virus/V_14_RGB_0_18.tiff
train,Tomato\II\Virus,Virus,V_14,14,0,19,Datasets/TOBRFV-LMID/RGB/Tomato/II/Virus/V_14_RGB_0_19.tiff
train,Tomato\II\Virus,Virus,V_14,14,0,2,Datasets/TOBRFV-LMID/RGB/Tomato/II/Virus/V_14_RGB_0_2.tiff
train,Tomato\II\Virus,Virus,V_14,14,0,20,Datasets/TOBRFV-LMID/RGB/Tomato/II/Virus/V_14_RGB_0_20.tiff
train,Tomato\II\Virus,Virus,V_14,14,0,21,Datasets/TOBRFV-LMID/RGB/Tomato/II/Virus/V_14_RGB_0_21.tiff
train,Tomato\II\Virus,Virus,V_14,14,0,22,Datasets/TOBRFV-LMID/RGB/Tomato/II/Virus/V_14_RGB_0_22.tiff
train,Tomato\II\Virus,Virus,V_14,14,0,24,Datasets/TOBRFV-LMID/RGB/Tomato/II/Virus/V_14_RGB_0_24.tiff
train,Tomato\II\Virus,Virus,V_14,14,0,25,Datasets/TOBRFV-LMID/RGB/Tomato/II/Virus/V_14_RGB_0_25.tiff
train,Tomato\II\Virus,Virus,V_14,14,0,26,Datasets/TOBRFV-LMID/RGB/Tomato/II/Virus/V_14_RGB_0_26.tiff
train,Tomato\II\Virus,Virus,V_14,14,0,27,Datasets/TOBRFV-LMID/RGB/Tomato/II/Virus/V_14_RGB_0_27.tiff
train,Tomato\II\Virus,Virus,V_14,14,0,28,Datasets/TOBRFV-LMID/RGB/Tomato/II/Virus/V_14_RGB_0_28.tiff
train,Tomato\II\Virus,Virus,V_14,14,0,29,Datasets/TOBRFV-LMID/RGB/Tomato/II/Virus/V_14_RGB_0_29.tiff
train,Tomato\II\Virus,Virus,V_14,14,0,3,Datasets/TOBRFV-LMID/RGB/Tomato/II/Virus/V_14_RGB_0_3.tiff
train,Tomato\II\Virus,Virus,V_14,14,0,30,Datasets/TOBRFV-LMID/RGB/Tomato/II/Virus/V_14_RGB_0_30.tiff
train,Tomato\II\Virus,Virus,V_14,14,0,31,Datasets/TOBRFV-LMID/RGB/Tomato/II/Virus/V_14_RGB_0_31.tiff
train,Tomato\II\Virus,Virus,V_14,14,0,32,Datasets/TOBRFV-LMID/RGB/Tomato/II/Virus/V_14_RGB_0_32.tiff
train,Tomato\II\Virus,Virus,V_14,14,0,33,Datasets/TOBRFV-LMID/RGB/Tomato/II/Virus/V_14_RGB_0_33.tiff
train,Tomato\II\Virus,Virus,V_14,14,0,34,Datasets/TOBRFV-LMID/RGB/Tomato/II/Virus/V_14_RGB_0_34.tiff
train,Tomato\II\Virus,Virus,V_14,14,0,35,Datasets/TOBRFV-LMID/RGB/Tomato/II/Virus/V_14_RGB_0_35.tiff
train,Tomato\II\Virus,Virus,V_14,14,0,37,Datasets/TOBRFV-LMID/RGB/Tomato/II/Virus/V_14_RGB_0_37.tiff
train,Tomato\II\Virus,Virus,V_14,14,0,38,Datasets/TOBRFV-LMID/RGB/Tomato/II/Virus/V_14_RGB_0_38.tiff
train,Tomato\II\Virus,Virus,V_14,14,0,39,Datasets/TOBRFV-LMID/RGB/Tomato/II/Virus/V_14_RGB_0_39.tiff
train,Tomato\II\Virus,Virus,V_14,14,0,4,Datasets/TOBRFV-LMID/RGB/Tomato/II/Virus/V_14_RGB_0_4.tiff
train,Tomato\II\Virus,Virus,V_14,14,0,40,Datasets/TOBRFV-LMID/RGB/Tomato/II/Virus/V_14_RGB_0_40.tiff
train,Tomato\II\Virus,Virus,V_14,14,0,41,Datasets/TOBRFV-LMID/RGB/Tomato/II/Virus/V_14_RGB_0_41.tiff
train,Tomato\II\Virus,Virus,V_14,14,0,42,Datasets/TOBRFV-LMID/RGB/Tomato/II/Virus/V_14_RGB_0_42.tiff
train,Tomato\II\Virus,Virus,V_14,14,0,43,Datasets/TOBRFV-LMID/RGB/Tomato/II/Virus/V_14_RGB_0_43.tiff
train,Tomato\II\Virus,Virus,V_14,14,0,44,Datasets/TOBRFV-LMID/RGB/Tomato/II/Virus/V_14_RGB_0_44.tiff
train,Tomato\II\Virus,Virus,V_14,14,0,45,Datasets/TOBRFV-LMID/RGB/Tomato/II/Virus/V_14_RGB_0_45.tiff
train,Tomato\II\Virus,Virus,V_14,14,0,5,Datasets/TOBRFV-LMID/RGB/Tomato/II/Virus/V_14_RGB_0_5.tiff
train,Tomato\II\Virus,Virus,V_14,14,0,6,Datasets/TOBRFV-LMID/RGB/Tomato/II/Virus/V_14_RGB_0_6.tiff
train,Tomato\II\Virus,Virus,V_14,14,0,7,Datasets/TOBRFV-LMID/RGB/Tomato/II/Virus/V_14_RGB_0_7.tiff
train,Tomato\II\Virus,Virus,V_14,14,0,8,Datasets/TOBRFV-LMID/RGB/Tomato/II/Virus/V_14_RGB_0_8.tiff
train,Tomato\II\Virus,Virus,V_14,14,0,9,Datasets/TOBRFV-LMID/RGB/Tomato/II/Virus/V_14_RGB_0_9.tiff
train,Tomato\II\Virus,Virus,V_27,27,0,1,Datasets/TOBRFV-LMID/RGB/Tomato/II/Virus/V_27_RGB_0_1.tiff
train,Tomato\II\Virus,Virus,V_27,27,0,14,Datasets/TOBRFV-LMID/RGB/Tomato/II/Virus/V_27_RGB_0_14.tiff
train,Tomato\II\Virus,Virus,V_27,27,0,15,Datasets/TOBRFV-LMID/RGB/Tomato/II/Virus/V_27_RGB_0_15.tiff
train,Tomato\II\Virus,Virus,V_27,27,0,16,Datasets/TOBRFV-LMID/RGB/Tomato/II/Virus/V_27_RGB_0_16.tiff
train,Tomato\II\Virus,Virus,V_27,27,0,17,Datasets/TOBRFV-LMID/RGB/Tomato/II/Virus/V_27_RGB_0_17.tiff
train,Tomato\II\Virus,Virus,V_27,27,0,2,Datasets/TOBRFV-LMID/RGB/Tomato/II/Virus/V_27_RGB_0_2.tiff
train,Tomato\II\Virus,Virus,V_27,27,0,23,Datasets/TOBRFV-LMID/RGB/Tomato/II/Virus/V_27_RGB_0_23.tiff
train,Tomato\II\Virus,Virus,V_27,27,0,24,Datasets/TOBRFV-LMID/RGB/Tomato/II/Virus/V_27_RGB_0_24.tiff
train,Tomato\II\Virus,Virus,V_27,27,0,25,Datasets/TOBRFV-LMID/RGB/Tomato/II/Virus/V_27_RGB_0_25.tiff
train,Tomato\II\Virus,Virus,V_27,27,0,26,Datasets/TOBRFV-LMID/RGB/Tomato/II/Virus/V_27_RGB_0_26.tiff
train,Tomato\II\Virus,Virus,V_27,27,0,27,Datasets/TOBRFV-LMID/RGB/Tomato/II/Virus/V_27_RGB_0_27.tiff
train,Tomato\II\Virus,Virus,V_27,27,0,28,Datasets/TOBRFV-LMID/RGB/Tomato/II/Virus/V_27_RGB_0_28.tiff
train,Tomato\II\Virus,Virus,V_27,27,0,29,Datasets/TOBRFV-LMID/RGB/Tomato/II/Virus/V_27_RGB_0_29.tiff
train,Tomato\II\Virus,Virus,V_27,27,0,3,Datasets/TOBRFV-LMID/RGB/Tomato/II/Virus/V_27_RGB_0_3.tiff
train,Tomato\II\Virus,Virus,V_27,27,0,30,Datasets/TOBRFV-LMID/RGB/Tomato/II/Virus/V_27_RGB_0_30.tiff
train,Tomato\II\Virus,Virus,V_27,27,0,31,Datasets/TOBRFV-LMID/RGB/Tomato/II/Virus/V_27_RGB_0_31.tiff
train,Tomato\II\Virus,Virus,V_27,27,0,32,Datasets/TOBRFV-LMID/RGB/Tomato/II/Virus/V_27_RGB_0_32.tiff
train,Tomato\II\Virus,Virus,V_27,27,0,33,Datasets/TOBRFV-LMID/RGB/Tomato/II/Virus/V_27_RGB_0_33.tiff
train,Tomato\II\Virus,Virus,V_27,27,0,34,Datasets/TOBRFV-LMID/RGB/Tomato/II/Virus/V_27_RGB_0_34.tiff
train,Tomato\II\Virus,Virus,V_27,27,0,35,Datasets/TOBRFV-LMID/RGB/Tomato/II/Virus/V_27_RGB_0_35.tiff
train,Tomato\II\Virus,Virus,V_27,27,0,36,Datasets/TOBRFV-LMID/RGB/Tomato/II/Virus/V_27_RGB_0_36.tiff
train,Tomato\II\Virus,Virus,V_27,27,0,37,Datasets/TOBRFV-LMID/RGB/Tomato/II/Virus/V_27_RGB_0_37.tiff
train,Tomato\II\Virus,Virus,V_27,27,0,4,Datasets/TOBRFV-LMID/RGB/Tomato/II/Virus/V_27_RGB_0_4.tiff
train,Tomato\II\Virus,Virus,V_27,27,0,40,Datasets/TOBRFV-LMID/RGB/Tomato/II/Virus/V_27_RGB_0_40.tiff
train,Tomato\II\Virus,Virus,V_27,27,0,41,Datasets/TOBRFV-LMID/RGB/Tomato/II/Virus/V_27_RGB_0_41.tiff
train,Tomato\II\Virus,Virus,V_27,27,0,42,Datasets/TOBRFV-LMID/RGB/Tomato/II/Virus/V_27_RGB_0_42.tiff
train,Tomato\II\Virus,Virus,V_27,27,0,43,Datasets/TOBRFV-LMID/RGB/Tomato/II/Virus/V_27_RGB_0_43.tiff
train,Tomato\II\Virus,Virus,V_27,27,0,44,Datasets/TOBRFV-LMID/RGB/Tomato/II/Virus/V_27_RGB_0_44.tiff
train,Tomato\II\Virus,Virus,V_27,27,0,45,Datasets/TOBRFV-LMID/RGB/Tomato/II/Virus/V_27_RGB_0_45.tiff
train,Tomato\II\Virus,Virus,V_27,27,0,5,Datasets/TOBRFV-LMID/RGB/Tomato/II/Virus/V_27_RGB_0_5.tiff
train,Tomato\II\Virus,Virus,V_27,27,0,6,Datasets/TOBRFV-LMID/RGB/Tomato/II/Virus/V_27_RGB_0_6.tiff
train,Tomato\II\Virus,Virus,V_27,27,0,7,Datasets/TOBRFV-LMID/RGB/Tomato/II/Virus/V_27_RGB_0_7.tiff
train,Tomato\II\Virus,Virus,V_29,29,0,1,Datasets/TOBRFV-LMID/RGB/Tomato/II/Virus/V_29_RGB_0_1.tiff
train,Tomato\II\Virus,Virus,V_29,29,0,10,Datasets/TOBRFV-LMID/RGB/Tomato/II/Virus/V_29_RGB_0_10.tiff
train,Tomato\II\Virus,Virus,V_29,29,0,11,Datasets/TOBRFV-LMID/RGB/Tomato/II/Virus/V_29_RGB_0_11.tiff
train,Tomato\II\Virus,Virus,V_29,29,0,13,Datasets/TOBRFV-LMID/RGB/Tomato/II/Virus/V_29_RGB_0_13.tiff
train,Tomato\II\Virus,Virus,V_29,29,0,17,Datasets/TOBRFV-LMID/RGB/Tomato/II/Virus/V_29_RGB_0_17.tiff
train,Tomato\II\Virus,Virus,V_29,29,0,18,Datasets/TOBRFV-LMID/RGB/Tomato/II/Virus/V_29_RGB_0_18.tiff
train,Tomato\II\Virus,Virus,V_29,29,0,2,Datasets/TOBRFV-LMID/RGB/Tomato/II/Virus/V_29_RGB_0_2.tiff
train,Tomato\II\Virus,Virus,V_29,29,0,21,Datasets/TOBRFV-LMID/RGB/Tomato/II/Virus/V_29_RGB_0_21.tiff
train,Tomato\II\Virus,Virus,V_29,29,0,22,Datasets/TOBRFV-LMID/RGB/Tomato/II/Virus/V_29_RGB_0_22.tiff
train,Tomato\II\Virus,Virus,V_29,29,0,23,Datasets/TOBRFV-LMID/RGB/Tomato/II/Virus/V_29_RGB_0_23.tiff
train,Tomato\II\Virus,Virus,V_29,29,0,24,Datasets/TOBRFV-LMID/RGB/Tomato/II/Virus/V_29_RGB_0_24.tiff
train,Tomato\II\Virus,Virus,V_29,29,0,25,Datasets/TOBRFV-LMID/RGB/Tomato/II/Virus/V_29_RGB_0_25.tiff
train,Tomato\II\Virus,Virus,V_29,29,0,26,Datasets/TOBRFV-LMID/RGB/Tomato/II/Virus/V_29_RGB_0_26.tiff
train,Tomato\II\Virus,Virus,V_29,29,0,27,Datasets/TOBRFV-LMID/RGB/Tomato/II/Virus/V_29_RGB_0_27.tiff
train,Tomato\II\Virus,Virus,V_29,29,0,28,Datasets/TOBRFV-LMID/RGB/Tomato/II/Virus/V_29_RGB_0_28.tiff
train,Tomato\II\Virus,Virus,V_29,29,0,29,Datasets/TOBRFV-LMID/RGB/Tomato/II/Virus/V_29_RGB_0_29.tiff
train,Tomato\II\Virus,Virus,V_29,29,0,3,Datasets/TOBRFV-LMID/RGB/Tomato/II/Virus/V_29_RGB_0_3.tiff
train,Tomato\II\Virus,Virus,V_29,29,0,30,Datasets/TOBRFV-LMID/RGB/Tomato/II/Virus/V_29_RGB_0_30.tiff
train,Tomato\II\Virus,Virus,V_29,29,0,31,Datasets/TOBRFV-LMID/RGB/Tomato/II/Virus/V_29_RGB_0_31.tiff
train,Tomato\II\Virus,Virus,V_29,29,0,32,Datasets/TOBRFV-LMID/RGB/Tomato/II/Virus/V_29_RGB_0_32.tiff
train,Tomato\II\Virus,Virus,V_29,29,0,33,Datasets/TOBRFV-LMID/RGB/Tomato/II/Virus/V_29_RGB_0_33.tiff
train,Tomato\II\Virus,Virus,V_29,29,0,35,Datasets/TOBRFV-LMID/RGB/Tomato/II/Virus/V_29_RGB_0_35.tiff
train,Tomato\II\Virus,Virus,V_29,29,0,36,Datasets/TOBRFV-LMID/RGB/Tomato/II/Virus/V_29_RGB_0_36.tiff
train,Tomato\II\Virus,Virus,V_29,29,0,37,Datasets/TOBRFV-LMID/RGB/Tomato/II/Virus/V_29_RGB_0_37.tiff
train,Tomato\II\Virus,Virus,V_29,29,0,4,Datasets/TOBRFV-LMID/RGB/Tomato/II/Virus/V_29_RGB_0_4.tiff
train,Tomato\II\Virus,Virus,V_29,29,0,45,Datasets/TOBRFV-LMID/RGB/Tomato/II/Virus/V_29_RGB_0_45.tiff
train,Tomato\II\Virus,Virus,V_29,29,0,5,Datasets/TOBRFV-LMID/RGB/Tomato/II/Virus/V_29_RGB_0_5.tiff
train,Tomato\II\Virus,Virus,V_29,29,0,6,Datasets/TOBRFV-LMID/RGB/Tomato/II/Virus/V_29_RGB_0_6.tiff
train,Tomato\II\Virus,Virus,V_29,29,0,7,Datasets/TOBRFV-LMID/RGB/Tomato/II/Virus/V_29_RGB_0_7.tiff
train,Tomato\II\Virus,Virus,V_29,29,0,8,Datasets/TOBRFV-LMID/RGB/Tomato/II/Virus/V_29_RGB_0_8.tiff
train,Tomato\II\Virus,Virus,V_29,29,0,9,Datasets/TOBRFV-LMID/RGB/Tomato/II/Virus/V_29_RGB_0_9.tiff
train,Tomato\II\Virus,Virus,V_23,23,0,10,Datasets/TOBRFV-LMID/RGB/Tomato/II/Virus/V_23_RGB_0_10.tiff
train,Tomato\II\Virus,Virus,V_23,23,0,11,Datasets/TOBRFV-LMID/RGB/Tomato/II/Virus/V_23_RGB_0_11.tiff
train,Tomato\II\Virus,Virus,V_23,23,0,12,Datasets/TOBRFV-LMID/RGB/Tomato/II/Virus/V_23_RGB_0_12.tiff
train,Tomato\II\Virus,Virus,V_23,23,0,13,Datasets/TOBRFV-LMID/RGB/Tomato/II/Virus/V_23_RGB_0_13.tiff
train,Tomato\II\Virus,Virus,V_23,23,0,14,Datasets/TOBRFV-LMID/RGB/Tomato/II/Virus/V_23_RGB_0_14.tiff
train,Tomato\II\Virus,Virus,V_23,23,0,15,Datasets/TOBRFV-LMID/RGB/Tomato/II/Virus/V_23_RGB_0_15.tiff
train,Tomato\II\Virus,Virus,V_23,23,0,16,Datasets/TOBRFV-LMID/RGB/Tomato/II/Virus/V_23_RGB_0_16.tiff
train,Tomato\II\Virus,Virus,V_23,23,0,17,Datasets/TOBRFV-LMID/RGB/Tomato/II/Virus/V_23_RGB_0_17.tiff
train,Tomato\II\Virus,Virus,V_23,23,0,18,Datasets/TOBRFV-LMID/RGB/Tomato/II/Virus/V_23_RGB_0_18.tiff
train,Tomato\II\Virus,Virus,V_23,23,0,19,Datasets/TOBRFV-LMID/RGB/Tomato/II/Virus/V_23_RGB_0_19.tiff
train,Tomato\II\Virus,Virus,V_23,23,0,2,Datasets/TOBRFV-LMID/RGB/Tomato/II/Virus/V_23_RGB_0_2.tiff
train,Tomato\II\Virus,Virus,V_23,23,0,21,Datasets/TOBRFV-LMID/RGB/Tomato/II/Virus/V_23_RGB_0_21.tiff
train,Tomato\II\Virus,Virus,V_23,23,0,22,Datasets/TOBRFV-LMID/RGB/Tomato/II/Virus/V_23_RGB_0_22.tiff
train,Tomato\II\Virus,Virus,V_23,23,0,23,Datasets/TOBRFV-LMID/RGB/Tomato/II/Virus/V_23_RGB_0_23.tiff
train,Tomato\II\Virus,Virus,V_23,23,0,24,Datasets/TOBRFV-LMID/RGB/Tomato/II/Virus/V_23_RGB_0_24.tiff
train,Tomato\II\Virus,Virus,V_23,23,0,25,Datasets/TOBRFV-LMID/RGB/Tomato/II/Virus/V_23_RGB_0_25.tiff
train,Tomato\II\Virus,Virus,V_23,23,0,26,Datasets/TOBRFV-LMID/RGB/Tomato/II/Virus/V_23_RGB_0_26.tiff
train,Tomato\II\Virus,Virus,V_23,23,0,27,Datasets/TOBRFV-LMID/RGB/Tomato/II/Virus/V_23_RGB_0_27.tiff
train,Tomato\II\Virus,Virus,V_23,23,0,28,Datasets/TOBRFV-LMID/RGB/Tomato/II/Virus/V_23_RGB_0_28.tiff
train,Tomato\II\Virus,Virus,V_23,23,0,29,Datasets/TOBRFV-LMID/RGB/Tomato/II/Virus/V_23_RGB_0_29.tiff
train,Tomato\II\Virus,Virus,V_23,23,0,3,Datasets/TOBRFV-LMID/RGB/Tomato/II/Virus/V_23_RGB_0_3.tiff
train,Tomato\II\Virus,Virus,V_23,23,0,30,Datasets/TOBRFV-LMID/RGB/Tomato/II/Virus/V_23_RGB_0_30.tiff
train,Tomato\II\Virus,Virus,V_23,23,0,31,Datasets/TOBRFV-LMID/RGB/Tomato/II/Virus/V_23_RGB_0_31.tiff
train,Tomato\II\Virus,Virus,V_23,23,0,32,Datasets/TOBRFV-LMID/RGB/Tomato/II/Virus/V_23_RGB_0_32.tiff
train,Tomato\II\Virus,Virus,V_23,23,0,33,Datasets/TOBRFV-LMID/RGB/Tomato/II/Virus/V_23_RGB_0_33.tiff
train,Tomato\II\Virus,Virus,V_23,23,0,34,Datasets/TOBRFV-LMID/RGB/Tomato/II/Virus/V_23_RGB_0_34.tiff
train,Tomato\II\Virus,Virus,V_23,23,0,35,Datasets/TOBRFV-LMID/RGB/Tomato/II/Virus/V_23_RGB_0_35.tiff
train,Tomato\II\Virus,Virus,V_23,23,0,36,Datasets/TOBRFV-LMID/RGB/Tomato/II/Virus/V_23_RGB_0_36.tiff
train,Tomato\II\Virus,Virus,V_23,23,0,39,Datasets/TOBRFV-LMID/RGB/Tomato/II/Virus/V_23_RGB_0_39.tiff
train,Tomato\II\Virus,Virus,V_23,23,0,4,Datasets/TOBRFV-LMID/RGB/Tomato/II/Virus/V_23_RGB_0_4.tiff
train,Tomato\II\Virus,Virus,V_23,23,0,40,Datasets/TOBRFV-LMID/RGB/Tomato/II/Virus/V_23_RGB_0_40.tiff
train,Tomato\II\Virus,Virus,V_23,23,0,41,Datasets/TOBRFV-LMID/RGB/Tomato/II/Virus/V_23_RGB_0_41.tiff
train,Tomato\II\Virus,Virus,V_23,23,0,42,Datasets/TOBRFV-LMID/RGB/Tomato/II/Virus/V_23_RGB_0_42.tiff
train,Tomato\II\Virus,Virus,V_23,23,0,43,Datasets/TOBRFV-LMID/RGB/Tomato/II/Virus/V_23_RGB_0_43.tiff
train,Tomato\II\Virus,Virus,V_23,23,0,44,Datasets/TOBRFV-LMID/RGB/Tomato/II/Virus/V_23_RGB_0_44.tiff
train,Tomato\II\Virus,Virus,V_23,23,0,45,Datasets/TOBRFV-LMID/RGB/Tomato/II/Virus/V_23_RGB_0_45.tiff
train,Tomato\II\Virus,Virus,V_23,23,0,5,Datasets/TOBRFV-LMID/RGB/Tomato/II/Virus/V_23_RGB_0_5.tiff
train,Tomato\II\Virus,Virus,V_23,23,0,6,Datasets/TOBRFV-LMID/RGB/Tomato/II/Virus/V_23_RGB_0_6.tiff
train,Tomato\II\Virus,Virus,V_23,23,0,7,Datasets/TOBRFV-LMID/RGB/Tomato/II/Virus/V_23_RGB_0_7.tiff
train,Tomato\II\Virus,Virus,V_23,23,0,8,Datasets/TOBRFV-LMID/RGB/Tomato/II/Virus/V_23_RGB_0_8.tiff
train,Tomato\II\Virus,Virus,V_23,23,0,9,Datasets/TOBRFV-LMID/RGB/Tomato/II/Virus/V_23_RGB_0_9.tiff
train,Tomato\II\Virus,Virus,V_26,26,0,1,Datasets/TOBRFV-LMID/RGB/Tomato/II/Virus/V_26_RGB_0_1.tiff
train,Tomato\II\Virus,Virus,V_26,26,0,10,Datasets/TOBRFV-LMID/RGB/Tomato/II/Virus/V_26_RGB_0_10.tiff
train,Tomato\II\Virus,Virus,V_26,26,0,11,Datasets/TOBRFV-LMID/RGB/Tomato/II/Virus/V_26_RGB_0_11.tiff
train,Tomato\II\Virus,Virus,V_26,26,0,12,Datasets/TOBRFV-LMID/RGB/Tomato/II/Virus/V_26_RGB_0_12.tiff
train,Tomato\II\Virus,Virus,V_26,26,0,13,Datasets/TOBRFV-LMID/RGB/Tomato/II/Virus/V_26_RGB_0_13.tiff
train,Tomato\II\Virus,Virus,V_26,26,0,14,Datasets/TOBRFV-LMID/RGB/Tomato/II/Virus/V_26_RGB_0_14.tiff
train,Tomato\II\Virus,Virus,V_26,26,0,15,Datasets/TOBRFV-LMID/RGB/Tomato/II/Virus/V_26_RGB_0_15.tiff
train,Tomato\II\Virus,Virus,V_26,26,0,16,Datasets/TOBRFV-LMID/RGB/Tomato/II/Virus/V_26_RGB_0_16.tiff
train,Tomato\II\Virus,Virus,V_26,26,0,17,Datasets/TOBRFV-LMID/RGB/Tomato/II/Virus/V_26_RGB_0_17.tiff
train,Tomato\II\Virus,Virus,V_26,26,0,18,Datasets/TOBRFV-LMID/RGB/Tomato/II/Virus/V_26_RGB_0_18.tiff
train,Tomato\II\Virus,Virus,V_26,26,0,2,Datasets/TOBRFV-LMID/RGB/Tomato/II/Virus/V_26_RGB_0_2.tiff
train,Tomato\II\Virus,Virus,V_26,26,0,21,Datasets/TOBRFV-LMID/RGB/Tomato/II/Virus/V_26_RGB_0_21.tiff
train,Tomato\II\Virus,Virus,V_26,26,0,22,Datasets/TOBRFV-LMID/RGB/Tomato/II/Virus/V_26_RGB_0_22.tiff
train,Tomato\II\Virus,Virus,V_26,26,0,23,Datasets/TOBRFV-LMID/RGB/Tomato/II/Virus/V_26_RGB_0_23.tiff
train,Tomato\II\Virus,Virus,V_26,26,0,24,Datasets/TOBRFV-LMID/RGB/Tomato/II/Virus/V_26_RGB_0_24.tiff
train,Tomato\II\Virus,Virus,V_26,26,0,25,Datasets/TOBRFV-LMID/RGB/Tomato/II/Virus/V_26_RGB_0_25.tiff
train,Tomato\II\Virus,Virus,V_26,26,0,26,Datasets/TOBRFV-LMID/RGB/Tomato/II/Virus/V_26_RGB_0_26.tiff
train,Tomato\II\Virus,Virus,V_26,26,0,27,Datasets/TOBRFV-LMID/RGB/Tomato/II/Virus/V_26_RGB_0_27.tiff
train,Tomato\II\Virus,Virus,V_26,26,0,28,Datasets/TOBRFV-LMID/RGB/Tomato/II/Virus/V_26_RGB_0_28.tiff
train,Tomato\II\Virus,Virus,V_26,26,0,29,Datasets/TOBRFV-LMID/RGB/Tomato/II/Virus/V_26_RGB_0_29.tiff
train,Tomato\II\Virus,Virus,V_26,26,0,3,Datasets/TOBRFV-LMID/RGB/Tomato/II/Virus/V_26_RGB_0_3.tiff
train,Tomato\II\Virus,Virus,V_26,26,0,30,Datasets/TOBRFV-LMID/RGB/Tomato/II/Virus/V_26_RGB_0_30.tiff
train,Tomato\II\Virus,Virus,V_26,26,0,31,Datasets/TOBRFV-LMID/RGB/Tomato/II/Virus/V_26_RGB_0_31.tiff
train,Tomato\II\Virus,Virus,V_26,26,0,32,Datasets/TOBRFV-LMID/RGB/Tomato/II/Virus/V_26_RGB_0_32.tiff
train,Tomato\II\Virus,Virus,V_26,26,0,4,Datasets/TOBRFV-LMID/RGB/Tomato/II/Virus/V_26_RGB_0_4.tiff
train,Tomato\II\Virus,Virus,V_26,26,0,40,Datasets/TOBRFV-LMID/RGB/Tomato/II/Virus/V_26_RGB_0_40.tiff
train,Tomato\II\Virus,Virus,V_26,26,0,41,Datasets/TOBRFV-LMID/RGB/Tomato/II/Virus/V_26_RGB_0_41.tiff
train,Tomato\II\Virus,Virus,V_26,26,0,42,Datasets/TOBRFV-LMID/RGB/Tomato/II/Virus/V_26_RGB_0_42.tiff
train,Tomato\II\Virus,Virus,V_26,26,0,43,Datasets/TOBRFV-LMID/RGB/Tomato/II/Virus/V_26_RGB_0_43.tiff
train,Tomato\II\Virus,Virus,V_26,26,0,44,Datasets/TOBRFV-LMID/RGB/Tomato/II/Virus/V_26_RGB_0_44.tiff
train,Tomato\II\Virus,Virus,V_26,26,0,45,Datasets/TOBRFV-LMID/RGB/Tomato/II/Virus/V_26_RGB_0_45.tiff
train,Tomato\II\Virus,Virus,V_26,26,0,5,Datasets/TOBRFV-LMID/RGB/Tomato/II/Virus/V_26_RGB_0_5.tiff
train,Tomato\II\Virus,Virus,V_26,26,0,6,Datasets/TOBRFV-LMID/RGB/Tomato/II/Virus/V_26_RGB_0_6.tiff
train,Tomato\II\Virus,Virus,V_26,26,0,7,Datasets/TOBRFV-LMID/RGB/Tomato/II/Virus/V_26_RGB_0_7.tiff
train,Tomato\II\Virus,Virus,V_26,26,0,8,Datasets/TOBRFV-LMID/RGB/Tomato/II/Virus/V_26_RGB_0_8.tiff
train,Tomato\II\Virus,Virus,V_26,26,0,9,Datasets/TOBRFV-LMID/RGB/Tomato/II/Virus/V_26_RGB_0_9.tiff
train,Tomato\II\Virus,Virus,V_26,26,15,1,Datasets/TOBRFV-LMID/RGB/Tomato/II/Virus/V_26_RGB_15_1.tiff
train,Tomato\II\Virus,Virus,V_26,26,15,10,Datasets/TOBRFV-LMID/RGB/Tomato/II/Virus/V_26_RGB_15_10.tiff
train,Tomato\II\Virus,Virus,V_26,26,15,11,Datasets/TOBRFV-LMID/RGB/Tomato/II/Virus/V_26_RGB_15_11.tiff
train,Tomato\II\Virus,Virus,V_26,26,15,12,Datasets/TOBRFV-LMID/RGB/Tomato/II/Virus/V_26_RGB_15_12.tiff
train,Tomato\II\Virus,Virus,V_26,26,15,13,Datasets/TOBRFV-LMID/RGB/Tomato/II/Virus/V_26_RGB_15_13.tiff
train,Tomato\II\Virus,Virus,V_26,26,15,14,Datasets/TOBRFV-LMID/RGB/Tomato/II/Virus/V_26_RGB_15_14.tiff
train,Tomato\II\Virus,Virus,V_26,26,15,15,Datasets/TOBRFV-LMID/RGB/Tomato/II/Virus/V_26_RGB_15_15.tiff
train,Tomato\II\Virus,Virus,V_26,26,15,16,Datasets/TOBRFV-LMID/RGB/Tomato/II/Virus/V_26_RGB_15_16.tiff
train,Tomato\II\Virus,Virus,V_26,26,15,17,Datasets/TOBRFV-LMID/RGB/Tomato/II/Virus/V_26_RGB_15_17.tiff
train,Tomato\II\Virus,Virus,V_26,26,15,18,Datasets/TOBRFV-LMID/RGB/Tomato/II/Virus/V_26_RGB_15_18.tiff
train,Tomato\II\Virus,Virus,V_26,26,15,2,Datasets/TOBRFV-LMID/RGB/Tomato/II/Virus/V_26_RGB_15_2.tiff
train,Tomato\II\Virus,Virus,V_26,26,15,21,Datasets/TOBRFV-LMID/RGB/Tomato/II/Virus/V_26_RGB_15_21.tiff
train,Tomato\II\Virus,Virus,V_26,26,15,24,Datasets/TOBRFV-LMID/RGB/Tomato/II/Virus/V_26_RGB_15_24.tiff
train,Tomato\II\Virus,Virus,V_26,26,15,25,Datasets/TOBRFV-LMID/RGB/Tomato/II/Virus/V_26_RGB_15_25.tiff
train,Tomato\II\Virus,Virus,V_26,26,15,26,Datasets/TOBRFV-LMID/RGB/Tomato/II/Virus/V_26_RGB_15_26.tiff
train,Tomato\II\Virus,Virus,V_26,26,15,27,Datasets/TOBRFV-LMID/RGB/Tomato/II/Virus/V_26_RGB_15_27.tiff
train,Tomato\II\Virus,Virus,V_26,26,15,29,Datasets/TOBRFV-LMID/RGB/Tomato/II/Virus/V_26_RGB_15_29.tiff
train,Tomato\II\Virus,Virus,V_26,26,15,3,Datasets/TOBRFV-LMID/RGB/Tomato/II/Virus/V_26_RGB_15_3.tiff
train,Tomato\II\Virus,Virus,V_26,26,15,30,Datasets/TOBRFV-LMID/RGB/Tomato/II/Virus/V_26_RGB_15_30.tiff
train,Tomato\II\Virus,Virus,V_26,26,15,31,Datasets/TOBRFV-LMID/RGB/Tomato/II/Virus/V_26_RGB_15_31.tiff
train,Tomato\II\Virus,Virus,V_26,26,15,32,Datasets/TOBRFV-LMID/RGB/Tomato/II/Virus/V_26_RGB_15_32.tiff
train,Tomato\II\Virus,Virus,V_26,26,15,33,Datasets/TOBRFV-LMID/RGB/Tomato/II/Virus/V_26_RGB_15_33.tiff
train,Tomato\II\Virus,Virus,V_26,26,15,34,Datasets/TOBRFV-LMID/RGB/Tomato/II/Virus/V_26_RGB_15_34.tiff
train,Tomato\II\Virus,Virus,V_26,26,15,35,Datasets/TOBRFV-LMID/RGB/Tomato/II/Virus/V_26_RGB_15_35.tiff
train,Tomato\II\Virus,Virus,V_26,26,15,36,Datasets/TOBRFV-LMID/RGB/Tomato/II/Virus/V_26_RGB_15_36.tiff
train,Tomato\II\Virus,Virus,V_26,26,15,37,Datasets/TOBRFV-LMID/RGB/Tomato/II/Virus/V_26_RGB_15_37.tiff
train,Tomato\II\Virus,Virus,V_26,26,15,39,Datasets/TOBRFV-LMID/RGB/Tomato/II/Virus/V_26_RGB_15_39.tiff
train,Tomato\II\Virus,Virus,V_26,26,15,4,Datasets/TOBRFV-LMID/RGB/Tomato/II/Virus/V_26_RGB_15_4.tiff
train,Tomato\II\Virus,Virus,V_26,26,15,40,Datasets/TOBRFV-LMID/RGB/Tomato/II/Virus/V_26_RGB_15_40.tiff
train,Tomato\II\Virus,Virus,V_26,26,15,43,Datasets/TOBRFV-LMID/RGB/Tomato/II/Virus/V_26_RGB_15_43.tiff
train,Tomato\II\Virus,Virus,V_26,26,15,44,Datasets/TOBRFV-LMID/RGB/Tomato/II/Virus/V_26_RGB_15_44.tiff
train,Tomato\II\Virus,Virus,V_26,26,15,45,Datasets/TOBRFV-LMID/RGB/Tomato/II/Virus/V_26_RGB_15_45.tiff
train,Tomato\II\Virus,Virus,V_26,26,15,5,Datasets/TOBRFV-LMID/RGB/Tomato/II/Virus/V_26_RGB_15_5.tiff
train,Tomato\II\Virus,Virus,V_26,26,15,6,Datasets/TOBRFV-LMID/RGB/Tomato/II/Virus/V_26_RGB_15_6.tiff
train,Tomato\II\Virus,Virus,V_26,26,15,7,Datasets/TOBRFV-LMID/RGB/Tomato/II/Virus/V_26_RGB_15_7.tiff
train,Tomato\II\Virus,Virus,V_26,26,15,8,Datasets/TOBRFV-LMID/RGB/Tomato/II/Virus/V_26_RGB_15_8.tiff
train,Tomato\II\Virus,Virus,V_26,26,15,9,Datasets/TOBRFV-LMID/RGB/Tomato/II/Virus/V_26_RGB_15_9.tiff
train,Tomato\II\Virus,Virus,V_6,6,0,11,Datasets/TOBRFV-LMID/RGB/Tomato/II/Virus/V_6_RGB_0_11.tiff
train,Tomato\II\Virus,Virus,V_6,6,0,12,Datasets/TOBRFV-LMID/RGB/Tomato/II/Virus/V_6_RGB_0_12.tiff
train,Tomato\II\Virus,Virus,V_6,6,0,17,Datasets/TOBRFV-LMID/RGB/Tomato/II/Virus/V_6_RGB_0_17.tiff
train,Tomato\II\Virus,Virus,V_6,6,0,18,Datasets/TOBRFV-LMID/RGB/Tomato/II/Virus/V_6_RGB_0_18.tiff
train,Tomato\II\Virus,Virus,V_6,6,0,20,Datasets/TOBRFV-LMID/RGB/Tomato/II/Virus/V_6_RGB_0_20.tiff
train,Tomato\II\Virus,Virus,V_6,6,0,22,Datasets/TOBRFV-LMID/RGB/Tomato/II/Virus/V_6_RGB_0_22.tiff
train,Tomato\II\Virus,Virus,V_6,6,0,23,Datasets/TOBRFV-LMID/RGB/Tomato/II/Virus/V_6_RGB_0_23.tiff
train,Tomato\II\Virus,Virus,V_6,6,0,25,Datasets/TOBRFV-LMID/RGB/Tomato/II/Virus/V_6_RGB_0_25.tiff
train,Tomato\II\Virus,Virus,V_6,6,0,26,Datasets/TOBRFV-LMID/RGB/Tomato/II/Virus/V_6_RGB_0_26.tiff
train,Tomato\II\Virus,Virus,V_6,6,0,27,Datasets/TOBRFV-LMID/RGB/Tomato/II/Virus/V_6_RGB_0_27.tiff
train,Tomato\II\Virus,Virus,V_6,6,0,29,Datasets/TOBRFV-LMID/RGB/Tomato/II/Virus/V_6_RGB_0_29.tiff
train,Tomato\II\Virus,Virus,V_6,6,0,32,Datasets/TOBRFV-LMID/RGB/Tomato/II/Virus/V_6_RGB_0_32.tiff
train,Tomato\II\Virus,Virus,V_6,6,0,33,Datasets/TOBRFV-LMID/RGB/Tomato/II/Virus/V_6_RGB_0_33.tiff
train,Tomato\II\Virus,Virus,V_6,6,0,34,Datasets/TOBRFV-LMID/RGB/Tomato/II/Virus/V_6_RGB_0_34.tiff
train,Tomato\II\Virus,Virus,V_6,6,0,35,Datasets/TOBRFV-LMID/RGB/Tomato/II/Virus/V_6_RGB_0_35.tiff
train,Tomato\II\Virus,Virus,V_6,6,0,39,Datasets/TOBRFV-LMID/RGB/Tomato/II/Virus/V_6_RGB_0_39.tiff
train,Tomato\II\Virus,Virus,V_6,6,0,4,Datasets/TOBRFV-LMID/RGB/Tomato/II/Virus/V_6_RGB_0_4.tiff
train,Tomato\II\Virus,Virus,V_6,6,0,40,Datasets/TOBRFV-LMID/RGB/Tomato/II/Virus/V_6_RGB_0_40.tiff
train,Tomato\II\Virus,Virus,V_6,6,0,41,Datasets/TOBRFV-LMID/RGB/Tomato/II/Virus/V_6_RGB_0_41.tiff
train,Tomato\II\Virus,Virus,V_6,6,0,44,Datasets/TOBRFV-LMID/RGB/Tomato/II/Virus/V_6_RGB_0_44.tiff
train,Tomato\II\Virus,Virus,V_6,6,0,45,Datasets/TOBRFV-LMID/RGB/Tomato/II/Virus/V_6_RGB_0_45.tiff
train,Tomato\II\Virus,Virus,V_6,6,0,6,Datasets/TOBRFV-LMID/RGB/Tomato/II/Virus/V_6_RGB_0_6.tiff
train,Tomato\II\Virus,Virus,V_6,6,0,7,Datasets/TOBRFV-LMID/RGB/Tomato/II/Virus/V_6_RGB_0_7.tiff
train,Tomato\II\Virus,Virus,V_6,6,0,8,Datasets/TOBRFV-LMID/RGB/Tomato/II/Virus/V_6_RGB_0_8.tiff
train,Tomato\II\Virus,Virus,V_6,6,0,9,Datasets/TOBRFV-LMID/RGB/Tomato/II/Virus/V_6_RGB_0_9.tiff
train,Tomato\II\Virus,Virus,V_6,6,5,1,Datasets/TOBRFV-LMID/RGB/Tomato/II/Virus/V_6_RGB_5_1.tiff
train,Tomato\II\Virus,Virus,V_6,6,5,10,Datasets/TOBRFV-LMID/RGB/Tomato/II/Virus/V_6_RGB_5_10.tiff
train,Tomato\II\Virus,Virus,V_6,6,5,11,Datasets/TOBRFV-LMID/RGB/Tomato/II/Virus/V_6_RGB_5_11.tiff
train,Tomato\II\Virus,Virus,V_6,6,5,12,Datasets/TOBRFV-LMID/RGB/Tomato/II/Virus/V_6_RGB_5_12.tiff
train,Tomato\II\Virus,Virus,V_6,6,5,13,Datasets/TOBRFV-LMID/RGB/Tomato/II/Virus/V_6_RGB_5_13.tiff
train,Tomato\II\Virus,Virus,V_6,6,5,14,Datasets/TOBRFV-LMID/RGB/Tomato/II/Virus/V_6_RGB_5_14.tiff
train,Tomato\II\Virus,Virus,V_6,6,5,15,Datasets/TOBRFV-LMID/RGB/Tomato/II/Virus/V_6_RGB_5_15.tiff
train,Tomato\II\Virus,Virus,V_6,6,5,16,Datasets/TOBRFV-LMID/RGB/Tomato/II/Virus/V_6_RGB_5_16.tiff
train,Tomato\II\Virus,Virus,V_6,6,5,17,Datasets/TOBRFV-LMID/RGB/Tomato/II/Virus/V_6_RGB_5_17.tiff
train,Tomato\II\Virus,Virus,V_6,6,5,18,Datasets/TOBRFV-LMID/RGB/Tomato/II/Virus/V_6_RGB_5_18.tiff
train,Tomato\II\Virus,Virus,V_6,6,5,19,Datasets/TOBRFV-LMID/RGB/Tomato/II/Virus/V_6_RGB_5_19.tiff
train,Tomato\II\Virus,Virus,V_6,6,5,2,Datasets/TOBRFV-LMID/RGB/Tomato/II/Virus/V_6_RGB_5_2.tiff
train,Tomato\II\Virus,Virus,V_6,6,5,20,Datasets/TOBRFV-LMID/RGB/Tomato/II/Virus/V_6_RGB_5_20.tiff
train,Tomato\II\Virus,Virus,V_6,6,5,21,Datasets/TOBRFV-LMID/RGB/Tomato/II/Virus/V_6_RGB_5_21.tiff
train,Tomato\II\Virus,Virus,V_6,6,5,22,Datasets/TOBRFV-LMID/RGB/Tomato/II/Virus/V_6_RGB_5_22.tiff
train,Tomato\II\Virus,Virus,V_6,6,5,26,Datasets/TOBRFV-LMID/RGB/Tomato/II/Virus/V_6_RGB_5_26.tiff
train,Tomato\II\Virus,Virus,V_6,6,5,28,Datasets/TOBRFV-LMID/RGB/Tomato/II/Virus/V_6_RGB_5_28.tiff
train,Tomato\II\Virus,Virus,V_6,6,5,29,Datasets/TOBRFV-LMID/RGB/Tomato/II/Virus/V_6_RGB_5_29.tiff
train,Tomato\II\Virus,Virus,V_6,6,5,30,Datasets/TOBRFV-LMID/RGB/Tomato/II/Virus/V_6_RGB_5_30.tiff
train,Tomato\II\Virus,Virus,V_6,6,5,32,Datasets/TOBRFV-LMID/RGB/Tomato/II/Virus/V_6_RGB_5_32.tiff
train,Tomato\II\Virus,Virus,V_6,6,5,33,Datasets/TOBRFV-LMID/RGB/Tomato/II/Virus/V_6_RGB_5_33.tiff
train,Tomato\II\Virus,Virus,V_6,6,5,37,Datasets/TOBRFV-LMID/RGB/Tomato/II/Virus/V_6_RGB_5_37.tiff
train,Tomato\II\Virus,Virus,V_6,6,5,39,Datasets/TOBRFV-LMID/RGB/Tomato/II/Virus/V_6_RGB_5_39.tiff
train,Tomato\II\Virus,Virus,V_6,6,5,4,Datasets/TOBRFV-LMID/RGB/Tomato/II/Virus/V_6_RGB_5_4.tiff
train,Tomato\II\Virus,Virus,V_6,6,5,40,Datasets/TOBRFV-LMID/RGB/Tomato/II/Virus/V_6_RGB_5_40.tiff
train,Tomato\II\Virus,Virus,V_6,6,5,41,Datasets/TOBRFV-LMID/RGB/Tomato/II/Virus/V_6_RGB_5_41.tiff
train,Tomato\II\Virus,Virus,V_6,6,5,42,Datasets/TOBRFV-LMID/RGB/Tomato/II/Virus/V_6_RGB_5_42.tiff
train,Tomato\II\Virus,Virus,V_6,6,5,5,Datasets/TOBRFV-LMID/RGB/Tomato/II/Virus/V_6_RGB_5_5.tiff
train,Tomato\II\Virus,Virus,V_6,6,5,6,Datasets/TOBRFV-LMID/RGB/Tomato/II/Virus/V_6_RGB_5_6.tiff
train,Tomato\II\Virus,Virus,V_6,6,5,8,Datasets/TOBRFV-LMID/RGB/Tomato/II/Virus/V_6_RGB_5_8.tiff
train,Tomato\II\Virus,Virus,V_6,6,5,9,Datasets/TOBRFV-LMID/RGB/Tomato/II/Virus/V_6_RGB_5_9.tiff
train,Tomato\II\Virus,Virus,V_25,25,0,1,Datasets/TOBRFV-LMID/RGB/Tomato/II/Virus/V_25_RGB_0_1.tiff
train,Tomato\II\Virus,Virus,V_25,25,0,10,Datasets/TOBRFV-LMID/RGB/Tomato/II/Virus/V_25_RGB_0_10.tiff
train,Tomato\II\Virus,Virus,V_25,25,0,11,Datasets/TOBRFV-LMID/RGB/Tomato/II/Virus/V_25_RGB_0_11.tiff
train,Tomato\II\Virus,Virus,V_25,25,0,12,Datasets/TOBRFV-LMID/RGB/Tomato/II/Virus/V_25_RGB_0_12.tiff
train,Tomato\II\Virus,Virus,V_25,25,0,13,Datasets/TOBRFV-LMID/RGB/Tomato/II/Virus/V_25_RGB_0_13.tiff
train,Tomato\II\Virus,Virus,V_25,25,0,14,Datasets/TOBRFV-LMID/RGB/Tomato/II/Virus/V_25_RGB_0_14.tiff
train,Tomato\II\Virus,Virus,V_25,25,0,15,Datasets/TOBRFV-LMID/RGB/Tomato/II/Virus/V_25_RGB_0_15.tiff
train,Tomato\II\Virus,Virus,V_25,25,0,16,Datasets/TOBRFV-LMID/RGB/Tomato/II/Virus/V_25_RGB_0_16.tiff
train,Tomato\II\Virus,Virus,V_25,25,0,17,Datasets/TOBRFV-LMID/RGB/Tomato/II/Virus/V_25_RGB_0_17.tiff
train,Tomato\II\Virus,Virus,V_25,25,0,18,Datasets/TOBRFV-LMID/RGB/Tomato/II/Virus/V_25_RGB_0_18.tiff
train,Tomato\II\Virus,Virus,V_25,25,0,2,Datasets/TOBRFV-LMID/RGB/Tomato/II/Virus/V_25_RGB_0_2.tiff
train,Tomato\II\Virus,Virus,V_25,25,0,25,Datasets/TOBRFV-LMID/RGB/Tomato/II/Virus/V_25_RGB_0_25.tiff
train,Tomato\II\Virus,Virus,V_25,25,0,26,Datasets/TOBRFV-LMID/RGB/Tomato/II/Virus/V_25_RGB_0_26.tiff
train,Tomato\II\Virus,Virus,V_25,25,0,27,Datasets/TOBRFV-LMID/RGB/Tomato/II/Virus/V_25_RGB_0_27.tiff
train,Tomato\II\Virus,Virus,V_25,25,0,28,Datasets/TOBRFV-LMID/RGB/Tomato/II/Virus/V_25_RGB_0_28.tiff
train,Tomato\II\Virus,Virus,V_25,25,0,29,Datasets/TOBRFV-LMID/RGB/Tomato/II/Virus/V_25_RGB_0_29.tiff
train,Tomato\II\Virus,Virus,V_25,25,0,3,Datasets/TOBRFV-LMID/RGB/Tomato/II/Virus/V_25_RGB_0_3.tiff
train,Tomato\II\Virus,Virus,V_25,25,0,30,Datasets/TOBRFV-LMID/RGB/Tomato/II/Virus/V_25_RGB_0_30.tiff
train,Tomato\II\Virus,Virus,V_25,25,0,31,Datasets/TOBRFV-LMID/RGB/Tomato/II/Virus/V_25_RGB_0_31.tiff
train,Tomato\II\Virus,Virus,V_25,25,0,32,Datasets/TOBRFV-LMID/RGB/Tomato/II/Virus/V_25_RGB_0_32.tiff
train,Tomato\II\Virus,Virus,V_25,25,0,33,Datasets/TOBRFV-LMID/RGB/Tomato/II/Virus/V_25_RGB_0_33.tiff
train,Tomato\II\Virus,Virus,V_25,25,0,34,Datasets/TOBRFV-LMID/RGB/Tomato/II/Virus/V_25_RGB_0_34.tiff
train,Tomato\II\Virus,Virus,V_25,25,0,35,Datasets/TOBRFV-LMID/RGB/Tomato/II/Virus/V_25_RGB_0_35.tiff
train,Tomato\II\Virus,Virus,V_25,25,0,36,Datasets/TOBRFV-LMID/RGB/Tomato/II/Virus/V_25_RGB_0_36.tiff
train,Tomato\II\Virus,Virus,V_25,25,0,37,Datasets/TOBRFV-LMID/RGB/Tomato/II/Virus/V_25_RGB_0_37.tiff
train,Tomato\II\Virus,Virus,V_25,25,0,38,Datasets/TOBRFV-LMID/RGB/Tomato/II/Virus/V_25_RGB_0_38.tiff
train,Tomato\II\Virus,Virus,V_25,25,0,39,Datasets/TOBRFV-LMID/RGB/Tomato/II/Virus/V_25_RGB_0_39.tiff
train,Tomato\II\Virus,Virus,V_25,25,0,4,Datasets/TOBRFV-LMID/RGB/Tomato/II/Virus/V_25_RGB_0_4.tiff
train,Tomato\II\Virus,Virus,V_25,25,0,40,Datasets/TOBRFV-LMID/RGB/Tomato/II/Virus/V_25_RGB_0_40.tiff
train,Tomato\II\Virus,Virus,V_25,25,0,41,Datasets/TOBRFV-LMID/RGB/Tomato/II/Virus/V_25_RGB_0_41.tiff
train,Tomato\II\Virus,Virus,V_25,25,0,42,Datasets/TOBRFV-LMID/RGB/Tomato/II/Virus/V_25_RGB_0_42.tiff
train,Tomato\II\Virus,Virus,V_25,25,0,43,Datasets/TOBRFV-LMID/RGB/Tomato/II/Virus/V_25_RGB_0_43.tiff
train,Tomato\II\Virus,Virus,V_25,25,0,44,Datasets/TOBRFV-LMID/RGB/Tomato/II/Virus/V_25_RGB_0_44.tiff
train,Tomato\II\Virus,Virus,V_25,25,0,45,Datasets/TOBRFV-LMID/RGB/Tomato/II/Virus/V_25_RGB_0_45.tiff
train,Tomato\II\Virus,Virus,V_25,25,0,5,Datasets/TOBRFV-LMID/RGB/Tomato/II/Virus/V_25_RGB_0_5.tiff
train,Tomato\II\Virus,Virus,V_25,25,0,6,Datasets/TOBRFV-LMID/RGB/Tomato/II/Virus/V_25_RGB_0_6.tiff
train,Tomato\II\Virus,Virus,V_25,25,0,7,Datasets/TOBRFV-LMID/RGB/Tomato/II/Virus/V_25_RGB_0_7.tiff
train,Tomato\II\Virus,Virus,V_25,25,0,8,Datasets/TOBRFV-LMID/RGB/Tomato/II/Virus/V_25_RGB_0_8.tiff
train,Tomato\II\Virus,Virus,V_25,25,0,9,Datasets/TOBRFV-LMID/RGB/Tomato/II/Virus/V_25_RGB_0_9.tiff
train,Tomato\II\Virus,Virus,V_13,13,0,1,Datasets/TOBRFV-LMID/RGB/Tomato/II/Virus/V_13_RGB_0_1.tiff
train,Tomato\II\Virus,Virus,V_13,13,0,10,Datasets/TOBRFV-LMID/RGB/Tomato/II/Virus/V_13_RGB_0_10.tiff
train,Tomato\II\Virus,Virus,V_13,13,0,11,Datasets/TOBRFV-LMID/RGB/Tomato/II/Virus/V_13_RGB_0_11.tiff
train,Tomato\II\Virus,Virus,V_13,13,0,12,Datasets/TOBRFV-LMID/RGB/Tomato/II/Virus/V_13_RGB_0_12.tiff
train,Tomato\II\Virus,Virus,V_13,13,0,13,Datasets/TOBRFV-LMID/RGB/Tomato/II/Virus/V_13_RGB_0_13.tiff
train,Tomato\II\Virus,Virus,V_13,13,0,14,Datasets/TOBRFV-LMID/RGB/Tomato/II/Virus/V_13_RGB_0_14.tiff
train,Tomato\II\Virus,Virus,V_13,13,0,15,Datasets/TOBRFV-LMID/RGB/Tomato/II/Virus/V_13_RGB_0_15.tiff
train,Tomato\II\Virus,Virus,V_13,13,0,16,Datasets/TOBRFV-LMID/RGB/Tomato/II/Virus/V_13_RGB_0_16.tiff
train,Tomato\II\Virus,Virus,V_13,13,0,17,Datasets/TOBRFV-LMID/RGB/Tomato/II/Virus/V_13_RGB_0_17.tiff
train,Tomato\II\Virus,Virus,V_13,13,0,18,Datasets/TOBRFV-LMID/RGB/Tomato/II/Virus/V_13_RGB_0_18.tiff
train,Tomato\II\Virus,Virus,V_13,13,0,19,Datasets/TOBRFV-LMID/RGB/Tomato/II/Virus/V_13_RGB_0_19.tiff
train,Tomato\II\Virus,Virus,V_13,13,0,2,Datasets/TOBRFV-LMID/RGB/Tomato/II/Virus/V_13_RGB_0_2.tiff
train,Tomato\II\Virus,Virus,V_13,13,0,20,Datasets/TOBRFV-LMID/RGB/Tomato/II/Virus/V_13_RGB_0_20.tiff
train,Tomato\II\Virus,Virus,V_13,13,0,21,Datasets/TOBRFV-LMID/RGB/Tomato/II/Virus/V_13_RGB_0_21.tiff
train,Tomato\II\Virus,Virus,V_13,13,0,22,Datasets/TOBRFV-LMID/RGB/Tomato/II/Virus/V_13_RGB_0_22.tiff
train,Tomato\II\Virus,Virus,V_13,13,0,23,Datasets/TOBRFV-LMID/RGB/Tomato/II/Virus/V_13_RGB_0_23.tiff
train,Tomato\II\Virus,Virus,V_13,13,0,24,Datasets/TOBRFV-LMID/RGB/Tomato/II/Virus/V_13_RGB_0_24.tiff
train,Tomato\II\Virus,Virus,V_13,13,0,25,Datasets/TOBRFV-LMID/RGB/Tomato/II/Virus/V_13_RGB_0_25.tiff
train,Tomato\II\Virus,Virus,V_13,13,0,26,Datasets/TOBRFV-LMID/RGB/Tomato/II/Virus/V_13_RGB_0_26.tiff
train,Tomato\II\Virus,Virus,V_13,13,0,27,Datasets/TOBRFV-LMID/RGB/Tomato/II/Virus/V_13_RGB_0_27.tiff
train,Tomato\II\Virus,Virus,V_13,13,0,28,Datasets/TOBRFV-LMID/RGB/Tomato/II/Virus/V_13_RGB_0_28.tiff
train,Tomato\II\Virus,Virus,V_13,13,0,29,Datasets/TOBRFV-LMID/RGB/Tomato/II/Virus/V_13_RGB_0_29.tiff
train,Tomato\II\Virus,Virus,V_13,13,0,3,Datasets/TOBRFV-LMID/RGB/Tomato/II/Virus/V_13_RGB_0_3.tiff
train,Tomato\II\Virus,Virus,V_13,13,0,30,Datasets/TOBRFV-LMID/RGB/Tomato/II/Virus/V_13_RGB_0_30.tiff
train,Tomato\II\Virus,Virus,V_13,13,0,31,Datasets/TOBRFV-LMID/RGB/Tomato/II/Virus/V_13_RGB_0_31.tiff
train,Tomato\II\Virus,Virus,V_13,13,0,32,Datasets/TOBRFV-LMID/RGB/Tomato/II/Virus/V_13_RGB_0_32.tiff
train,Tomato\II\Virus,Virus,V_13,13,0,33,Datasets/TOBRFV-LMID/RGB/Tomato/II/Virus/V_13_RGB_0_33.tiff
train,Tomato\II\Virus,Virus,V_13,13,0,34,Datasets/TOBRFV-LMID/RGB/Tomato/II/Virus/V_13_RGB_0_34.tiff
train,Tomato\II\Virus,Virus,V_13,13,0,35,Datasets/TOBRFV-LMID/RGB/Tomato/II/Virus/V_13_RGB_0_35.tiff
train,Tomato\II\Virus,Virus,V_13,13,0,36,Datasets/TOBRFV-LMID/RGB/Tomato/II/Virus/V_13_RGB_0_36.tiff
train,Tomato\II\Virus,Virus,V_13,13,0,37,Datasets/TOBRFV-LMID/RGB/Tomato/II/Virus/V_13_RGB_0_37.tiff
train,Tomato\II\Virus,Virus,V_13,13,0,4,Datasets/TOBRFV-LMID/RGB/Tomato/II/Virus/V_13_RGB_0_4.tiff
train,Tomato\II\Virus,Virus,V_13,13,0,43,Datasets/TOBRFV-LMID/RGB/Tomato/II/Virus/V_13_RGB_0_43.tiff
train,Tomato\II\Virus,Virus,V_13,13,0,44,Datasets/TOBRFV-LMID/RGB/Tomato/II/Virus/V_13_RGB_0_44.tiff
train,Tomato\II\Virus,Virus,V_13,13,0,45,Datasets/TOBRFV-LMID/RGB/Tomato/II/Virus/V_13_RGB_0_45.tiff
train,Tomato\II\Virus,Virus,V_13,13,0,5,Datasets/TOBRFV-LMID/RGB/Tomato/II/Virus/V_13_RGB_0_5.tiff
train,Tomato\II\Virus,Virus,V_13,13,0,6,Datasets/TOBRFV-LMID/RGB/Tomato/II/Virus/V_13_RGB_0_6.tiff
train,Tomato\II\Virus,Virus,V_13,13,0,7,Datasets/TOBRFV-LMID/RGB/Tomato/II/Virus/V_13_RGB_0_7.tiff
train,Tomato\II\Virus,Virus,V_13,13,0,8,Datasets/TOBRFV-LMID/RGB/Tomato/II/Virus/V_13_RGB_0_8.tiff
train,Tomato\II\Virus,Virus,V_13,13,0,9,Datasets/TOBRFV-LMID/RGB/Tomato/II/Virus/V_13_RGB_0_9.tiff
train,Tomato\II\Virus,Virus,V_2,2,0,1,Datasets/TOBRFV-LMID/RGB/Tomato/II/Virus/V_2_RGB_0_1.tiff
train,Tomato\II\Virus,Virus,V_2,2,0,10,Datasets/TOBRFV-LMID/RGB/Tomato/II/Virus/V_2_RGB_0_10.tiff
train,Tomato\II\Virus,Virus,V_2,2,0,11,Datasets/TOBRFV-LMID/RGB/Tomato/II/Virus/V_2_RGB_0_11.tiff
train,Tomato\II\Virus,Virus,V_2,2,0,12,Datasets/TOBRFV-LMID/RGB/Tomato/II/Virus/V_2_RGB_0_12.tiff
train,Tomato\II\Virus,Virus,V_2,2,0,14,Datasets/TOBRFV-LMID/RGB/Tomato/II/Virus/V_2_RGB_0_14.tiff
train,Tomato\II\Virus,Virus,V_2,2,0,17,Datasets/TOBRFV-LMID/RGB/Tomato/II/Virus/V_2_RGB_0_17.tiff
train,Tomato\II\Virus,Virus,V_2,2,0,18,Datasets/TOBRFV-LMID/RGB/Tomato/II/Virus/V_2_RGB_0_18.tiff
train,Tomato\II\Virus,Virus,V_2,2,0,19,Datasets/TOBRFV-LMID/RGB/Tomato/II/Virus/V_2_RGB_0_19.tiff
train,Tomato\II\Virus,Virus,V_2,2,0,20,Datasets/TOBRFV-LMID/RGB/Tomato/II/Virus/V_2_RGB_0_20.tiff
train,Tomato\II\Virus,Virus,V_2,2,0,21,Datasets/TOBRFV-LMID/RGB/Tomato/II/Virus/V_2_RGB_0_21.tiff
train,Tomato\II\Virus,Virus,V_2,2,0,22,Datasets/TOBRFV-LMID/RGB/Tomato/II/Virus/V_2_RGB_0_22.tiff
train,Tomato\II\Virus,Virus,V_2,2,0,25,Datasets/TOBRFV-LMID/RGB/Tomato/II/Virus/V_2_RGB_0_25.tiff
train,Tomato\II\Virus,Virus,V_2,2,0,26,Datasets/TOBRFV-LMID/RGB/Tomato/II/Virus/V_2_RGB_0_26.tiff
train,Tomato\II\Virus,Virus,V_2,2,0,27,Datasets/TOBRFV-LMID/RGB/Tomato/II/Virus/V_2_RGB_0_27.tiff
train,Tomato\II\Virus,Virus,V_2,2,0,28,Datasets/TOBRFV-LMID/RGB/Tomato/II/Virus/V_2_RGB_0_28.tiff
train,Tomato\II\Virus,Virus,V_2,2,0,29,Datasets/TOBRFV-LMID/RGB/Tomato/II/Virus/V_2_RGB_0_29.tiff
train,Tomato\II\Virus,Virus,V_2,2,0,30,Datasets/TOBRFV-LMID/RGB/Tomato/II/Virus/V_2_RGB_0_30.tiff
train,Tomato\II\Virus,Virus,V_2,2,0,31,Datasets/TOBRFV-LMID/RGB/Tomato/II/Virus/V_2_RGB_0_31.tiff
train,Tomato\II\Virus,Virus,V_2,2,0,33,Datasets/TOBRFV-LMID/RGB/Tomato/II/Virus/V_2_RGB_0_33.tiff
train,Tomato\II\Virus,Virus,V_2,2,0,35,Datasets/TOBRFV-LMID/RGB/Tomato/II/Virus/V_2_RGB_0_35.tiff
train,Tomato\II\Virus,Virus,V_2,2,0,36,Datasets/TOBRFV-LMID/RGB/Tomato/II/Virus/V_2_RGB_0_36.tiff
train,Tomato\II\Virus,Virus,V_2,2,0,37,Datasets/TOBRFV-LMID/RGB/Tomato/II/Virus/V_2_RGB_0_37.tiff
train,Tomato\II\Virus,Virus,V_2,2,0,38,Datasets/TOBRFV-LMID/RGB/Tomato/II/Virus/V_2_RGB_0_38.tiff
train,Tomato\II\Virus,Virus,V_2,2,0,39,Datasets/TOBRFV-LMID/RGB/Tomato/II/Virus/V_2_RGB_0_39.tiff
train,Tomato\II\Virus,Virus,V_2,2,0,4,Datasets/TOBRFV-LMID/RGB/Tomato/II/Virus/V_2_RGB_0_4.tiff
train,Tomato\II\Virus,Virus,V_2,2,0,40,Datasets/TOBRFV-LMID/RGB/Tomato/II/Virus/V_2_RGB_0_40.tiff
train,Tomato\II\Virus,Virus,V_2,2,0,41,Datasets/TOBRFV-LMID/RGB/Tomato/II/Virus/V_2_RGB_0_41.tiff
train,Tomato\II\Virus,Virus,V_2,2,0,42,Datasets/TOBRFV-LMID/RGB/Tomato/II/Virus/V_2_RGB_0_42.tiff
train,Tomato\II\Virus,Virus,V_2,2,0,43,Datasets/TOBRFV-LMID/RGB/Tomato/II/Virus/V_2_RGB_0_43.tiff
train,Tomato\II\Virus,Virus,V_2,2,0,44,Datasets/TOBRFV-LMID/RGB/Tomato/II/Virus/V_2_RGB_0_44.tiff
train,Tomato\II\Virus,Virus,V_2,2,0,45,Datasets/TOBRFV-LMID/RGB/Tomato/II/Virus/V_2_RGB_0_45.tiff
train,Tomato\II\Virus,Virus,V_2,2,0,5,Datasets/TOBRFV-LMID/RGB/Tomato/II/Virus/V_2_RGB_0_5.tiff
train,Tomato\II\Virus,Virus,V_2,2,0,6,Datasets/TOBRFV-LMID/RGB/Tomato/II/Virus/V_2_RGB_0_6.tiff
train,Tomato\II\Virus,Virus,V_2,2,0,7,Datasets/TOBRFV-LMID/RGB/Tomato/II/Virus/V_2_RGB_0_7.tiff
train,Tomato\II\Virus,Virus,V_2,2,0,8,Datasets/TOBRFV-LMID/RGB/Tomato/II/Virus/V_2_RGB_0_8.tiff
train,Tomato\II\Virus,Virus,V_2,2,0,9,Datasets/TOBRFV-LMID/RGB/Tomato/II/Virus/V_2_RGB_0_9.tiff
train,Tomato\II\Virus,Virus,V_16,16,0,1,Datasets/TOBRFV-LMID/RGB/Tomato/II/Virus/V_16_RGB_0_1.tiff
train,Tomato\II\Virus,Virus,V_16,16,0,10,Datasets/TOBRFV-LMID/RGB/Tomato/II/Virus/V_16_RGB_0_10.tiff
train,Tomato\II\Virus,Virus,V_16,16,0,11,Datasets/TOBRFV-LMID/RGB/Tomato/II/Virus/V_16_RGB_0_11.tiff
train,Tomato\II\Virus,Virus,V_16,16,0,12,Datasets/TOBRFV-LMID/RGB/Tomato/II/Virus/V_16_RGB_0_12.tiff
train,Tomato\II\Virus,Virus,V_16,16,0,13,Datasets/TOBRFV-LMID/RGB/Tomato/II/Virus/V_16_RGB_0_13.tiff
train,Tomato\II\Virus,Virus,V_16,16,0,14,Datasets/TOBRFV-LMID/RGB/Tomato/II/Virus/V_16_RGB_0_14.tiff
train,Tomato\II\Virus,Virus,V_16,16,0,15,Datasets/TOBRFV-LMID/RGB/Tomato/II/Virus/V_16_RGB_0_15.tiff
train,Tomato\II\Virus,Virus,V_16,16,0,16,Datasets/TOBRFV-LMID/RGB/Tomato/II/Virus/V_16_RGB_0_16.tiff
train,Tomato\II\Virus,Virus,V_16,16,0,17,Datasets/TOBRFV-LMID/RGB/Tomato/II/Virus/V_16_RGB_0_17.tiff
train,Tomato\II\Virus,Virus,V_16,16,0,18,Datasets/TOBRFV-LMID/RGB/Tomato/II/Virus/V_16_RGB_0_18.tiff
train,Tomato\II\Virus,Virus,V_16,16,0,19,Datasets/TOBRFV-LMID/RGB/Tomato/II/Virus/V_16_RGB_0_19.tiff
train,Tomato\II\Virus,Virus,V_16,16,0,2,Datasets/TOBRFV-LMID/RGB/Tomato/II/Virus/V_16_RGB_0_2.tiff
train,Tomato\II\Virus,Virus,V_16,16,0,20,Datasets/TOBRFV-LMID/RGB/Tomato/II/Virus/V_16_RGB_0_20.tiff
train,Tomato\II\Virus,Virus,V_16,16,0,21,Datasets/TOBRFV-LMID/RGB/Tomato/II/Virus/V_16_RGB_0_21.tiff
train,Tomato\II\Virus,Virus,V_16,16,0,22,Datasets/TOBRFV-LMID/RGB/Tomato/II/Virus/V_16_RGB_0_22.tiff
train,Tomato\II\Virus,Virus,V_16,16,0,23,Datasets/TOBRFV-LMID/RGB/Tomato/II/Virus/V_16_RGB_0_23.tiff
train,Tomato\II\Virus,Virus,V_16,16,0,24,Datasets/TOBRFV-LMID/RGB/Tomato/II/Virus/V_16_RGB_0_24.tiff
train,Tomato\II\Virus,Virus,V_16,16,0,25,Datasets/TOBRFV-LMID/RGB/Tomato/II/Virus/V_16_RGB_0_25.tiff
train,Tomato\II\Virus,Virus,V_16,16,0,26,Datasets/TOBRFV-LMID/RGB/Tomato/II/Virus/V_16_RGB_0_26.tiff
train,Tomato\II\Virus,Virus,V_16,16,0,27,Datasets/TOBRFV-LMID/RGB/Tomato/II/Virus/V_16_RGB_0_27.tiff
train,Tomato\II\Virus,Virus,V_16,16,0,28,Datasets/TOBRFV-LMID/RGB/Tomato/II/Virus/V_16_RGB_0_28.tiff
train,Tomato\II\Virus,Virus,V_16,16,0,29,Datasets/TOBRFV-LMID/RGB/Tomato/II/Virus/V_16_RGB_0_29.tiff
train,Tomato\II\Virus,Virus,V_16,16,0,3,Datasets/TOBRFV-LMID/RGB/Tomato/II/Virus/V_16_RGB_0_3.tiff
train,Tomato\II\Virus,Virus,V_16,16,0,30,Datasets/TOBRFV-LMID/RGB/Tomato/II/Virus/V_16_RGB_0_30.tiff
train,Tomato\II\Virus,Virus,V_16,16,0,31,Datasets/TOBRFV-LMID/RGB/Tomato/II/Virus/V_16_RGB_0_31.tiff
train,Tomato\II\Virus,Virus,V_16,16,0,32,Datasets/TOBRFV-LMID/RGB/Tomato/II/Virus/V_16_RGB_0_32.tiff
train,Tomato\II\Virus,Virus,V_16,16,0,33,Datasets/TOBRFV-LMID/RGB/Tomato/II/Virus/V_16_RGB_0_33.tiff
train,Tomato\II\Virus,Virus,V_16,16,0,34,Datasets/TOBRFV-LMID/RGB/Tomato/II/Virus/V_16_RGB_0_34.tiff
train,Tomato\II\Virus,Virus,V_16,16,0,35,Datasets/TOBRFV-LMID/RGB/Tomato/II/Virus/V_16_RGB_0_35.tiff
train,Tomato\II\Virus,Virus,V_16,16,0,36,Datasets/TOBRFV-LMID/RGB/Tomato/II/Virus/V_16_RGB_0_36.tiff
train,Tomato\II\Virus,Virus,V_16,16,0,37,Datasets/TOBRFV-LMID/RGB/Tomato/II/Virus/V_16_RGB_0_37.tiff
train,Tomato\II\Virus,Virus,V_16,16,0,38,Datasets/TOBRFV-LMID/RGB/Tomato/II/Virus/V_16_RGB_0_38.tiff
train,Tomato\II\Virus,Virus,V_16,16,0,39,Datasets/TOBRFV-LMID/RGB/Tomato/II/Virus/V_16_RGB_0_39.tiff
train,Tomato\II\Virus,Virus,V_16,16,0,4,Datasets/TOBRFV-LMID/RGB/Tomato/II/Virus/V_16_RGB_0_4.tiff
train,Tomato\II\Virus,Virus,V_16,16,0,40,Datasets/TOBRFV-LMID/RGB/Tomato/II/Virus/V_16_RGB_0_40.tiff
train,Tomato\II\Virus,Virus,V_16,16,0,41,Datasets/TOBRFV-LMID/RGB/Tomato/II/Virus/V_16_RGB_0_41.tiff
train,Tomato\II\Virus,Virus,V_16,16,0,42,Datasets/TOBRFV-LMID/RGB/Tomato/II/Virus/V_16_RGB_0_42.tiff
train,Tomato\II\Virus,Virus,V_16,16,0,43,Datasets/TOBRFV-LMID/RGB/Tomato/II/Virus/V_16_RGB_0_43.tiff
train,Tomato\II\Virus,Virus,V_16,16,0,44,Datasets/TOBRFV-LMID/RGB/Tomato/II/Virus/V_16_RGB_0_44.tiff
train,Tomato\II\Virus,Virus,V_16,16,0,45,Datasets/TOBRFV-LMID/RGB/Tomato/II/Virus/V_16_RGB_0_45.tiff
train,Tomato\II\Virus,Virus,V_16,16,0,5,Datasets/TOBRFV-LMID/RGB/Tomato/II/Virus/V_16_RGB_0_5.tiff
train,Tomato\II\Virus,Virus,V_16,16,0,6,Datasets/TOBRFV-LMID/RGB/Tomato/II/Virus/V_16_RGB_0_6.tiff
train,Tomato\II\Virus,Virus,V_16,16,0,7,Datasets/TOBRFV-LMID/RGB/Tomato/II/Virus/V_16_RGB_0_7.tiff
train,Tomato\II\Virus,Virus,V_16,16,0,8,Datasets/TOBRFV-LMID/RGB/Tomato/II/Virus/V_16_RGB_0_8.tiff
train,Tomato\II\Virus,Virus,V_16,16,0,9,Datasets/TOBRFV-LMID/RGB/Tomato/II/Virus/V_16_RGB_0_9.tiff
train,Tomato\II\Virus,Virus,V_16,16,15,1,Datasets/TOBRFV-LMID/RGB/Tomato/II/Virus/V_16_RGB_15_1.tiff
train,Tomato\II\Virus,Virus,V_16,16,15,10,Datasets/TOBRFV-LMID/RGB/Tomato/II/Virus/V_16_RGB_15_10.tiff
train,Tomato\II\Virus,Virus,V_16,16,15,11,Datasets/TOBRFV-LMID/RGB/Tomato/II/Virus/V_16_RGB_15_11.tiff
train,Tomato\II\Virus,Virus,V_16,16,15,12,Datasets/TOBRFV-LMID/RGB/Tomato/II/Virus/V_16_RGB_15_12.tiff
train,Tomato\II\Virus,Virus,V_16,16,15,13,Datasets/TOBRFV-LMID/RGB/Tomato/II/Virus/V_16_RGB_15_13.tiff
train,Tomato\II\Virus,Virus,V_16,16,15,14,Datasets/TOBRFV-LMID/RGB/Tomato/II/Virus/V_16_RGB_15_14.tiff
train,Tomato\II\Virus,Virus,V_16,16,15,15,Datasets/TOBRFV-LMID/RGB/Tomato/II/Virus/V_16_RGB_15_15.tiff
train,Tomato\II\Virus,Virus,V_16,16,15,16,Datasets/TOBRFV-LMID/RGB/Tomato/II/Virus/V_16_RGB_15_16.tiff
train,Tomato\II\Virus,Virus,V_16,16,15,17,Datasets/TOBRFV-LMID/RGB/Tomato/II/Virus/V_16_RGB_15_17.tiff
train,Tomato\II\Virus,Virus,V_16,16,15,18,Datasets/TOBRFV-LMID/RGB/Tomato/II/Virus/V_16_RGB_15_18.tiff
train,Tomato\II\Virus,Virus,V_16,16,15,19,Datasets/TOBRFV-LMID/RGB/Tomato/II/Virus/V_16_RGB_15_19.tiff
train,Tomato\II\Virus,Virus,V_16,16,15,2,Datasets/TOBRFV-LMID/RGB/Tomato/II/Virus/V_16_RGB_15_2.tiff
train,Tomato\II\Virus,Virus,V_16,16,15,20,Datasets/TOBRFV-LMID/RGB/Tomato/II/Virus/V_16_RGB_15_20.tiff
train,Tomato\II\Virus,Virus,V_16,16,15,21,Datasets/TOBRFV-LMID/RGB/Tomato/II/Virus/V_16_RGB_15_21.tiff
train,Tomato\II\Virus,Virus,V_16,16,15,22,Datasets/TOBRFV-LMID/RGB/Tomato/II/Virus/V_16_RGB_15_22.tiff
train,Tomato\II\Virus,Virus,V_16,16,15,23,Datasets/TOBRFV-LMID/RGB/Tomato/II/Virus/V_16_RGB_15_23.tiff
train,Tomato\II\Virus,Virus,V_16,16,15,24,Datasets/TOBRFV-LMID/RGB/Tomato/II/Virus/V_16_RGB_15_24.tiff
train,Tomato\II\Virus,Virus,V_16,16,15,25,Datasets/TOBRFV-LMID/RGB/Tomato/II/Virus/V_16_RGB_15_25.tiff
train,Tomato\II\Virus,Virus,V_16,16,15,26,Datasets/TOBRFV-LMID/RGB/Tomato/II/Virus/V_16_RGB_15_26.tiff
train,Tomato\II\Virus,Virus,V_16,16,15,27,Datasets/TOBRFV-LMID/RGB/Tomato/II/Virus/V_16_RGB_15_27.tiff
train,Tomato\II\Virus,Virus,V_16,16,15,28,Datasets/TOBRFV-LMID/RGB/Tomato/II/Virus/V_16_RGB_15_28.tiff
train,Tomato\II\Virus,Virus,V_16,16,15,3,Datasets/TOBRFV-LMID/RGB/Tomato/II/Virus/V_16_RGB_15_3.tiff
train,Tomato\II\Virus,Virus,V_16,16,15,30,Datasets/TOBRFV-LMID/RGB/Tomato/II/Virus/V_16_RGB_15_30.tiff
train,Tomato\II\Virus,Virus,V_16,16,15,31,Datasets/TOBRFV-LMID/RGB/Tomato/II/Virus/V_16_RGB_15_31.tiff
train,Tomato\II\Virus,Virus,V_16,16,15,32,Datasets/TOBRFV-LMID/RGB/Tomato/II/Virus/V_16_RGB_15_32.tiff
train,Tomato\II\Virus,Virus,V_16,16,15,33,Datasets/TOBRFV-LMID/RGB/Tomato/II/Virus/V_16_RGB_15_33.tiff
train,Tomato\II\Virus,Virus,V_16,16,15,34,Datasets/TOBRFV-LMID/RGB/Tomato/II/Virus/V_16_RGB_15_34.tiff
train,Tomato\II\Virus,Virus,V_16,16,15,35,Datasets/TOBRFV-LMID/RGB/Tomato/II/Virus/V_16_RGB_15_35.tiff
train,Tomato\II\Virus,Virus,V_16,16,15,36,Datasets/TOBRFV-LMID/RGB/Tomato/II/Virus/V_16_RGB_15_36.tiff
train,Tomato\II\Virus,Virus,V_16,16,15,37,Datasets/TOBRFV-LMID/RGB/Tomato/II/Virus/V_16_RGB_15_37.tiff
train,Tomato\II\Virus,Virus,V_16,16,15,38,Datasets/TOBRFV-LMID/RGB/Tomato/II/Virus/V_16_RGB_15_38.tiff
train,Tomato\II\Virus,Virus,V_16,16,15,39,Datasets/TOBRFV-LMID/RGB/Tomato/II/Virus/V_16_RGB_15_39.tiff
train,Tomato\II\Virus,Virus,V_16,16,15,4,Datasets/TOBRFV-LMID/RGB/Tomato/II/Virus/V_16_RGB_15_4.tiff
train,Tomato\II\Virus,Virus,V_16,16,15,40,Datasets/TOBRFV-LMID/RGB/Tomato/II/Virus/V_16_RGB_15_40.tiff
train,Tomato\II\Virus,Virus,V_16,16,15,41,Datasets/TOBRFV-LMID/RGB/Tomato/II/Virus/V_16_RGB_15_41.tiff
train,Tomato\II\Virus,Virus,V_16,16,15,42,Datasets/TOBRFV-LMID/RGB/Tomato/II/Virus/V_16_RGB_15_42.tiff
train,Tomato\II\Virus,Virus,V_16,16,15,43,Datasets/TOBRFV-LMID/RGB/Tomato/II/Virus/V_16_RGB_15_43.tiff
train,Tomato\II\Virus,Virus,V_16,16,15,44,Datasets/TOBRFV-LMID/RGB/Tomato/II/Virus/V_16_RGB_15_44.tiff
train,Tomato\II\Virus,Virus,V_16,16,15,45,Datasets/TOBRFV-LMID/RGB/Tomato/II/Virus/V_16_RGB_15_45.tiff
train,Tomato\II\Virus,Virus,V_16,16,15,5,Datasets/TOBRFV-LMID/RGB/Tomato/II/Virus/V_16_RGB_15_5.tiff
train,Tomato\II\Virus,Virus,V_16,16,15,6,Datasets/TOBRFV-LMID/RGB/Tomato/II/Virus/V_16_RGB_15_6.tiff
train,Tomato\II\Virus,Virus,V_16,16,15,7,Datasets/TOBRFV-LMID/RGB/Tomato/II/Virus/V_16_RGB_15_7.tiff
train,Tomato\II\Virus,Virus,V_16,16,15,8,Datasets/TOBRFV-LMID/RGB/Tomato/II/Virus/V_16_RGB_15_8.tiff
train,Tomato\II\Virus,Virus,V_16,16,15,9,Datasets/TOBRFV-LMID/RGB/Tomato/II/Virus/V_16_RGB_15_9.tiff
train,Tomato\II\Virus,Virus,V_12,12,0,1,Datasets/TOBRFV-LMID/RGB/Tomato/II/Virus/V_12_RGB_0_1.tiff
train,Tomato\II\Virus,Virus,V_12,12,0,10,Datasets/TOBRFV-LMID/RGB/Tomato/II/Virus/V_12_RGB_0_10.tiff
train,Tomato\II\Virus,Virus,V_12,12,0,11,Datasets/TOBRFV-LMID/RGB/Tomato/II/Virus/V_12_RGB_0_11.tiff
train,Tomato\II\Virus,Virus,V_12,12,0,12,Datasets/TOBRFV-LMID/RGB/Tomato/II/Virus/V_12_RGB_0_12.tiff
train,Tomato\II\Virus,Virus,V_12,12,0,13,Datasets/TOBRFV-LMID/RGB/Tomato/II/Virus/V_12_RGB_0_13.tiff
train,Tomato\II\Virus,Virus,V_12,12,0,14,Datasets/TOBRFV-LMID/RGB/Tomato/II/Virus/V_12_RGB_0_14.tiff
train,Tomato\II\Virus,Virus,V_12,12,0,15,Datasets/TOBRFV-LMID/RGB/Tomato/II/Virus/V_12_RGB_0_15.tiff
train,Tomato\II\Virus,Virus,V_12,12,0,16,Datasets/TOBRFV-LMID/RGB/Tomato/II/Virus/V_12_RGB_0_16.tiff
train,Tomato\II\Virus,Virus,V_12,12,0,17,Datasets/TOBRFV-LMID/RGB/Tomato/II/Virus/V_12_RGB_0_17.tiff
train,Tomato\II\Virus,Virus,V_12,12,0,18,Datasets/TOBRFV-LMID/RGB/Tomato/II/Virus/V_12_RGB_0_18.tiff
train,Tomato\II\Virus,Virus,V_12,12,0,19,Datasets/TOBRFV-LMID/RGB/Tomato/II/Virus/V_12_RGB_0_19.tiff
train,Tomato\II\Virus,Virus,V_12,12,0,2,Datasets/TOBRFV-LMID/RGB/Tomato/II/Virus/V_12_RGB_0_2.tiff
train,Tomato\II\Virus,Virus,V_12,12,0,21,Datasets/TOBRFV-LMID/RGB/Tomato/II/Virus/V_12_RGB_0_21.tiff
train,Tomato\II\Virus,Virus,V_12,12,0,23,Datasets/TOBRFV-LMID/RGB/Tomato/II/Virus/V_12_RGB_0_23.tiff
train,Tomato\II\Virus,Virus,V_12,12,0,24,Datasets/TOBRFV-LMID/RGB/Tomato/II/Virus/V_12_RGB_0_24.tiff
train,Tomato\II\Virus,Virus,V_12,12,0,25,Datasets/TOBRFV-LMID/RGB/Tomato/II/Virus/V_12_RGB_0_25.tiff
train,Tomato\II\Virus,Virus,V_12,12,0,26,Datasets/TOBRFV-LMID/RGB/Tomato/II/Virus/V_12_RGB_0_26.tiff
train,Tomato\II\Virus,Virus,V_12,12,0,27,Datasets/TOBRFV-LMID/RGB/Tomato/II/Virus/V_12_RGB_0_27.tiff
train,Tomato\II\Virus,Virus,V_12,12,0,28,Datasets/TOBRFV-LMID/RGB/Tomato/II/Virus/V_12_RGB_0_28.tiff
train,Tomato\II\Virus,Virus,V_12,12,0,3,Datasets/TOBRFV-LMID/RGB/Tomato/II/Virus/V_12_RGB_0_3.tiff
train,Tomato\II\Virus,Virus,V_12,12,0,31,Datasets/TOBRFV-LMID/RGB/Tomato/II/Virus/V_12_RGB_0_31.tiff
train,Tomato\II\Virus,Virus,V_12,12,0,32,Datasets/TOBRFV-LMID/RGB/Tomato/II/Virus/V_12_RGB_0_32.tiff
train,Tomato\II\Virus,Virus,V_12,12,0,33,Datasets/TOBRFV-LMID/RGB/Tomato/II/Virus/V_12_RGB_0_33.tiff
train,Tomato\II\Virus,Virus,V_12,12,0,34,Datasets/TOBRFV-LMID/RGB/Tomato/II/Virus/V_12_RGB_0_34.tiff
train,Tomato\II\Virus,Virus,V_12,12,0,35,Datasets/TOBRFV-LMID/RGB/Tomato/II/Virus/V_12_RGB_0_35.tiff
train,Tomato\II\Virus,Virus,V_12,12,0,36,Datasets/TOBRFV-LMID/RGB/Tomato/II/Virus/V_12_RGB_0_36.tiff
train,Tomato\II\Virus,Virus,V_12,12,0,37,Datasets/TOBRFV-LMID/RGB/Tomato/II/Virus/V_12_RGB_0_37.tiff
train,Tomato\II\Virus,Virus,V_12,12,0,39,Datasets/TOBRFV-LMID/RGB/Tomato/II/Virus/V_12_RGB_0_39.tiff
train,Tomato\II\Virus,Virus,V_12,12,0,4,Datasets/TOBRFV-LMID/RGB/Tomato/II/Virus/V_12_RGB_0_4.tiff
train,Tomato\II\Virus,Virus,V_12,12,0,41,Datasets/TOBRFV-LMID/RGB/Tomato/II/Virus/V_12_RGB_0_41.tiff
train,Tomato\II\Virus,Virus,V_12,12,0,42,Datasets/TOBRFV-LMID/RGB/Tomato/II/Virus/V_12_RGB_0_42.tiff
train,Tomato\II\Virus,Virus,V_12,12,0,43,Datasets/TOBRFV-LMID/RGB/Tomato/II/Virus/V_12_RGB_0_43.tiff
train,Tomato\II\Virus,Virus,V_12,12,0,44,Datasets/TOBRFV-LMID/RGB/Tomato/II/Virus/V_12_RGB_0_44.tiff
train,Tomato\II\Virus,Virus,V_12,12,0,45,Datasets/TOBRFV-LMID/RGB/Tomato/II/Virus/V_12_RGB_0_45.tiff
train,Tomato\II\Virus,Virus,V_12,12,0,5,Datasets/TOBRFV-LMID/RGB/Tomato/II/Virus/V_12_RGB_0_5.tiff
train,Tomato\II\Virus,Virus,V_12,12,0,6,Datasets/TOBRFV-LMID/RGB/Tomato/II/Virus/V_12_RGB_0_6.tiff
train,Tomato\II\Virus,Virus,V_12,12,0,7,Datasets/TOBRFV-LMID/RGB/Tomato/II/Virus/V_12_RGB_0_7.tiff
train,Tomato\II\Virus,Virus,V_12,12,0,9,Datasets/TOBRFV-LMID/RGB/Tomato/II/Virus/V_12_RGB_0_9.tiff
train,Tomato\II\Virus,Virus,V_12,12,5,1,Datasets/TOBRFV-LMID/RGB/Tomato/II/Virus/V_12_RGB_5_1.tiff
train,Tomato\II\Virus,Virus,V_12,12,5,10,Datasets/TOBRFV-LMID/RGB/Tomato/II/Virus/V_12_RGB_5_10.tiff
train,Tomato\II\Virus,Virus,V_12,12,5,11,Datasets/TOBRFV-LMID/RGB/Tomato/II/Virus/V_12_RGB_5_11.tiff
train,Tomato\II\Virus,Virus,V_12,12,5,13,Datasets/TOBRFV-LMID/RGB/Tomato/II/Virus/V_12_RGB_5_13.tiff
train,Tomato\II\Virus,Virus,V_12,12,5,14,Datasets/TOBRFV-LMID/RGB/Tomato/II/Virus/V_12_RGB_5_14.tiff
train,Tomato\II\Virus,Virus,V_12,12,5,15,Datasets/TOBRFV-LMID/RGB/Tomato/II/Virus/V_12_RGB_5_15.tiff
train,Tomato\II\Virus,Virus,V_12,12,5,16,Datasets/TOBRFV-LMID/RGB/Tomato/II/Virus/V_12_RGB_5_16.tiff
train,Tomato\II\Virus,Virus,V_12,12,5,17,Datasets/TOBRFV-LMID/RGB/Tomato/II/Virus/V_12_RGB_5_17.tiff
train,Tomato\II\Virus,Virus,V_12,12,5,18,Datasets/TOBRFV-LMID/RGB/Tomato/II/Virus/V_12_RGB_5_18.tiff
train,Tomato\II\Virus,Virus,V_12,12,5,19,Datasets/TOBRFV-LMID/RGB/Tomato/II/Virus/V_12_RGB_5_19.tiff
train,Tomato\II\Virus,Virus,V_12,12,5,2,Datasets/TOBRFV-LMID/RGB/Tomato/II/Virus/V_12_RGB_5_2.tiff
train,Tomato\II\Virus,Virus,V_12,12,5,20,Datasets/TOBRFV-LMID/RGB/Tomato/II/Virus/V_12_RGB_5_20.tiff
train,Tomato\II\Virus,Virus,V_12,12,5,21,Datasets/TOBRFV-LMID/RGB/Tomato/II/Virus/V_12_RGB_5_21.tiff
train,Tomato\II\Virus,Virus,V_12,12,5,22,Datasets/TOBRFV-LMID/RGB/Tomato/II/Virus/V_12_RGB_5_22.tiff
train,Tomato\II\Virus,Virus,V_12,12,5,23,Datasets/TOBRFV-LMID/RGB/Tomato/II/Virus/V_12_RGB_5_23.tiff
train,Tomato\II\Virus,Virus,V_12,12,5,24,Datasets/TOBRFV-LMID/RGB/Tomato/II/Virus/V_12_RGB_5_24.tiff
train,Tomato\II\Virus,Virus,V_12,12,5,25,Datasets/TOBRFV-LMID/RGB/Tomato/II/Virus/V_12_RGB_5_25.tiff
train,Tomato\II\Virus,Virus,V_12,12,5,26,Datasets/TOBRFV-LMID/RGB/Tomato/II/Virus/V_12_RGB_5_26.tiff
train,Tomato\II\Virus,Virus,V_12,12,5,27,Datasets/TOBRFV-LMID/RGB/Tomato/II/Virus/V_12_RGB_5_27.tiff
train,Tomato\II\Virus,Virus,V_12,12,5,28,Datasets/TOBRFV-LMID/RGB/Tomato/II/Virus/V_12_RGB_5_28.tiff
train,Tomato\II\Virus,Virus,V_12,12,5,29,Datasets/TOBRFV-LMID/RGB/Tomato/II/Virus/V_12_RGB_5_29.tiff
train,Tomato\II\Virus,Virus,V_12,12,5,3,Datasets/TOBRFV-LMID/RGB/Tomato/II/Virus/V_12_RGB_5_3.tiff
train,Tomato\II\Virus,Virus,V_12,12,5,30,Datasets/TOBRFV-LMID/RGB/Tomato/II/Virus/V_12_RGB_5_30.tiff
train,Tomato\II\Virus,Virus,V_12,12,5,31,Datasets/TOBRFV-LMID/RGB/Tomato/II/Virus/V_12_RGB_5_31.tiff
train,Tomato\II\Virus,Virus,V_12,12,5,32,Datasets/TOBRFV-LMID/RGB/Tomato/II/Virus/V_12_RGB_5_32.tiff
train,Tomato\II\Virus,Virus,V_12,12,5,33,Datasets/TOBRFV-LMID/RGB/Tomato/II/Virus/V_12_RGB_5_33.tiff
train,Tomato\II\Virus,Virus,V_12,12,5,34,Datasets/TOBRFV-LMID/RGB/Tomato/II/Virus/V_12_RGB_5_34.tiff
train,Tomato\II\Virus,Virus,V_12,12,5,35,Datasets/TOBRFV-LMID/RGB/Tomato/II/Virus/V_12_RGB_5_35.tiff
train,Tomato\II\Virus,Virus,V_12,12,5,36,Datasets/TOBRFV-LMID/RGB/Tomato/II/Virus/V_12_RGB_5_36.tiff
train,Tomato\II\Virus,Virus,V_12,12,5,37,Datasets/TOBRFV-LMID/RGB/Tomato/II/Virus/V_12_RGB_5_37.tiff
train,Tomato\II\Virus,Virus,V_12,12,5,38,Datasets/TOBRFV-LMID/RGB/Tomato/II/Virus/V_12_RGB_5_38.tiff
train,Tomato\II\Virus,Virus,V_12,12,5,39,Datasets/TOBRFV-LMID/RGB/Tomato/II/Virus/V_12_RGB_5_39.tiff
train,Tomato\II\Virus,Virus,V_12,12,5,4,Datasets/TOBRFV-LMID/RGB/Tomato/II/Virus/V_12_RGB_5_4.tiff
train,Tomato\II\Virus,Virus,V_12,12,5,40,Datasets/TOBRFV-LMID/RGB/Tomato/II/Virus/V_12_RGB_5_40.tiff
train,Tomato\II\Virus,Virus,V_12,12,5,41,Datasets/TOBRFV-LMID/RGB/Tomato/II/Virus/V_12_RGB_5_41.tiff
train,Tomato\II\Virus,Virus,V_12,12,5,42,Datasets/TOBRFV-LMID/RGB/Tomato/II/Virus/V_12_RGB_5_42.tiff
train,Tomato\II\Virus,Virus,V_12,12,5,43,Datasets/TOBRFV-LMID/RGB/Tomato/II/Virus/V_12_RGB_5_43.tiff
train,Tomato\II\Virus,Virus,V_12,12,5,44,Datasets/TOBRFV-LMID/RGB/Tomato/II/Virus/V_12_RGB_5_44.tiff
train,Tomato\II\Virus,Virus,V_12,12,5,45,Datasets/TOBRFV-LMID/RGB/Tomato/II/Virus/V_12_RGB_5_45.tiff
train,Tomato\II\Virus,Virus,V_12,12,5,5,Datasets/TOBRFV-LMID/RGB/Tomato/II/Virus/V_12_RGB_5_5.tiff
train,Tomato\II\Virus,Virus,V_12,12,5,6,Datasets/TOBRFV-LMID/RGB/Tomato/II/Virus/V_12_RGB_5_6.tiff
train,Tomato\II\Virus,Virus,V_12,12,5,8,Datasets/TOBRFV-LMID/RGB/Tomato/II/Virus/V_12_RGB_5_8.tiff
train,Tomato\II\Virus,Virus,V_12,12,5,9,Datasets/TOBRFV-LMID/RGB/Tomato/II/Virus/V_12_RGB_5_9.tiff
train,Tomato\I\Healthy,Healthy,H_29,29,0,1,Datasets/TOBRFV-LMID/RGB/Tomato/I/Healthy/H_29_RGB_0_1.tiff
train,Tomato\I\Healthy,Healthy,H_29,29,0,10,Datasets/TOBRFV-LMID/RGB/Tomato/I/Healthy/H_29_RGB_0_10.tiff
train,Tomato\I\Healthy,Healthy,H_29,29,0,14,Datasets/TOBRFV-LMID/RGB/Tomato/I/Healthy/H_29_RGB_0_14.tiff
train,Tomato\I\Healthy,Healthy,H_29,29,0,15,Datasets/TOBRFV-LMID/RGB/Tomato/I/Healthy/H_29_RGB_0_15.tiff
train,Tomato\I\Healthy,Healthy,H_29,29,0,18,Datasets/TOBRFV-LMID/RGB/Tomato/I/Healthy/H_29_RGB_0_18.tiff
train,Tomato\I\Healthy,Healthy,H_29,29,0,19,Datasets/TOBRFV-LMID/RGB/Tomato/I/Healthy/H_29_RGB_0_19.tiff
train,Tomato\I\Healthy,Healthy,H_29,29,0,2,Datasets/TOBRFV-LMID/RGB/Tomato/I/Healthy/H_29_RGB_0_2.tiff
train,Tomato\I\Healthy,Healthy,H_29,29,0,20,Datasets/TOBRFV-LMID/RGB/Tomato/I/Healthy/H_29_RGB_0_20.tiff
train,Tomato\I\Healthy,Healthy,H_29,29,0,21,Datasets/TOBRFV-LMID/RGB/Tomato/I/Healthy/H_29_RGB_0_21.tiff
train,Tomato\I\Healthy,Healthy,H_29,29,0,22,Datasets/TOBRFV-LMID/RGB/Tomato/I/Healthy/H_29_RGB_0_22.tiff
train,Tomato\I\Healthy,Healthy,H_29,29,0,23,Datasets/TOBRFV-LMID/RGB/Tomato/I/Healthy/H_29_RGB_0_23.tiff
train,Tomato\I\Healthy,Healthy,H_29,29,0,24,Datasets/TOBRFV-LMID/RGB/Tomato/I/Healthy/H_29_RGB_0_24.tiff
train,Tomato\I\Healthy,Healthy,H_29,29,0,25,Datasets/TOBRFV-LMID/RGB/Tomato/I/Healthy/H_29_RGB_0_25.tiff
train,Tomato\I\Healthy,Healthy,H_29,29,0,26,Datasets/TOBRFV-LMID/RGB/Tomato/I/Healthy/H_29_RGB_0_26.tiff
train,Tomato\I\Healthy,Healthy,H_29,29,0,27,Datasets/TOBRFV-LMID/RGB/Tomato/I/Healthy/H_29_RGB_0_27.tiff
train,Tomato\I\Healthy,Healthy,H_29,29,0,28,Datasets/TOBRFV-LMID/RGB/Tomato/I/Healthy/H_29_RGB_0_28.tiff
train,Tomato\I\Healthy,Healthy,H_29,29,0,29,Datasets/TOBRFV-LMID/RGB/Tomato/I/Healthy/H_29_RGB_0_29.tiff
train,Tomato\I\Healthy,Healthy,H_29,29,0,3,Datasets/TOBRFV-LMID/RGB/Tomato/I/Healthy/H_29_RGB_0_3.tiff
train,Tomato\I\Healthy,Healthy,H_29,29,0,30,Datasets/TOBRFV-LMID/RGB/Tomato/I/Healthy/H_29_RGB_0_30.tiff
train,Tomato\I\Healthy,Healthy,H_29,29,0,31,Datasets/TOBRFV-LMID/RGB/Tomato/I/Healthy/H_29_RGB_0_31.tiff
train,Tomato\I\Healthy,Healthy,H_29,29,0,32,Datasets/TOBRFV-LMID/RGB/Tomato/I/Healthy/H_29_RGB_0_32.tiff
train,Tomato\I\Healthy,Healthy,H_29,29,0,33,Datasets/TOBRFV-LMID/RGB/Tomato/I/Healthy/H_29_RGB_0_33.tiff
train,Tomato\I\Healthy,Healthy,H_29,29,0,34,Datasets/TOBRFV-LMID/RGB/Tomato/I/Healthy/H_29_RGB_0_34.tiff
train,Tomato\I\Healthy,Healthy,H_29,29,0,35,Datasets/TOBRFV-LMID/RGB/Tomato/I/Healthy/H_29_RGB_0_35.tiff
train,Tomato\I\Healthy,Healthy,H_29,29,0,36,Datasets/TOBRFV-LMID/RGB/Tomato/I/Healthy/H_29_RGB_0_36.tiff
train,Tomato\I\Healthy,Healthy,H_29,29,0,37,Datasets/TOBRFV-LMID/RGB/Tomato/I/Healthy/H_29_RGB_0_37.tiff
train,Tomato\I\Healthy,Healthy,H_29,29,0,5,Datasets/TOBRFV-LMID/RGB/Tomato/I/Healthy/H_29_RGB_0_5.tiff
train,Tomato\I\Healthy,Healthy,H_29,29,0,6,Datasets/TOBRFV-LMID/RGB/Tomato/I/Healthy/H_29_RGB_0_6.tiff
train,Tomato\I\Healthy,Healthy,H_29,29,0,7,Datasets/TOBRFV-LMID/RGB/Tomato/I/Healthy/H_29_RGB_0_7.tiff
train,Tomato\I\Healthy,Healthy,H_29,29,0,8,Datasets/TOBRFV-LMID/RGB/Tomato/I/Healthy/H_29_RGB_0_8.tiff
train,Tomato\I\Healthy,Healthy,H_29,29,0,9,Datasets/TOBRFV-LMID/RGB/Tomato/I/Healthy/H_29_RGB_0_9.tiff
train,Tomato\I\Healthy,Healthy,H_29,29,15,1,Datasets/TOBRFV-LMID/RGB/Tomato/I/Healthy/H_29_RGB_15_1.tiff
train,Tomato\I\Healthy,Healthy,H_29,29,15,10,Datasets/TOBRFV-LMID/RGB/Tomato/I/Healthy/H_29_RGB_15_10.tiff
train,Tomato\I\Healthy,Healthy,H_29,29,15,11,Datasets/TOBRFV-LMID/RGB/Tomato/I/Healthy/H_29_RGB_15_11.tiff
train,Tomato\I\Healthy,Healthy,H_29,29,15,12,Datasets/TOBRFV-LMID/RGB/Tomato/I/Healthy/H_29_RGB_15_12.tiff
train,Tomato\I\Healthy,Healthy,H_29,29,15,14,Datasets/TOBRFV-LMID/RGB/Tomato/I/Healthy/H_29_RGB_15_14.tiff
train,Tomato\I\Healthy,Healthy,H_29,29,15,15,Datasets/TOBRFV-LMID/RGB/Tomato/I/Healthy/H_29_RGB_15_15.tiff
train,Tomato\I\Healthy,Healthy,H_29,29,15,16,Datasets/TOBRFV-LMID/RGB/Tomato/I/Healthy/H_29_RGB_15_16.tiff
train,Tomato\I\Healthy,Healthy,H_29,29,15,17,Datasets/TOBRFV-LMID/RGB/Tomato/I/Healthy/H_29_RGB_15_17.tiff
train,Tomato\I\Healthy,Healthy,H_29,29,15,18,Datasets/TOBRFV-LMID/RGB/Tomato/I/Healthy/H_29_RGB_15_18.tiff
train,Tomato\I\Healthy,Healthy,H_29,29,15,19,Datasets/TOBRFV-LMID/RGB/Tomato/I/Healthy/H_29_RGB_15_19.tiff
train,Tomato\I\Healthy,Healthy,H_29,29,15,2,Datasets/TOBRFV-LMID/RGB/Tomato/I/Healthy/H_29_RGB_15_2.tiff
train,Tomato\I\Healthy,Healthy,H_29,29,15,23,Datasets/TOBRFV-LMID/RGB/Tomato/I/Healthy/H_29_RGB_15_23.tiff
train,Tomato\I\Healthy,Healthy,H_29,29,15,24,Datasets/TOBRFV-LMID/RGB/Tomato/I/Healthy/H_29_RGB_15_24.tiff
train,Tomato\I\Healthy,Healthy,H_29,29,15,25,Datasets/TOBRFV-LMID/RGB/Tomato/I/Healthy/H_29_RGB_15_25.tiff
train,Tomato\I\Healthy,Healthy,H_29,29,15,26,Datasets/TOBRFV-LMID/RGB/Tomato/I/Healthy/H_29_RGB_15_26.tiff
train,Tomato\I\Healthy,Healthy,H_29,29,15,27,Datasets/TOBRFV-LMID/RGB/Tomato/I/Healthy/H_29_RGB_15_27.tiff
train,Tomato\I\Healthy,Healthy,H_29,29,15,28,Datasets/TOBRFV-LMID/RGB/Tomato/I/Healthy/H_29_RGB_15_28.tiff
train,Tomato\I\Healthy,Healthy,H_29,29,15,29,Datasets/TOBRFV-LMID/RGB/Tomato/I/Healthy/H_29_RGB_15_29.tiff
train,Tomato\I\Healthy,Healthy,H_29,29,15,3,Datasets/TOBRFV-LMID/RGB/Tomato/I/Healthy/H_29_RGB_15_3.tiff
train,Tomato\I\Healthy,Healthy,H_29,29,15,30,Datasets/TOBRFV-LMID/RGB/Tomato/I/Healthy/H_29_RGB_15_30.tiff
train,Tomato\I\Healthy,Healthy,H_29,29,15,31,Datasets/TOBRFV-LMID/RGB/Tomato/I/Healthy/H_29_RGB_15_31.tiff
train,Tomato\I\Healthy,Healthy,H_29,29,15,32,Datasets/TOBRFV-LMID/RGB/Tomato/I/Healthy/H_29_RGB_15_32.tiff
train,Tomato\I\Healthy,Healthy,H_29,29,15,33,Datasets/TOBRFV-LMID/RGB/Tomato/I/Healthy/H_29_RGB_15_33.tiff
train,Tomato\I\Healthy,Healthy,H_29,29,15,35,Datasets/TOBRFV-LMID/RGB/Tomato/I/Healthy/H_29_RGB_15_35.tiff
train,Tomato\I\Healthy,Healthy,H_29,29,15,36,Datasets/TOBRFV-LMID/RGB/Tomato/I/Healthy/H_29_RGB_15_36.tiff
train,Tomato\I\Healthy,Healthy,H_29,29,15,37,Datasets/TOBRFV-LMID/RGB/Tomato/I/Healthy/H_29_RGB_15_37.tiff
train,Tomato\I\Healthy,Healthy,H_29,29,15,4,Datasets/TOBRFV-LMID/RGB/Tomato/I/Healthy/H_29_RGB_15_4.tiff
train,Tomato\I\Healthy,Healthy,H_29,29,15,5,Datasets/TOBRFV-LMID/RGB/Tomato/I/Healthy/H_29_RGB_15_5.tiff
train,Tomato\I\Healthy,Healthy,H_29,29,15,6,Datasets/TOBRFV-LMID/RGB/Tomato/I/Healthy/H_29_RGB_15_6.tiff
train,Tomato\I\Healthy,Healthy,H_29,29,15,7,Datasets/TOBRFV-LMID/RGB/Tomato/I/Healthy/H_29_RGB_15_7.tiff
train,Tomato\I\Healthy,Healthy,H_29,29,15,8,Datasets/TOBRFV-LMID/RGB/Tomato/I/Healthy/H_29_RGB_15_8.tiff
train,Tomato\I\Healthy,Healthy,H_29,29,15,9,Datasets/TOBRFV-LMID/RGB/Tomato/I/Healthy/H_29_RGB_15_9.tiff
train,Tomato\I\Healthy,Healthy,H_19,19,0,1,Datasets/TOBRFV-LMID/RGB/Tomato/I/Healthy/H_19_RGB_0_1.tiff
train,Tomato\I\Healthy,Healthy,H_19,19,0,10,Datasets/TOBRFV-LMID/RGB/Tomato/I/Healthy/H_19_RGB_0_10.tiff
train,Tomato\I\Healthy,Healthy,H_19,19,0,11,Datasets/TOBRFV-LMID/RGB/Tomato/I/Healthy/H_19_RGB_0_11.tiff
train,Tomato\I\Healthy,Healthy,H_19,19,0,13,Datasets/TOBRFV-LMID/RGB/Tomato/I/Healthy/H_19_RGB_0_13.tiff
train,Tomato\I\Healthy,Healthy,H_19,19,0,14,Datasets/TOBRFV-LMID/RGB/Tomato/I/Healthy/H_19_RGB_0_14.tiff
train,Tomato\I\Healthy,Healthy,H_19,19,0,15,Datasets/TOBRFV-LMID/RGB/Tomato/I/Healthy/H_19_RGB_0_15.tiff
train,Tomato\I\Healthy,Healthy,H_19,19,0,16,Datasets/TOBRFV-LMID/RGB/Tomato/I/Healthy/H_19_RGB_0_16.tiff
train,Tomato\I\Healthy,Healthy,H_19,19,0,18,Datasets/TOBRFV-LMID/RGB/Tomato/I/Healthy/H_19_RGB_0_18.tiff
train,Tomato\I\Healthy,Healthy,H_19,19,0,19,Datasets/TOBRFV-LMID/RGB/Tomato/I/Healthy/H_19_RGB_0_19.tiff
train,Tomato\I\Healthy,Healthy,H_19,19,0,2,Datasets/TOBRFV-LMID/RGB/Tomato/I/Healthy/H_19_RGB_0_2.tiff
train,Tomato\I\Healthy,Healthy,H_19,19,0,20,Datasets/TOBRFV-LMID/RGB/Tomato/I/Healthy/H_19_RGB_0_20.tiff
train,Tomato\I\Healthy,Healthy,H_19,19,0,21,Datasets/TOBRFV-LMID/RGB/Tomato/I/Healthy/H_19_RGB_0_21.tiff
train,Tomato\I\Healthy,Healthy,H_19,19,0,22,Datasets/TOBRFV-LMID/RGB/Tomato/I/Healthy/H_19_RGB_0_22.tiff
train,Tomato\I\Healthy,Healthy,H_19,19,0,23,Datasets/TOBRFV-LMID/RGB/Tomato/I/Healthy/H_19_RGB_0_23.tiff
train,Tomato\I\Healthy,Healthy,H_19,19,0,24,Datasets/TOBRFV-LMID/RGB/Tomato/I/Healthy/H_19_RGB_0_24.tiff
train,Tomato\I\Healthy,Healthy,H_19,19,0,25,Datasets/TOBRFV-LMID/RGB/Tomato/I/Healthy/H_19_RGB_0_25.tiff
train,Tomato\I\Healthy,Healthy,H_19,19,0,26,Datasets/TOBRFV-LMID/RGB/Tomato/I/Healthy/H_19_RGB_0_26.tiff
train,Tomato\I\Healthy,Healthy,H_19,19,0,27,Datasets/TOBRFV-LMID/RGB/Tomato/I/Healthy/H_19_RGB_0_27.tiff
train,Tomato\I\Healthy,Healthy,H_19,19,0,28,Datasets/TOBRFV-LMID/RGB/Tomato/I/Healthy/H_19_RGB_0_28.tiff
train,Tomato\I\Healthy,Healthy,H_19,19,0,29,Datasets/TOBRFV-LMID/RGB/Tomato/I/Healthy/H_19_RGB_0_29.tiff
train,Tomato\I\Healthy,Healthy,H_19,19,0,3,Datasets/TOBRFV-LMID/RGB/Tomato/I/Healthy/H_19_RGB_0_3.tiff
train,Tomato\I\Healthy,Healthy,H_19,19,0,30,Datasets/TOBRFV-LMID/RGB/Tomato/I/Healthy/H_19_RGB_0_30.tiff
train,Tomato\I\Healthy,Healthy,H_19,19,0,31,Datasets/TOBRFV-LMID/RGB/Tomato/I/Healthy/H_19_RGB_0_31.tiff
train,Tomato\I\Healthy,Healthy,H_19,19,0,32,Datasets/TOBRFV-LMID/RGB/Tomato/I/Healthy/H_19_RGB_0_32.tiff
train,Tomato\I\Healthy,Healthy,H_19,19,0,33,Datasets/TOBRFV-LMID/RGB/Tomato/I/Healthy/H_19_RGB_0_33.tiff
train,Tomato\I\Healthy,Healthy,H_19,19,0,34,Datasets/TOBRFV-LMID/RGB/Tomato/I/Healthy/H_19_RGB_0_34.tiff
train,Tomato\I\Healthy,Healthy,H_19,19,0,4,Datasets/TOBRFV-LMID/RGB/Tomato/I/Healthy/H_19_RGB_0_4.tiff
train,Tomato\I\Healthy,Healthy,H_19,19,0,5,Datasets/TOBRFV-LMID/RGB/Tomato/I/Healthy/H_19_RGB_0_5.tiff
train,Tomato\I\Healthy,Healthy,H_19,19,0,6,Datasets/TOBRFV-LMID/RGB/Tomato/I/Healthy/H_19_RGB_0_6.tiff
train,Tomato\I\Healthy,Healthy,H_19,19,0,7,Datasets/TOBRFV-LMID/RGB/Tomato/I/Healthy/H_19_RGB_0_7.tiff
train,Tomato\I\Healthy,Healthy,H_19,19,0,8,Datasets/TOBRFV-LMID/RGB/Tomato/I/Healthy/H_19_RGB_0_8.tiff
train,Tomato\I\Healthy,Healthy,H_19,19,0,9,Datasets/TOBRFV-LMID/RGB/Tomato/I/Healthy/H_19_RGB_0_9.tiff
train,Tomato\I\Healthy,Healthy,H_19,19,15,1,Datasets/TOBRFV-LMID/RGB/Tomato/I/Healthy/H_19_RGB_15_1.tiff
train,Tomato\I\Healthy,Healthy,H_19,19,15,10,Datasets/TOBRFV-LMID/RGB/Tomato/I/Healthy/H_19_RGB_15_10.tiff
train,Tomato\I\Healthy,Healthy,H_19,19,15,11,Datasets/TOBRFV-LMID/RGB/Tomato/I/Healthy/H_19_RGB_15_11.tiff
train,Tomato\I\Healthy,Healthy,H_19,19,15,12,Datasets/TOBRFV-LMID/RGB/Tomato/I/Healthy/H_19_RGB_15_12.tiff
train,Tomato\I\Healthy,Healthy,H_19,19,15,13,Datasets/TOBRFV-LMID/RGB/Tomato/I/Healthy/H_19_RGB_15_13.tiff
train,Tomato\I\Healthy,Healthy,H_19,19,15,14,Datasets/TOBRFV-LMID/RGB/Tomato/I/Healthy/H_19_RGB_15_14.tiff
train,Tomato\I\Healthy,Healthy,H_19,19,15,15,Datasets/TOBRFV-LMID/RGB/Tomato/I/Healthy/H_19_RGB_15_15.tiff
train,Tomato\I\Healthy,Healthy,H_19,19,15,16,Datasets/TOBRFV-LMID/RGB/Tomato/I/Healthy/H_19_RGB_15_16.tiff
train,Tomato\I\Healthy,Healthy,H_19,19,15,17,Datasets/TOBRFV-LMID/RGB/Tomato/I/Healthy/H_19_RGB_15_17.tiff
train,Tomato\I\Healthy,Healthy,H_19,19,15,18,Datasets/TOBRFV-LMID/RGB/Tomato/I/Healthy/H_19_RGB_15_18.tiff
train,Tomato\I\Healthy,Healthy,H_19,19,15,19,Datasets/TOBRFV-LMID/RGB/Tomato/I/Healthy/H_19_RGB_15_19.tiff
train,Tomato\I\Healthy,Healthy,H_19,19,15,2,Datasets/TOBRFV-LMID/RGB/Tomato/I/Healthy/H_19_RGB_15_2.tiff
train,Tomato\I\Healthy,Healthy,H_19,19,15,20,Datasets/TOBRFV-LMID/RGB/Tomato/I/Healthy/H_19_RGB_15_20.tiff
train,Tomato\I\Healthy,Healthy,H_19,19,15,21,Datasets/TOBRFV-LMID/RGB/Tomato/I/Healthy/H_19_RGB_15_21.tiff
train,Tomato\I\Healthy,Healthy,H_19,19,15,22,Datasets/TOBRFV-LMID/RGB/Tomato/I/Healthy/H_19_RGB_15_22.tiff
train,Tomato\I\Healthy,Healthy,H_19,19,15,23,Datasets/TOBRFV-LMID/RGB/Tomato/I/Healthy/H_19_RGB_15_23.tiff
train,Tomato\I\Healthy,Healthy,H_19,19,15,24,Datasets/TOBRFV-LMID/RGB/Tomato/I/Healthy/H_19_RGB_15_24.tiff
train,Tomato\I\Healthy,Healthy,H_19,19,15,25,Datasets/TOBRFV-LMID/RGB/Tomato/I/Healthy/H_19_RGB_15_25.tiff
train,Tomato\I\Healthy,Healthy,H_19,19,15,26,Datasets/TOBRFV-LMID/RGB/Tomato/I/Healthy/H_19_RGB_15_26.tiff
train,Tomato\I\Healthy,Healthy,H_19,19,15,27,Datasets/TOBRFV-LMID/RGB/Tomato/I/Healthy/H_19_RGB_15_27.tiff
train,Tomato\I\Healthy,Healthy,H_19,19,15,28,Datasets/TOBRFV-LMID/RGB/Tomato/I/Healthy/H_19_RGB_15_28.tiff
train,Tomato\I\Healthy,Healthy,H_19,19,15,29,Datasets/TOBRFV-LMID/RGB/Tomato/I/Healthy/H_19_RGB_15_29.tiff
train,Tomato\I\Healthy,Healthy,H_19,19,15,3,Datasets/TOBRFV-LMID/RGB/Tomato/I/Healthy/H_19_RGB_15_3.tiff
train,Tomato\I\Healthy,Healthy,H_19,19,15,30,Datasets/TOBRFV-LMID/RGB/Tomato/I/Healthy/H_19_RGB_15_30.tiff
train,Tomato\I\Healthy,Healthy,H_19,19,15,31,Datasets/TOBRFV-LMID/RGB/Tomato/I/Healthy/H_19_RGB_15_31.tiff
train,Tomato\I\Healthy,Healthy,H_19,19,15,32,Datasets/TOBRFV-LMID/RGB/Tomato/I/Healthy/H_19_RGB_15_32.tiff
train,Tomato\I\Healthy,Healthy,H_19,19,15,33,Datasets/TOBRFV-LMID/RGB/Tomato/I/Healthy/H_19_RGB_15_33.tiff
train,Tomato\I\Healthy,Healthy,H_19,19,15,34,Datasets/TOBRFV-LMID/RGB/Tomato/I/Healthy/H_19_RGB_15_34.tiff
train,Tomato\I\Healthy,Healthy,H_19,19,15,35,Datasets/TOBRFV-LMID/RGB/Tomato/I/Healthy/H_19_RGB_15_35.tiff
train,Tomato\I\Healthy,Healthy,H_19,19,15,36,Datasets/TOBRFV-LMID/RGB/Tomato/I/Healthy/H_19_RGB_15_36.tiff
train,Tomato\I\Healthy,Healthy,H_19,19,15,37,Datasets/TOBRFV-LMID/RGB/Tomato/I/Healthy/H_19_RGB_15_37.tiff
train,Tomato\I\Healthy,Healthy,H_19,19,15,4,Datasets/TOBRFV-LMID/RGB/Tomato/I/Healthy/H_19_RGB_15_4.tiff
train,Tomato\I\Healthy,Healthy,H_19,19,15,5,Datasets/TOBRFV-LMID/RGB/Tomato/I/Healthy/H_19_RGB_15_5.tiff
train,Tomato\I\Healthy,Healthy,H_19,19,15,6,Datasets/TOBRFV-LMID/RGB/Tomato/I/Healthy/H_19_RGB_15_6.tiff
train,Tomato\I\Healthy,Healthy,H_19,19,15,7,Datasets/TOBRFV-LMID/RGB/Tomato/I/Healthy/H_19_RGB_15_7.tiff
train,Tomato\I\Healthy,Healthy,H_19,19,15,8,Datasets/TOBRFV-LMID/RGB/Tomato/I/Healthy/H_19_RGB_15_8.tiff
train,Tomato\I\Healthy,Healthy,H_19,19,15,9,Datasets/TOBRFV-LMID/RGB/Tomato/I/Healthy/H_19_RGB_15_9.tiff
train,Tomato\I\Healthy,Healthy,H_9,9,0,1,Datasets/TOBRFV-LMID/RGB/Tomato/I/Healthy/H_9_RGB_0_1.tiff
train,Tomato\I\Healthy,Healthy,H_9,9,0,10,Datasets/TOBRFV-LMID/RGB/Tomato/I/Healthy/H_9_RGB_0_10.tiff
train,Tomato\I\Healthy,Healthy,H_9,9,0,11,Datasets/TOBRFV-LMID/RGB/Tomato/I/Healthy/H_9_RGB_0_11.tiff
train,Tomato\I\Healthy,Healthy,H_9,9,0,12,Datasets/TOBRFV-LMID/RGB/Tomato/I/Healthy/H_9_RGB_0_12.tiff
train,Tomato\I\Healthy,Healthy,H_9,9,0,15,Datasets/TOBRFV-LMID/RGB/Tomato/I/Healthy/H_9_RGB_0_15.tiff
train,Tomato\I\Healthy,Healthy,H_9,9,0,16,Datasets/TOBRFV-LMID/RGB/Tomato/I/Healthy/H_9_RGB_0_16.tiff
train,Tomato\I\Healthy,Healthy,H_9,9,0,18,Datasets/TOBRFV-LMID/RGB/Tomato/I/Healthy/H_9_RGB_0_18.tiff
train,Tomato\I\Healthy,Healthy,H_9,9,0,19,Datasets/TOBRFV-LMID/RGB/Tomato/I/Healthy/H_9_RGB_0_19.tiff
train,Tomato\I\Healthy,Healthy,H_9,9,0,2,Datasets/TOBRFV-LMID/RGB/Tomato/I/Healthy/H_9_RGB_0_2.tiff
train,Tomato\I\Healthy,Healthy,H_9,9,0,20,Datasets/TOBRFV-LMID/RGB/Tomato/I/Healthy/H_9_RGB_0_20.tiff
train,Tomato\I\Healthy,Healthy,H_9,9,0,21,Datasets/TOBRFV-LMID/RGB/Tomato/I/Healthy/H_9_RGB_0_21.tiff
train,Tomato\I\Healthy,Healthy,H_9,9,0,22,Datasets/TOBRFV-LMID/RGB/Tomato/I/Healthy/H_9_RGB_0_22.tiff
train,Tomato\I\Healthy,Healthy,H_9,9,0,23,Datasets/TOBRFV-LMID/RGB/Tomato/I/Healthy/H_9_RGB_0_23.tiff
train,Tomato\I\Healthy,Healthy,H_9,9,0,24,Datasets/TOBRFV-LMID/RGB/Tomato/I/Healthy/H_9_RGB_0_24.tiff
train,Tomato\I\Healthy,Healthy,H_9,9,0,25,Datasets/TOBRFV-LMID/RGB/Tomato/I/Healthy/H_9_RGB_0_25.tiff
train,Tomato\I\Healthy,Healthy,H_9,9,0,26,Datasets/TOBRFV-LMID/RGB/Tomato/I/Healthy/H_9_RGB_0_26.tiff
train,Tomato\I\Healthy,Healthy,H_9,9,0,27,Datasets/TOBRFV-LMID/RGB/Tomato/I/Healthy/H_9_RGB_0_27.tiff
train,Tomato\I\Healthy,Healthy,H_9,9,0,28,Datasets/TOBRFV-LMID/RGB/Tomato/I/Healthy/H_9_RGB_0_28.tiff
train,Tomato\I\Healthy,Healthy,H_9,9,0,29,Datasets/TOBRFV-LMID/RGB/Tomato/I/Healthy/H_9_RGB_0_29.tiff
train,Tomato\I\Healthy,Healthy,H_9,9,0,3,Datasets/TOBRFV-LMID/RGB/Tomato/I/Healthy/H_9_RGB_0_3.tiff
train,Tomato\I\Healthy,Healthy,H_9,9,0,30,Datasets/TOBRFV-LMID/RGB/Tomato/I/Healthy/H_9_RGB_0_30.tiff
train,Tomato\I\Healthy,Healthy,H_9,9,0,31,Datasets/TOBRFV-LMID/RGB/Tomato/I/Healthy/H_9_RGB_0_31.tiff
train,Tomato\I\Healthy,Healthy,H_9,9,0,32,Datasets/TOBRFV-LMID/RGB/Tomato/I/Healthy/H_9_RGB_0_32.tiff
train,Tomato\I\Healthy,Healthy,H_9,9,0,33,Datasets/TOBRFV-LMID/RGB/Tomato/I/Healthy/H_9_RGB_0_33.tiff
train,Tomato\I\Healthy,Healthy,H_9,9,0,34,Datasets/TOBRFV-LMID/RGB/Tomato/I/Healthy/H_9_RGB_0_34.tiff
train,Tomato\I\Healthy,Healthy,H_9,9,0,35,Datasets/TOBRFV-LMID/RGB/Tomato/I/Healthy/H_9_RGB_0_35.tiff
train,Tomato\I\Healthy,Healthy,H_9,9,0,36,Datasets/TOBRFV-LMID/RGB/Tomato/I/Healthy/H_9_RGB_0_36.tiff
train,Tomato\I\Healthy,Healthy,H_9,9,0,37,Datasets/TOBRFV-LMID/RGB/Tomato/I/Healthy/H_9_RGB_0_37.tiff
train,Tomato\I\Healthy,Healthy,H_9,9,0,4,Datasets/TOBRFV-LMID/RGB/Tomato/I/Healthy/H_9_RGB_0_4.tiff
train,Tomato\I\Healthy,Healthy,H_9,9,0,5,Datasets/TOBRFV-LMID/RGB/Tomato/I/Healthy/H_9_RGB_0_5.tiff
train,Tomato\I\Healthy,Healthy,H_9,9,0,6,Datasets/TOBRFV-LMID/RGB/Tomato/I/Healthy/H_9_RGB_0_6.tiff
train,Tomato\I\Healthy,Healthy,H_9,9,0,7,Datasets/TOBRFV-LMID/RGB/Tomato/I/Healthy/H_9_RGB_0_7.tiff
train,Tomato\I\Healthy,Healthy,H_9,9,0,8,Datasets/TOBRFV-LMID/RGB/Tomato/I/Healthy/H_9_RGB_0_8.tiff
train,Tomato\I\Healthy,Healthy,H_9,9,0,9,Datasets/TOBRFV-LMID/RGB/Tomato/I/Healthy/H_9_RGB_0_9.tiff
train,Tomato\I\Healthy,Healthy,H_9,9,5,1,Datasets/TOBRFV-LMID/RGB/Tomato/I/Healthy/H_9_RGB_5_1.tiff
train,Tomato\I\Healthy,Healthy,H_9,9,5,10,Datasets/TOBRFV-LMID/RGB/Tomato/I/Healthy/H_9_RGB_5_10.tiff
train,Tomato\I\Healthy,Healthy,H_9,9,5,2,Datasets/TOBRFV-LMID/RGB/Tomato/I/Healthy/H_9_RGB_5_2.tiff
train,Tomato\I\Healthy,Healthy,H_9,9,5,21,Datasets/TOBRFV-LMID/RGB/Tomato/I/Healthy/H_9_RGB_5_21.tiff
train,Tomato\I\Healthy,Healthy,H_9,9,5,22,Datasets/TOBRFV-LMID/RGB/Tomato/I/Healthy/H_9_RGB_5_22.tiff
train,Tomato\I\Healthy,Healthy,H_9,9,5,23,Datasets/TOBRFV-LMID/RGB/Tomato/I/Healthy/H_9_RGB_5_23.tiff
train,Tomato\I\Healthy,Healthy,H_9,9,5,24,Datasets/TOBRFV-LMID/RGB/Tomato/I/Healthy/H_9_RGB_5_24.tiff
train,Tomato\I\Healthy,Healthy,H_9,9,5,25,Datasets/TOBRFV-LMID/RGB/Tomato/I/Healthy/H_9_RGB_5_25.tiff
train,Tomato\I\Healthy,Healthy,H_9,9,5,26,Datasets/TOBRFV-LMID/RGB/Tomato/I/Healthy/H_9_RGB_5_26.tiff
train,Tomato\I\Healthy,Healthy,H_9,9,5,27,Datasets/TOBRFV-LMID/RGB/Tomato/I/Healthy/H_9_RGB_5_27.tiff
train,Tomato\I\Healthy,Healthy,H_9,9,5,28,Datasets/TOBRFV-LMID/RGB/Tomato/I/Healthy/H_9_RGB_5_28.tiff
train,Tomato\I\Healthy,Healthy,H_9,9,5,29,Datasets/TOBRFV-LMID/RGB/Tomato/I/Healthy/H_9_RGB_5_29.tiff
train,Tomato\I\Healthy,Healthy,H_9,9,5,3,Datasets/TOBRFV-LMID/RGB/Tomato/I/Healthy/H_9_RGB_5_3.tiff
train,Tomato\I\Healthy,Healthy,H_9,9,5,30,Datasets/TOBRFV-LMID/RGB/Tomato/I/Healthy/H_9_RGB_5_30.tiff
train,Tomato\I\Healthy,Healthy,H_9,9,5,31,Datasets/TOBRFV-LMID/RGB/Tomato/I/Healthy/H_9_RGB_5_31.tiff
train,Tomato\I\Healthy,Healthy,H_9,9,5,32,Datasets/TOBRFV-LMID/RGB/Tomato/I/Healthy/H_9_RGB_5_32.tiff
train,Tomato\I\Healthy,Healthy,H_9,9,5,33,Datasets/TOBRFV-LMID/RGB/Tomato/I/Healthy/H_9_RGB_5_33.tiff
train,Tomato\I\Healthy,Healthy,H_9,9,5,34,Datasets/TOBRFV-LMID/RGB/Tomato/I/Healthy/H_9_RGB_5_34.tiff
train,Tomato\I\Healthy,Healthy,H_9,9,5,35,Datasets/TOBRFV-LMID/RGB/Tomato/I/Healthy/H_9_RGB_5_35.tiff
train,Tomato\I\Healthy,Healthy,H_9,9,5,36,Datasets/TOBRFV-LMID/RGB/Tomato/I/Healthy/H_9_RGB_5_36.tiff
train,Tomato\I\Healthy,Healthy,H_9,9,5,37,Datasets/TOBRFV-LMID/RGB/Tomato/I/Healthy/H_9_RGB_5_37.tiff
train,Tomato\I\Healthy,Healthy,H_9,9,5,4,Datasets/TOBRFV-LMID/RGB/Tomato/I/Healthy/H_9_RGB_5_4.tiff
train,Tomato\I\Healthy,Healthy,H_9,9,5,9,Datasets/TOBRFV-LMID/RGB/Tomato/I/Healthy/H_9_RGB_5_9.tiff
train,Tomato\I\Healthy,Healthy,H_13,13,0,1,Datasets/TOBRFV-LMID/RGB/Tomato/I/Healthy/H_13_RGB_0_1.tiff
train,Tomato\I\Healthy,Healthy,H_13,13,0,10,Datasets/TOBRFV-LMID/RGB/Tomato/I/Healthy/H_13_RGB_0_10.tiff
train,Tomato\I\Healthy,Healthy,H_13,13,0,11,Datasets/TOBRFV-LMID/RGB/Tomato/I/Healthy/H_13_RGB_0_11.tiff
train,Tomato\I\Healthy,Healthy,H_13,13,0,12,Datasets/TOBRFV-LMID/RGB/Tomato/I/Healthy/H_13_RGB_0_12.tiff
train,Tomato\I\Healthy,Healthy,H_13,13,0,16,Datasets/TOBRFV-LMID/RGB/Tomato/I/Healthy/H_13_RGB_0_16.tiff
train,Tomato\I\Healthy,Healthy,H_13,13,0,17,Datasets/TOBRFV-LMID/RGB/Tomato/I/Healthy/H_13_RGB_0_17.tiff
train,Tomato\I\Healthy,Healthy,H_13,13,0,18,Datasets/TOBRFV-LMID/RGB/Tomato/I/Healthy/H_13_RGB_0_18.tiff
train,Tomato\I\Healthy,Healthy,H_13,13,0,19,Datasets/TOBRFV-LMID/RGB/Tomato/I/Healthy/H_13_RGB_0_19.tiff
train,Tomato\I\Healthy,Healthy,H_13,13,0,2,Datasets/TOBRFV-LMID/RGB/Tomato/I/Healthy/H_13_RGB_0_2.tiff
train,Tomato\I\Healthy,Healthy,H_13,13,0,20,Datasets/TOBRFV-LMID/RGB/Tomato/I/Healthy/H_13_RGB_0_20.tiff
train,Tomato\I\Healthy,Healthy,H_13,13,0,21,Datasets/TOBRFV-LMID/RGB/Tomato/I/Healthy/H_13_RGB_0_21.tiff
train,Tomato\I\Healthy,Healthy,H_13,13,0,22,Datasets/TOBRFV-LMID/RGB/Tomato/I/Healthy/H_13_RGB_0_22.tiff
train,Tomato\I\Healthy,Healthy,H_13,13,0,23,Datasets/TOBRFV-LMID/RGB/Tomato/I/Healthy/H_13_RGB_0_23.tiff
train,Tomato\I\Healthy,Healthy,H_13,13,0,24,Datasets/TOBRFV-LMID/RGB/Tomato/I/Healthy/H_13_RGB_0_24.tiff
train,Tomato\I\Healthy,Healthy,H_13,13,0,25,Datasets/TOBRFV-LMID/RGB/Tomato/I/Healthy/H_13_RGB_0_25.tiff
train,Tomato\I\Healthy,Healthy,H_13,13,0,26,Datasets/TOBRFV-LMID/RGB/Tomato/I/Healthy/H_13_RGB_0_26.tiff
train,Tomato\I\Healthy,Healthy,H_13,13,0,27,Datasets/TOBRFV-LMID/RGB/Tomato/I/Healthy/H_13_RGB_0_27.tiff
train,Tomato\I\Healthy,Healthy,H_13,13,0,28,Datasets/TOBRFV-LMID/RGB/Tomato/I/Healthy/H_13_RGB_0_28.tiff
train,Tomato\I\Healthy,Healthy,H_13,13,0,29,Datasets/TOBRFV-LMID/RGB/Tomato/I/Healthy/H_13_RGB_0_29.tiff
train,Tomato\I\Healthy,Healthy,H_13,13,0,3,Datasets/TOBRFV-LMID/RGB/Tomato/I/Healthy/H_13_RGB_0_3.tiff
train,Tomato\I\Healthy,Healthy,H_13,13,0,30,Datasets/TOBRFV-LMID/RGB/Tomato/I/Healthy/H_13_RGB_0_30.tiff
train,Tomato\I\Healthy,Healthy,H_13,13,0,31,Datasets/TOBRFV-LMID/RGB/Tomato/I/Healthy/H_13_RGB_0_31.tiff
train,Tomato\I\Healthy,Healthy,H_13,13,0,32,Datasets/TOBRFV-LMID/RGB/Tomato/I/Healthy/H_13_RGB_0_32.tiff
train,Tomato\I\Healthy,Healthy,H_13,13,0,33,Datasets/TOBRFV-LMID/RGB/Tomato/I/Healthy/H_13_RGB_0_33.tiff
train,Tomato\I\Healthy,Healthy,H_13,13,0,35,Datasets/TOBRFV-LMID/RGB/Tomato/I/Healthy/H_13_RGB_0_35.tiff
train,Tomato\I\Healthy,Healthy,H_13,13,0,36,Datasets/TOBRFV-LMID/RGB/Tomato/I/Healthy/H_13_RGB_0_36.tiff
train,Tomato\I\Healthy,Healthy,H_13,13,0,37,Datasets/TOBRFV-LMID/RGB/Tomato/I/Healthy/H_13_RGB_0_37.tiff
train,Tomato\I\Healthy,Healthy,H_13,13,0,4,Datasets/TOBRFV-LMID/RGB/Tomato/I/Healthy/H_13_RGB_0_4.tiff
train,Tomato\I\Healthy,Healthy,H_13,13,0,5,Datasets/TOBRFV-LMID/RGB/Tomato/I/Healthy/H_13_RGB_0_5.tiff
train,Tomato\I\Healthy,Healthy,H_13,13,0,6,Datasets/TOBRFV-LMID/RGB/Tomato/I/Healthy/H_13_RGB_0_6.tiff
train,Tomato\I\Healthy,Healthy,H_13,13,0,7,Datasets/TOBRFV-LMID/RGB/Tomato/I/Healthy/H_13_RGB_0_7.tiff
train,Tomato\I\Healthy,Healthy,H_13,13,0,8,Datasets/TOBRFV-LMID/RGB/Tomato/I/Healthy/H_13_RGB_0_8.tiff
train,Tomato\I\Healthy,Healthy,H_13,13,0,9,Datasets/TOBRFV-LMID/RGB/Tomato/I/Healthy/H_13_RGB_0_9.tiff
train,Tomato\I\Healthy,Healthy,H_13,13,5,1,Datasets/TOBRFV-LMID/RGB/Tomato/I/Healthy/H_13_RGB_5_1.tiff
train,Tomato\I\Healthy,Healthy,H_13,13,5,10,Datasets/TOBRFV-LMID/RGB/Tomato/I/Healthy/H_13_RGB_5_10.tiff
train,Tomato\I\Healthy,Healthy,H_13,13,5,13,Datasets/TOBRFV-LMID/RGB/Tomato/I/Healthy/H_13_RGB_5_13.tiff
train,Tomato\I\Healthy,Healthy,H_13,13,5,16,Datasets/TOBRFV-LMID/RGB/Tomato/I/Healthy/H_13_RGB_5_16.tiff
train,Tomato\I\Healthy,Healthy,H_13,13,5,18,Datasets/TOBRFV-LMID/RGB/Tomato/I/Healthy/H_13_RGB_5_18.tiff
train,Tomato\I\Healthy,Healthy,H_13,13,5,19,Datasets/TOBRFV-LMID/RGB/Tomato/I/Healthy/H_13_RGB_5_19.tiff
train,Tomato\I\Healthy,Healthy,H_13,13,5,2,Datasets/TOBRFV-LMID/RGB/Tomato/I/Healthy/H_13_RGB_5_2.tiff
train,Tomato\I\Healthy,Healthy,H_13,13,5,20,Datasets/TOBRFV-LMID/RGB/Tomato/I/Healthy/H_13_RGB_5_20.tiff
train,Tomato\I\Healthy,Healthy,H_13,13,5,21,Datasets/TOBRFV-LMID/RGB/Tomato/I/Healthy/H_13_RGB_5_21.tiff
train,Tomato\I\Healthy,Healthy,H_13,13,5,22,Datasets/TOBRFV-LMID/RGB/Tomato/I/Healthy/H_13_RGB_5_22.tiff
train,Tomato\I\Healthy,Healthy,H_13,13,5,23,Datasets/TOBRFV-LMID/RGB/Tomato/I/Healthy/H_13_RGB_5_23.tiff
train,Tomato\I\Healthy,Healthy,H_13,13,5,24,Datasets/TOBRFV-LMID/RGB/Tomato/I/Healthy/H_13_RGB_5_24.tiff
train,Tomato\I\Healthy,Healthy,H_13,13,5,25,Datasets/TOBRFV-LMID/RGB/Tomato/I/Healthy/H_13_RGB_5_25.tiff
train,Tomato\I\Healthy,Healthy,H_13,13,5,26,Datasets/TOBRFV-LMID/RGB/Tomato/I/Healthy/H_13_RGB_5_26.tiff
train,Tomato\I\Healthy,Healthy,H_13,13,5,27,Datasets/TOBRFV-LMID/RGB/Tomato/I/Healthy/H_13_RGB_5_27.tiff
train,Tomato\I\Healthy,Healthy,H_13,13,5,28,Datasets/TOBRFV-LMID/RGB/Tomato/I/Healthy/H_13_RGB_5_28.tiff
train,Tomato\I\Healthy,Healthy,H_13,13,5,29,Datasets/TOBRFV-LMID/RGB/Tomato/I/Healthy/H_13_RGB_5_29.tiff
train,Tomato\I\Healthy,Healthy,H_13,13,5,3,Datasets/TOBRFV-LMID/RGB/Tomato/I/Healthy/H_13_RGB_5_3.tiff
train,Tomato\I\Healthy,Healthy,H_13,13,5,30,Datasets/TOBRFV-LMID/RGB/Tomato/I/Healthy/H_13_RGB_5_30.tiff
train,Tomato\I\Healthy,Healthy,H_13,13,5,31,Datasets/TOBRFV-LMID/RGB/Tomato/I/Healthy/H_13_RGB_5_31.tiff
train,Tomato\I\Healthy,Healthy,H_13,13,5,32,Datasets/TOBRFV-LMID/RGB/Tomato/I/Healthy/H_13_RGB_5_32.tiff
train,Tomato\I\Healthy,Healthy,H_13,13,5,35,Datasets/TOBRFV-LMID/RGB/Tomato/I/Healthy/H_13_RGB_5_35.tiff
train,Tomato\I\Healthy,Healthy,H_13,13,5,36,Datasets/TOBRFV-LMID/RGB/Tomato/I/Healthy/H_13_RGB_5_36.tiff
train,Tomato\I\Healthy,Healthy,H_13,13,5,37,Datasets/TOBRFV-LMID/RGB/Tomato/I/Healthy/H_13_RGB_5_37.tiff
train,Tomato\I\Healthy,Healthy,H_13,13,5,4,Datasets/TOBRFV-LMID/RGB/Tomato/I/Healthy/H_13_RGB_5_4.tiff
train,Tomato\I\Healthy,Healthy,H_13,13,5,6,Datasets/TOBRFV-LMID/RGB/Tomato/I/Healthy/H_13_RGB_5_6.tiff
train,Tomato\I\Healthy,Healthy,H_13,13,5,8,Datasets/TOBRFV-LMID/RGB/Tomato/I/Healthy/H_13_RGB_5_8.tiff
train,Tomato\I\Healthy,Healthy,H_13,13,5,9,Datasets/TOBRFV-LMID/RGB/Tomato/I/Healthy/H_13_RGB_5_9.tiff
train,Tomato\I\Healthy,Healthy,H_3,3,0,1,Datasets/TOBRFV-LMID/RGB/Tomato/I/Healthy/H_3_RGB_0_1.tiff
train,Tomato\I\Healthy,Healthy,H_3,3,0,10,Datasets/TOBRFV-LMID/RGB/Tomato/I/Healthy/H_3_RGB_0_10.tiff
train,Tomato\I\Healthy,Healthy,H_3,3,0,11,Datasets/TOBRFV-LMID/RGB/Tomato/I/Healthy/H_3_RGB_0_11.tiff
train,Tomato\I\Healthy,Healthy,H_3,3,0,12,Datasets/TOBRFV-LMID/RGB/Tomato/I/Healthy/H_3_RGB_0_12.tiff
train,Tomato\I\Healthy,Healthy,H_3,3,0,13,Datasets/TOBRFV-LMID/RGB/Tomato/I/Healthy/H_3_RGB_0_13.tiff
train,Tomato\I\Healthy,Healthy,H_3,3,0,14,Datasets/TOBRFV-LMID/RGB/Tomato/I/Healthy/H_3_RGB_0_14.tiff
train,Tomato\I\Healthy,Healthy,H_3,3,0,15,Datasets/TOBRFV-LMID/RGB/Tomato/I/Healthy/H_3_RGB_0_15.tiff
train,Tomato\I\Healthy,Healthy,H_3,3,0,16,Datasets/TOBRFV-LMID/RGB/Tomato/I/Healthy/H_3_RGB_0_16.tiff
train,Tomato\I\Healthy,Healthy,H_3,3,0,17,Datasets/TOBRFV-LMID/RGB/Tomato/I/Healthy/H_3_RGB_0_17.tiff
train,Tomato\I\Healthy,Healthy,H_3,3,0,18,Datasets/TOBRFV-LMID/RGB/Tomato/I/Healthy/H_3_RGB_0_18.tiff
train,Tomato\I\Healthy,Healthy,H_3,3,0,19,Datasets/TOBRFV-LMID/RGB/Tomato/I/Healthy/H_3_RGB_0_19.tiff
train,Tomato\I\Healthy,Healthy,H_3,3,0,2,Datasets/TOBRFV-LMID/RGB/Tomato/I/Healthy/H_3_RGB_0_2.tiff
train,Tomato\I\Healthy,Healthy,H_3,3,0,20,Datasets/TOBRFV-LMID/RGB/Tomato/I/Healthy/H_3_RGB_0_20.tiff
train,Tomato\I\Healthy,Healthy,H_3,3,0,21,Datasets/TOBRFV-LMID/RGB/Tomato/I/Healthy/H_3_RGB_0_21.tiff
train,Tomato\I\Healthy,Healthy,H_3,3,0,22,Datasets/TOBRFV-LMID/RGB/Tomato/I/Healthy/H_3_RGB_0_22.tiff
train,Tomato\I\Healthy,Healthy,H_3,3,0,23,Datasets/TOBRFV-LMID/RGB/Tomato/I/Healthy/H_3_RGB_0_23.tiff
train,Tomato\I\Healthy,Healthy,H_3,3,0,24,Datasets/TOBRFV-LMID/RGB/Tomato/I/Healthy/H_3_RGB_0_24.tiff
train,Tomato\I\Healthy,Healthy,H_3,3,0,25,Datasets/TOBRFV-LMID/RGB/Tomato/I/Healthy/H_3_RGB_0_25.tiff
train,Tomato\I\Healthy,Healthy,H_3,3,0,26,Datasets/TOBRFV-LMID/RGB/Tomato/I/Healthy/H_3_RGB_0_26.tiff
train,Tomato\I\Healthy,Healthy,H_3,3,0,27,Datasets/TOBRFV-LMID/RGB/Tomato/I/Healthy/H_3_RGB_0_27.tiff
train,Tomato\I\Healthy,Healthy,H_3,3,0,28,Datasets/TOBRFV-LMID/RGB/Tomato/I/Healthy/H_3_RGB_0_28.tiff
train,Tomato\I\Healthy,Healthy,H_3,3,0,29,Datasets/TOBRFV-LMID/RGB/Tomato/I/Healthy/H_3_RGB_0_29.tiff
train,Tomato\I\Healthy,Healthy,H_3,3,0,3,Datasets/TOBRFV-LMID/RGB/Tomato/I/Healthy/H_3_RGB_0_3.tiff
train,Tomato\I\Healthy,Healthy,H_3,3,0,30,Datasets/TOBRFV-LMID/RGB/Tomato/I/Healthy/H_3_RGB_0_30.tiff
train,Tomato\I\Healthy,Healthy,H_3,3,0,31,Datasets/TOBRFV-LMID/RGB/Tomato/I/Healthy/H_3_RGB_0_31.tiff
train,Tomato\I\Healthy,Healthy,H_3,3,0,32,Datasets/TOBRFV-LMID/RGB/Tomato/I/Healthy/H_3_RGB_0_32.tiff
train,Tomato\I\Healthy,Healthy,H_3,3,0,33,Datasets/TOBRFV-LMID/RGB/Tomato/I/Healthy/H_3_RGB_0_33.tiff
train,Tomato\I\Healthy,Healthy,H_3,3,0,34,Datasets/TOBRFV-LMID/RGB/Tomato/I/Healthy/H_3_RGB_0_34.tiff
train,Tomato\I\Healthy,Healthy,H_3,3,0,35,Datasets/TOBRFV-LMID/RGB/Tomato/I/Healthy/H_3_RGB_0_35.tiff
train,Tomato\I\Healthy,Healthy,H_3,3,0,36,Datasets/TOBRFV-LMID/RGB/Tomato/I/Healthy/H_3_RGB_0_36.tiff
train,Tomato\I\Healthy,Healthy,H_3,3,0,37,Datasets/TOBRFV-LMID/RGB/Tomato/I/Healthy/H_3_RGB_0_37.tiff
train,Tomato\I\Healthy,Healthy,H_3,3,0,4,Datasets/TOBRFV-LMID/RGB/Tomato/I/Healthy/H_3_RGB_0_4.tiff
train,Tomato\I\Healthy,Healthy,H_3,3,0,6,Datasets/TOBRFV-LMID/RGB/Tomato/I/Healthy/H_3_RGB_0_6.tiff
train,Tomato\I\Healthy,Healthy,H_3,3,0,7,Datasets/TOBRFV-LMID/RGB/Tomato/I/Healthy/H_3_RGB_0_7.tiff
train,Tomato\I\Healthy,Healthy,H_3,3,0,8,Datasets/TOBRFV-LMID/RGB/Tomato/I/Healthy/H_3_RGB_0_8.tiff
train,Tomato\I\Healthy,Healthy,H_3,3,0,9,Datasets/TOBRFV-LMID/RGB/Tomato/I/Healthy/H_3_RGB_0_9.tiff
train,Tomato\I\Healthy,Healthy,H_3,3,5,1,Datasets/TOBRFV-LMID/RGB/Tomato/I/Healthy/H_3_RGB_5_1.tiff
train,Tomato\I\Healthy,Healthy,H_3,3,5,17,Datasets/TOBRFV-LMID/RGB/Tomato/I/Healthy/H_3_RGB_5_17.tiff
train,Tomato\I\Healthy,Healthy,H_3,3,5,18,Datasets/TOBRFV-LMID/RGB/Tomato/I/Healthy/H_3_RGB_5_18.tiff
train,Tomato\I\Healthy,Healthy,H_3,3,5,19,Datasets/TOBRFV-LMID/RGB/Tomato/I/Healthy/H_3_RGB_5_19.tiff
train,Tomato\I\Healthy,Healthy,H_3,3,5,20,Datasets/TOBRFV-LMID/RGB/Tomato/I/Healthy/H_3_RGB_5_20.tiff
train,Tomato\I\Healthy,Healthy,H_3,3,5,21,Datasets/TOBRFV-LMID/RGB/Tomato/I/Healthy/H_3_RGB_5_21.tiff
train,Tomato\I\Healthy,Healthy,H_3,3,5,23,Datasets/TOBRFV-LMID/RGB/Tomato/I/Healthy/H_3_RGB_5_23.tiff
train,Tomato\I\Healthy,Healthy,H_3,3,5,24,Datasets/TOBRFV-LMID/RGB/Tomato/I/Healthy/H_3_RGB_5_24.tiff
train,Tomato\I\Healthy,Healthy,H_3,3,5,25,Datasets/TOBRFV-LMID/RGB/Tomato/I/Healthy/H_3_RGB_5_25.tiff
train,Tomato\I\Healthy,Healthy,H_3,3,5,26,Datasets/TOBRFV-LMID/RGB/Tomato/I/Healthy/H_3_RGB_5_26.tiff
train,Tomato\I\Healthy,Healthy,H_3,3,5,27,Datasets/TOBRFV-LMID/RGB/Tomato/I/Healthy/H_3_RGB_5_27.tiff
train,Tomato\I\Healthy,Healthy,H_3,3,5,28,Datasets/TOBRFV-LMID/RGB/Tomato/I/Healthy/H_3_RGB_5_28.tiff
train,Tomato\I\Healthy,Healthy,H_3,3,5,29,Datasets/TOBRFV-LMID/RGB/Tomato/I/Healthy/H_3_RGB_5_29.tiff
train,Tomato\I\Healthy,Healthy,H_3,3,5,3,Datasets/TOBRFV-LMID/RGB/Tomato/I/Healthy/H_3_RGB_5_3.tiff
train,Tomato\I\Healthy,Healthy,H_3,3,5,30,Datasets/TOBRFV-LMID/RGB/Tomato/I/Healthy/H_3_RGB_5_30.tiff
train,Tomato\I\Healthy,Healthy,H_3,3,5,31,Datasets/TOBRFV-LMID/RGB/Tomato/I/Healthy/H_3_RGB_5_31.tiff
train,Tomato\I\Healthy,Healthy,H_3,3,5,32,Datasets/TOBRFV-LMID/RGB/Tomato/I/Healthy/H_3_RGB_5_32.tiff
train,Tomato\I\Healthy,Healthy,H_3,3,5,33,Datasets/TOBRFV-LMID/RGB/Tomato/I/Healthy/H_3_RGB_5_33.tiff
train,Tomato\I\Healthy,Healthy,H_3,3,5,34,Datasets/TOBRFV-LMID/RGB/Tomato/I/Healthy/H_3_RGB_5_34.tiff
train,Tomato\I\Healthy,Healthy,H_3,3,5,35,Datasets/TOBRFV-LMID/RGB/Tomato/I/Healthy/H_3_RGB_5_35.tiff
train,Tomato\I\Healthy,Healthy,H_3,3,5,36,Datasets/TOBRFV-LMID/RGB/Tomato/I/Healthy/H_3_RGB_5_36.tiff
train,Tomato\I\Healthy,Healthy,H_3,3,5,37,Datasets/TOBRFV-LMID/RGB/Tomato/I/Healthy/H_3_RGB_5_37.tiff
train,Tomato\I\Healthy,Healthy,H_3,3,5,6,Datasets/TOBRFV-LMID/RGB/Tomato/I/Healthy/H_3_RGB_5_6.tiff
train,Tomato\I\Healthy,Healthy,H_3,3,5,8,Datasets/TOBRFV-LMID/RGB/Tomato/I/Healthy/H_3_RGB_5_8.tiff
train,Tomato\I\Healthy,Healthy,H_3,3,5,9,Datasets/TOBRFV-LMID/RGB/Tomato/I/Healthy/H_3_RGB_5_9.tiff
train,Tomato\I\Healthy,Healthy,H_5,5,0,1,Datasets/TOBRFV-LMID/RGB/Tomato/I/Healthy/H_5_RGB_0_1.tiff
train,Tomato\I\Healthy,Healthy,H_5,5,0,12,Datasets/TOBRFV-LMID/RGB/Tomato/I/Healthy/H_5_RGB_0_12.tiff
train,Tomato\I\Healthy,Healthy,H_5,5,0,13,Datasets/TOBRFV-LMID/RGB/Tomato/I/Healthy/H_5_RGB_0_13.tiff
train,Tomato\I\Healthy,Healthy,H_5,5,0,14,Datasets/TOBRFV-LMID/RGB/Tomato/I/Healthy/H_5_RGB_0_14.tiff
train,Tomato\I\Healthy,Healthy,H_5,5,0,15,Datasets/TOBRFV-LMID/RGB/Tomato/I/Healthy/H_5_RGB_0_15.tiff
train,Tomato\I\Healthy,Healthy,H_5,5,0,16,Datasets/TOBRFV-LMID/RGB/Tomato/I/Healthy/H_5_RGB_0_16.tiff
train,Tomato\I\Healthy,Healthy,H_5,5,0,17,Datasets/TOBRFV-LMID/RGB/Tomato/I/Healthy/H_5_RGB_0_17.tiff
train,Tomato\I\Healthy,Healthy,H_5,5,0,18,Datasets/TOBRFV-LMID/RGB/Tomato/I/Healthy/H_5_RGB_0_18.tiff
train,Tomato\I\Healthy,Healthy,H_5,5,0,19,Datasets/TOBRFV-LMID/RGB/Tomato/I/Healthy/H_5_RGB_0_19.tiff
train,Tomato\I\Healthy,Healthy,H_5,5,0,2,Datasets/TOBRFV-LMID/RGB/Tomato/I/Healthy/H_5_RGB_0_2.tiff
train,Tomato\I\Healthy,Healthy,H_5,5,0,20,Datasets/TOBRFV-LMID/RGB/Tomato/I/Healthy/H_5_RGB_0_20.tiff
train,Tomato\I\Healthy,Healthy,H_5,5,0,21,Datasets/TOBRFV-LMID/RGB/Tomato/I/Healthy/H_5_RGB_0_21.tiff
train,Tomato\I\Healthy,Healthy,H_5,5,0,22,Datasets/TOBRFV-LMID/RGB/Tomato/I/Healthy/H_5_RGB_0_22.tiff
train,Tomato\I\Healthy,Healthy,H_5,5,0,23,Datasets/TOBRFV-LMID/RGB/Tomato/I/Healthy/H_5_RGB_0_23.tiff
train,Tomato\I\Healthy,Healthy,H_5,5,0,25,Datasets/TOBRFV-LMID/RGB/Tomato/I/Healthy/H_5_RGB_0_25.tiff
train,Tomato\I\Healthy,Healthy,H_5,5,0,26,Datasets/TOBRFV-LMID/RGB/Tomato/I/Healthy/H_5_RGB_0_26.tiff
train,Tomato\I\Healthy,Healthy,H_5,5,0,27,Datasets/TOBRFV-LMID/RGB/Tomato/I/Healthy/H_5_RGB_0_27.tiff
train,Tomato\I\Healthy,Healthy,H_5,5,0,29,Datasets/TOBRFV-LMID/RGB/Tomato/I/Healthy/H_5_RGB_0_29.tiff
train,Tomato\I\Healthy,Healthy,H_5,5,0,3,Datasets/TOBRFV-LMID/RGB/Tomato/I/Healthy/H_5_RGB_0_3.tiff
train,Tomato\I\Healthy,Healthy,H_5,5,0,30,Datasets/TOBRFV-LMID/RGB/Tomato/I/Healthy/H_5_RGB_0_30.tiff
train,Tomato\I\Healthy,Healthy,H_5,5,0,31,Datasets/TOBRFV-LMID/RGB/Tomato/I/Healthy/H_5_RGB_0_31.tiff
train,Tomato\I\Healthy,Healthy,H_5,5,0,32,Datasets/TOBRFV-LMID/RGB/Tomato/I/Healthy/H_5_RGB_0_32.tiff
train,Tomato\I\Healthy,Healthy,H_5,5,0,34,Datasets/TOBRFV-LMID/RGB/Tomato/I/Healthy/H_5_RGB_0_34.tiff
train,Tomato\I\Healthy,Healthy,H_5,5,0,35,Datasets/TOBRFV-LMID/RGB/Tomato/I/Healthy/H_5_RGB_0_35.tiff
train,Tomato\I\Healthy,Healthy,H_5,5,0,36,Datasets/TOBRFV-LMID/RGB/Tomato/I/Healthy/H_5_RGB_0_36.tiff
train,Tomato\I\Healthy,Healthy,H_5,5,0,4,Datasets/TOBRFV-LMID/RGB/Tomato/I/Healthy/H_5_RGB_0_4.tiff
train,Tomato\I\Healthy,Healthy,H_5,5,0,5,Datasets/TOBRFV-LMID/RGB/Tomato/I/Healthy/H_5_RGB_0_5.tiff
train,Tomato\I\Healthy,Healthy,H_5,5,5,1,Datasets/TOBRFV-LMID/RGB/Tomato/I/Healthy/H_5_RGB_5_1.tiff
train,Tomato\I\Healthy,Healthy,H_5,5,5,10,Datasets/TOBRFV-LMID/RGB/Tomato/I/Healthy/H_5_RGB_5_10.tiff
train,Tomato\I\Healthy,Healthy,H_5,5,5,13,Datasets/TOBRFV-LMID/RGB/Tomato/I/Healthy/H_5_RGB_5_13.tiff
train,Tomato\I\Healthy,Healthy,H_5,5,5,14,Datasets/TOBRFV-LMID/RGB/Tomato/I/Healthy/H_5_RGB_5_14.tiff
train,Tomato\I\Healthy,Healthy,H_5,5,5,16,Datasets/TOBRFV-LMID/RGB/Tomato/I/Healthy/H_5_RGB_5_16.tiff
train,Tomato\I\Healthy,Healthy,H_5,5,5,18,Datasets/TOBRFV-LMID/RGB/Tomato/I/Healthy/H_5_RGB_5_18.tiff
train,Tomato\I\Healthy,Healthy,H_5,5,5,19,Datasets/TOBRFV-LMID/RGB/Tomato/I/Healthy/H_5_RGB_5_19.tiff
train,Tomato\I\Healthy,Healthy,H_5,5,5,2,Datasets/TOBRFV-LMID/RGB/Tomato/I/Healthy/H_5_RGB_5_2.tiff
train,Tomato\I\Healthy,Healthy,H_5,5,5,21,Datasets/TOBRFV-LMID/RGB/Tomato/I/Healthy/H_5_RGB_5_21.tiff
train,Tomato\I\Healthy,Healthy,H_5,5,5,22,Datasets/TOBRFV-LMID/RGB/Tomato/I/Healthy/H_5_RGB_5_22.tiff
train,Tomato\I\Healthy,Healthy,H_5,5,5,23,Datasets/TOBRFV-LMID/RGB/Tomato/I/Healthy/H_5_RGB_5_23.tiff
train,Tomato\I\Healthy,Healthy,H_5,5,5,26,Datasets/TOBRFV-LMID/RGB/Tomato/I/Healthy/H_5_RGB_5_26.tiff
train,Tomato\I\Healthy,Healthy,H_5,5,5,28,Datasets/TOBRFV-LMID/RGB/Tomato/I/Healthy/H_5_RGB_5_28.tiff
train,Tomato\I\Healthy,Healthy,H_5,5,5,29,Datasets/TOBRFV-LMID/RGB/Tomato/I/Healthy/H_5_RGB_5_29.tiff
train,Tomato\I\Healthy,Healthy,H_5,5,5,3,Datasets/TOBRFV-LMID/RGB/Tomato/I/Healthy/H_5_RGB_5_3.tiff
train,Tomato\I\Healthy,Healthy,H_5,5,5,30,Datasets/TOBRFV-LMID/RGB/Tomato/I/Healthy/H_5_RGB_5_30.tiff
train,Tomato\I\Healthy,Healthy,H_5,5,5,31,Datasets/TOBRFV-LMID/RGB/Tomato/I/Healthy/H_5_RGB_5_31.tiff
train,Tomato\I\Healthy,Healthy,H_5,5,5,34,Datasets/TOBRFV-LMID/RGB/Tomato/I/Healthy/H_5_RGB_5_34.tiff
train,Tomato\I\Healthy,Healthy,H_5,5,5,35,Datasets/TOBRFV-LMID/RGB/Tomato/I/Healthy/H_5_RGB_5_35.tiff
train,Tomato\I\Healthy,Healthy,H_5,5,5,36,Datasets/TOBRFV-LMID/RGB/Tomato/I/Healthy/H_5_RGB_5_36.tiff
train,Tomato\I\Healthy,Healthy,H_5,5,5,37,Datasets/TOBRFV-LMID/RGB/Tomato/I/Healthy/H_5_RGB_5_37.tiff
train,Tomato\I\Healthy,Healthy,H_5,5,5,4,Datasets/TOBRFV-LMID/RGB/Tomato/I/Healthy/H_5_RGB_5_4.tiff
train,Tomato\I\Healthy,Healthy,H_5,5,5,7,Datasets/TOBRFV-LMID/RGB/Tomato/I/Healthy/H_5_RGB_5_7.tiff
train,Tomato\I\Healthy,Healthy,H_5,5,5,8,Datasets/TOBRFV-LMID/RGB/Tomato/I/Healthy/H_5_RGB_5_8.tiff
train,Tomato\I\Healthy,Healthy,H_5,5,5,9,Datasets/TOBRFV-LMID/RGB/Tomato/I/Healthy/H_5_RGB_5_9.tiff
train,Tomato\I\Healthy,Healthy,H_11,11,0,1,Datasets/TOBRFV-LMID/RGB/Tomato/I/Healthy/H_11_RGB_0_1.tiff
train,Tomato\I\Healthy,Healthy,H_11,11,0,10,Datasets/TOBRFV-LMID/RGB/Tomato/I/Healthy/H_11_RGB_0_10.tiff
train,Tomato\I\Healthy,Healthy,H_11,11,0,11,Datasets/TOBRFV-LMID/RGB/Tomato/I/Healthy/H_11_RGB_0_11.tiff
train,Tomato\I\Healthy,Healthy,H_11,11,0,13,Datasets/TOBRFV-LMID/RGB/Tomato/I/Healthy/H_11_RGB_0_13.tiff
train,Tomato\I\Healthy,Healthy,H_11,11,0,14,Datasets/TOBRFV-LMID/RGB/Tomato/I/Healthy/H_11_RGB_0_14.tiff
train,Tomato\I\Healthy,Healthy,H_11,11,0,15,Datasets/TOBRFV-LMID/RGB/Tomato/I/Healthy/H_11_RGB_0_15.tiff
train,Tomato\I\Healthy,Healthy,H_11,11,0,17,Datasets/TOBRFV-LMID/RGB/Tomato/I/Healthy/H_11_RGB_0_17.tiff
train,Tomato\I\Healthy,Healthy,H_11,11,0,18,Datasets/TOBRFV-LMID/RGB/Tomato/I/Healthy/H_11_RGB_0_18.tiff
train,Tomato\I\Healthy,Healthy,H_11,11,0,19,Datasets/TOBRFV-LMID/RGB/Tomato/I/Healthy/H_11_RGB_0_19.tiff
train,Tomato\I\Healthy,Healthy,H_11,11,0,2,Datasets/TOBRFV-LMID/RGB/Tomato/I/Healthy/H_11_RGB_0_2.tiff
train,Tomato\I\Healthy,Healthy,H_11,11,0,20,Datasets/TOBRFV-LMID/RGB/Tomato/I/Healthy/H_11_RGB_0_20.tiff
train,Tomato\I\Healthy,Healthy,H_11,11,0,21,Datasets/TOBRFV-LMID/RGB/Tomato/I/Healthy/H_11_RGB_0_21.tiff
train,Tomato\I\Healthy,Healthy,H_11,11,0,22,Datasets/TOBRFV-LMID/RGB/Tomato/I/Healthy/H_11_RGB_0_22.tiff
train,Tomato\I\Healthy,Healthy,H_11,11,0,23,Datasets/TOBRFV-LMID/RGB/Tomato/I/Healthy/H_11_RGB_0_23.tiff
train,Tomato\I\Healthy,Healthy,H_11,11,0,24,Datasets/TOBRFV-LMID/RGB/Tomato/I/Healthy/H_11_RGB_0_24.tiff
train,Tomato\I\Healthy,Healthy,H_11,11,0,25,Datasets/TOBRFV-LMID/RGB/Tomato/I/Healthy/H_11_RGB_0_25.tiff
train,Tomato\I\Healthy,Healthy,H_11,11,0,26,Datasets/TOBRFV-LMID/RGB/Tomato/I/Healthy/H_11_RGB_0_26.tiff
train,Tomato\I\Healthy,Healthy,H_11,11,0,27,Datasets/TOBRFV-LMID/RGB/Tomato/I/Healthy/H_11_RGB_0_27.tiff
train,Tomato\I\Healthy,Healthy,H_11,11,0,28,Datasets/TOBRFV-LMID/RGB/Tomato/I/Healthy/H_11_RGB_0_28.tiff
train,Tomato\I\Healthy,Healthy,H_11,11,0,29,Datasets/TOBRFV-LMID/RGB/Tomato/I/Healthy/H_11_RGB_0_29.tiff
train,Tomato\I\Healthy,Healthy,H_11,11,0,3,Datasets/TOBRFV-LMID/RGB/Tomato/I/Healthy/H_11_RGB_0_3.tiff
train,Tomato\I\Healthy,Healthy,H_11,11,0,30,Datasets/TOBRFV-LMID/RGB/Tomato/I/Healthy/H_11_RGB_0_30.tiff
train,Tomato\I\Healthy,Healthy,H_11,11,0,31,Datasets/TOBRFV-LMID/RGB/Tomato/I/Healthy/H_11_RGB_0_31.tiff
train,Tomato\I\Healthy,Healthy,H_11,11,0,32,Datasets/TOBRFV-LMID/RGB/Tomato/I/Healthy/H_11_RGB_0_32.tiff
train,Tomato\I\Healthy,Healthy,H_11,11,0,33,Datasets/TOBRFV-LMID/RGB/Tomato/I/Healthy/H_11_RGB_0_33.tiff
train,Tomato\I\Healthy,Healthy,H_11,11,0,34,Datasets/TOBRFV-LMID/RGB/Tomato/I/Healthy/H_11_RGB_0_34.tiff
train,Tomato\I\Healthy,Healthy,H_11,11,0,35,Datasets/TOBRFV-LMID/RGB/Tomato/I/Healthy/H_11_RGB_0_35.tiff
train,Tomato\I\Healthy,Healthy,H_11,11,0,36,Datasets/TOBRFV-LMID/RGB/Tomato/I/Healthy/H_11_RGB_0_36.tiff
train,Tomato\I\Healthy,Healthy,H_11,11,0,37,Datasets/TOBRFV-LMID/RGB/Tomato/I/Healthy/H_11_RGB_0_37.tiff
train,Tomato\I\Healthy,Healthy,H_11,11,0,4,Datasets/TOBRFV-LMID/RGB/Tomato/I/Healthy/H_11_RGB_0_4.tiff
train,Tomato\I\Healthy,Healthy,H_11,11,0,5,Datasets/TOBRFV-LMID/RGB/Tomato/I/Healthy/H_11_RGB_0_5.tiff
train,Tomato\I\Healthy,Healthy,H_11,11,0,6,Datasets/TOBRFV-LMID/RGB/Tomato/I/Healthy/H_11_RGB_0_6.tiff
train,Tomato\I\Healthy,Healthy,H_11,11,0,7,Datasets/TOBRFV-LMID/RGB/Tomato/I/Healthy/H_11_RGB_0_7.tiff
train,Tomato\I\Healthy,Healthy,H_11,11,0,8,Datasets/TOBRFV-LMID/RGB/Tomato/I/Healthy/H_11_RGB_0_8.tiff
train,Tomato\I\Healthy,Healthy,H_11,11,0,9,Datasets/TOBRFV-LMID/RGB/Tomato/I/Healthy/H_11_RGB_0_9.tiff
train,Tomato\I\Healthy,Healthy,H_11,11,5,1,Datasets/TOBRFV-LMID/RGB/Tomato/I/Healthy/H_11_RGB_5_1.tiff
train,Tomato\I\Healthy,Healthy,H_11,11,5,14,Datasets/TOBRFV-LMID/RGB/Tomato/I/Healthy/H_11_RGB_5_14.tiff
train,Tomato\I\Healthy,Healthy,H_11,11,5,15,Datasets/TOBRFV-LMID/RGB/Tomato/I/Healthy/H_11_RGB_5_15.tiff
train,Tomato\I\Healthy,Healthy,H_11,11,5,16,Datasets/TOBRFV-LMID/RGB/Tomato/I/Healthy/H_11_RGB_5_16.tiff
train,Tomato\I\Healthy,Healthy,H_11,11,5,17,Datasets/TOBRFV-LMID/RGB/Tomato/I/Healthy/H_11_RGB_5_17.tiff
train,Tomato\I\Healthy,Healthy,H_11,11,5,18,Datasets/TOBRFV-LMID/RGB/Tomato/I/Healthy/H_11_RGB_5_18.tiff
train,Tomato\I\Healthy,Healthy,H_11,11,5,19,Datasets/TOBRFV-LMID/RGB/Tomato/I/Healthy/H_11_RGB_5_19.tiff
train,Tomato\I\Healthy,Healthy,H_11,11,5,2,Datasets/TOBRFV-LMID/RGB/Tomato/I/Healthy/H_11_RGB_5_2.tiff
train,Tomato\I\Healthy,Healthy,H_11,11,5,20,Datasets/TOBRFV-LMID/RGB/Tomato/I/Healthy/H_11_RGB_5_20.tiff
train,Tomato\I\Healthy,Healthy,H_11,11,5,21,Datasets/TOBRFV-LMID/RGB/Tomato/I/Healthy/H_11_RGB_5_21.tiff
train,Tomato\I\Healthy,Healthy,H_11,11,5,22,Datasets/TOBRFV-LMID/RGB/Tomato/I/Healthy/H_11_RGB_5_22.tiff
train,Tomato\I\Healthy,Healthy,H_11,11,5,23,Datasets/TOBRFV-LMID/RGB/Tomato/I/Healthy/H_11_RGB_5_23.tiff
train,Tomato\I\Healthy,Healthy,H_11,11,5,3,Datasets/TOBRFV-LMID/RGB/Tomato/I/Healthy/H_11_RGB_5_3.tiff
train,Tomato\I\Healthy,Healthy,H_11,11,5,33,Datasets/TOBRFV-LMID/RGB/Tomato/I/Healthy/H_11_RGB_5_33.tiff
train,Tomato\I\Healthy,Healthy,H_11,11,5,34,Datasets/TOBRFV-LMID/RGB/Tomato/I/Healthy/H_11_RGB_5_34.tiff
train,Tomato\I\Healthy,Healthy,H_11,11,5,35,Datasets/TOBRFV-LMID/RGB/Tomato/I/Healthy/H_11_RGB_5_35.tiff
train,Tomato\I\Healthy,Healthy,H_11,11,5,36,Datasets/TOBRFV-LMID/RGB/Tomato/I/Healthy/H_11_RGB_5_36.tiff
train,Tomato\I\Healthy,Healthy,H_11,11,5,37,Datasets/TOBRFV-LMID/RGB/Tomato/I/Healthy/H_11_RGB_5_37.tiff
train,Tomato\I\Healthy,Healthy,H_11,11,5,4,Datasets/TOBRFV-LMID/RGB/Tomato/I/Healthy/H_11_RGB_5_4.tiff
train,Tomato\I\Healthy,Healthy,H_11,11,5,5,Datasets/TOBRFV-LMID/RGB/Tomato/I/Healthy/H_11_RGB_5_5.tiff
train,Tomato\I\Healthy,Healthy,H_11,11,5,6,Datasets/TOBRFV-LMID/RGB/Tomato/I/Healthy/H_11_RGB_5_6.tiff
train,Tomato\I\Healthy,Healthy,H_11,11,5,8,Datasets/TOBRFV-LMID/RGB/Tomato/I/Healthy/H_11_RGB_5_8.tiff
train,Tomato\I\Healthy,Healthy,H_11,11,5,9,Datasets/TOBRFV-LMID/RGB/Tomato/I/Healthy/H_11_RGB_5_9.tiff
train,Tomato\I\Healthy,Healthy,H_23,23,0,1,Datasets/TOBRFV-LMID/RGB/Tomato/I/Healthy/H_23_RGB_0_1.tiff
train,Tomato\I\Healthy,Healthy,H_23,23,0,10,Datasets/TOBRFV-LMID/RGB/Tomato/I/Healthy/H_23_RGB_0_10.tiff
train,Tomato\I\Healthy,Healthy,H_23,23,0,12,Datasets/TOBRFV-LMID/RGB/Tomato/I/Healthy/H_23_RGB_0_12.tiff
train,Tomato\I\Healthy,Healthy,H_23,23,0,13,Datasets/TOBRFV-LMID/RGB/Tomato/I/Healthy/H_23_RGB_0_13.tiff
train,Tomato\I\Healthy,Healthy,H_23,23,0,14,Datasets/TOBRFV-LMID/RGB/Tomato/I/Healthy/H_23_RGB_0_14.tiff
train,Tomato\I\Healthy,Healthy,H_23,23,0,15,Datasets/TOBRFV-LMID/RGB/Tomato/I/Healthy/H_23_RGB_0_15.tiff
train,Tomato\I\Healthy,Healthy,H_23,23,0,17,Datasets/TOBRFV-LMID/RGB/Tomato/I/Healthy/H_23_RGB_0_17.tiff
train,Tomato\I\Healthy,Healthy,H_23,23,0,18,Datasets/TOBRFV-LMID/RGB/Tomato/I/Healthy/H_23_RGB_0_18.tiff
train,Tomato\I\Healthy,Healthy,H_23,23,0,19,Datasets/TOBRFV-LMID/RGB/Tomato/I/Healthy/H_23_RGB_0_19.tiff
train,Tomato\I\Healthy,Healthy,H_23,23,0,2,Datasets/TOBRFV-LMID/RGB/Tomato/I/Healthy/H_23_RGB_0_2.tiff
train,Tomato\I\Healthy,Healthy,H_23,23,0,20,Datasets/TOBRFV-LMID/RGB/Tomato/I/Healthy/H_23_RGB_0_20.tiff
train,Tomato\I\Healthy,Healthy,H_23,23,0,21,Datasets/TOBRFV-LMID/RGB/Tomato/I/Healthy/H_23_RGB_0_21.tiff
train,Tomato\I\Healthy,Healthy,H_23,23,0,22,Datasets/TOBRFV-LMID/RGB/Tomato/I/Healthy/H_23_RGB_0_22.tiff
train,Tomato\I\Healthy,Healthy,H_23,23,0,23,Datasets/TOBRFV-LMID/RGB/Tomato/I/Healthy/H_23_RGB_0_23.tiff
train,Tomato\I\Healthy,Healthy,H_23,23,0,24,Datasets/TOBRFV-LMID/RGB/Tomato/I/Healthy/H_23_RGB_0_24.tiff
train,Tomato\I\Healthy,Healthy,H_23,23,0,25,Datasets/TOBRFV-LMID/RGB/Tomato/I/Healthy/H_23_RGB_0_25.tiff
train,Tomato\I\Healthy,Healthy,H_23,23,0,26,Datasets/TOBRFV-LMID/RGB/Tomato/I/Healthy/H_23_RGB_0_26.tiff
train,Tomato\I\Healthy,Healthy,H_23,23,0,27,Datasets/TOBRFV-LMID/RGB/Tomato/I/Healthy/H_23_RGB_0_27.tiff
train,Tomato\I\Healthy,Healthy,H_23,23,0,28,Datasets/TOBRFV-LMID/RGB/Tomato/I/Healthy/H_23_RGB_0_28.tiff
train,Tomato\I\Healthy,Healthy,H_23,23,0,29,Datasets/TOBRFV-LMID/RGB/Tomato/I/Healthy/H_23_RGB_0_29.tiff
train,Tomato\I\Healthy,Healthy,H_23,23,0,3,Datasets/TOBRFV-LMID/RGB/Tomato/I/Healthy/H_23_RGB_0_3.tiff
train,Tomato\I\Healthy,Healthy,H_23,23,0,30,Datasets/TOBRFV-LMID/RGB/Tomato/I/Healthy/H_23_RGB_0_30.tiff
train,Tomato\I\Healthy,Healthy,H_23,23,0,31,Datasets/TOBRFV-LMID/RGB/Tomato/I/Healthy/H_23_RGB_0_31.tiff
train,Tomato\I\Healthy,Healthy,H_23,23,0,32,Datasets/TOBRFV-LMID/RGB/Tomato/I/Healthy/H_23_RGB_0_32.tiff
train,Tomato\I\Healthy,Healthy,H_23,23,0,33,Datasets/TOBRFV-LMID/RGB/Tomato/I/Healthy/H_23_RGB_0_33.tiff
train,Tomato\I\Healthy,Healthy,H_23,23,0,34,Datasets/TOBRFV-LMID/RGB/Tomato/I/Healthy/H_23_RGB_0_34.tiff
train,Tomato\I\Healthy,Healthy,H_23,23,0,36,Datasets/TOBRFV-LMID/RGB/Tomato/I/Healthy/H_23_RGB_0_36.tiff
train,Tomato\I\Healthy,Healthy,H_23,23,0,37,Datasets/TOBRFV-LMID/RGB/Tomato/I/Healthy/H_23_RGB_0_37.tiff
train,Tomato\I\Healthy,Healthy,H_23,23,0,4,Datasets/TOBRFV-LMID/RGB/Tomato/I/Healthy/H_23_RGB_0_4.tiff
train,Tomato\I\Healthy,Healthy,H_23,23,0,5,Datasets/TOBRFV-LMID/RGB/Tomato/I/Healthy/H_23_RGB_0_5.tiff
train,Tomato\I\Healthy,Healthy,H_23,23,0,6,Datasets/TOBRFV-LMID/RGB/Tomato/I/Healthy/H_23_RGB_0_6.tiff
train,Tomato\I\Healthy,Healthy,H_23,23,0,7,Datasets/TOBRFV-LMID/RGB/Tomato/I/Healthy/H_23_RGB_0_7.tiff
train,Tomato\I\Healthy,Healthy,H_23,23,0,8,Datasets/TOBRFV-LMID/RGB/Tomato/I/Healthy/H_23_RGB_0_8.tiff
train,Tomato\I\Healthy,Healthy,H_23,23,0,9,Datasets/TOBRFV-LMID/RGB/Tomato/I/Healthy/H_23_RGB_0_9.tiff
train,Tomato\I\Healthy,Healthy,H_23,23,15,1,Datasets/TOBRFV-LMID/RGB/Tomato/I/Healthy/H_23_RGB_15_1.tiff
train,Tomato\I\Healthy,Healthy,H_23,23,15,10,Datasets/TOBRFV-LMID/RGB/Tomato/I/Healthy/H_23_RGB_15_10.tiff
train,Tomato\I\Healthy,Healthy,H_23,23,15,11,Datasets/TOBRFV-LMID/RGB/Tomato/I/Healthy/H_23_RGB_15_11.tiff
train,Tomato\I\Healthy,Healthy,H_23,23,15,12,Datasets/TOBRFV-LMID/RGB/Tomato/I/Healthy/H_23_RGB_15_12.tiff
train,Tomato\I\Healthy,Healthy,H_23,23,15,13,Datasets/TOBRFV-LMID/RGB/Tomato/I/Healthy/H_23_RGB_15_13.tiff
train,Tomato\I\Healthy,Healthy,H_23,23,15,14,Datasets/TOBRFV-LMID/RGB/Tomato/I/Healthy/H_23_RGB_15_14.tiff
train,Tomato\I\Healthy,Healthy,H_23,23,15,15,Datasets/TOBRFV-LMID/RGB/Tomato/I/Healthy/H_23_RGB_15_15.tiff
train,Tomato\I\Healthy,Healthy,H_23,23,15,16,Datasets/TOBRFV-LMID/RGB/Tomato/I/Healthy/H_23_RGB_15_16.tiff
train,Tomato\I\Healthy,Healthy,H_23,23,15,17,Datasets/TOBRFV-LMID/RGB/Tomato/I/Healthy/H_23_RGB_15_17.tiff
train,Tomato\I\Healthy,Healthy,H_23,23,15,18,Datasets/TOBRFV-LMID/RGB/Tomato/I/Healthy/H_23_RGB_15_18.tiff
train,Tomato\I\Healthy,Healthy,H_23,23,15,19,Datasets/TOBRFV-LMID/RGB/Tomato/I/Healthy/H_23_RGB_15_19.tiff
train,Tomato\I\Healthy,Healthy,H_23,23,15,2,Datasets/TOBRFV-LMID/RGB/Tomato/I/Healthy/H_23_RGB_15_2.tiff
train,Tomato\I\Healthy,Healthy,H_23,23,15,20,Datasets/TOBRFV-LMID/RGB/Tomato/I/Healthy/H_23_RGB_15_20.tiff
train,Tomato\I\Healthy,Healthy,H_23,23,15,21,Datasets/TOBRFV-LMID/RGB/Tomato/I/Healthy/H_23_RGB_15_21.tiff
train,Tomato\I\Healthy,Healthy,H_23,23,15,22,Datasets/TOBRFV-LMID/RGB/Tomato/I/Healthy/H_23_RGB_15_22.tiff
train,Tomato\I\Healthy,Healthy,H_23,23,15,23,Datasets/TOBRFV-LMID/RGB/Tomato/I/Healthy/H_23_RGB_15_23.tiff
train,Tomato\I\Healthy,Healthy,H_23,23,15,25,Datasets/TOBRFV-LMID/RGB/Tomato/I/Healthy/H_23_RGB_15_25.tiff
train,Tomato\I\Healthy,Healthy,H_23,23,15,26,Datasets/TOBRFV-LMID/RGB/Tomato/I/Healthy/H_23_RGB_15_26.tiff
train,Tomato\I\Healthy,Healthy,H_23,23,15,27,Datasets/TOBRFV-LMID/RGB/Tomato/I/Healthy/H_23_RGB_15_27.tiff
train,Tomato\I\Healthy,Healthy,H_23,23,15,28,Datasets/TOBRFV-LMID/RGB/Tomato/I/Healthy/H_23_RGB_15_28.tiff
train,Tomato\I\Healthy,Healthy,H_23,23,15,29,Datasets/TOBRFV-LMID/RGB/Tomato/I/Healthy/H_23_RGB_15_29.tiff
train,Tomato\I\Healthy,Healthy,H_23,23,15,3,Datasets/TOBRFV-LMID/RGB/Tomato/I/Healthy/H_23_RGB_15_3.tiff
train,Tomato\I\Healthy,Healthy,H_23,23,15,30,Datasets/TOBRFV-LMID/RGB/Tomato/I/Healthy/H_23_RGB_15_30.tiff
train,Tomato\I\Healthy,Healthy,H_23,23,15,31,Datasets/TOBRFV-LMID/RGB/Tomato/I/Healthy/H_23_RGB_15_31.tiff
train,Tomato\I\Healthy,Healthy,H_23,23,15,32,Datasets/TOBRFV-LMID/RGB/Tomato/I/Healthy/H_23_RGB_15_32.tiff
train,Tomato\I\Healthy,Healthy,H_23,23,15,33,Datasets/TOBRFV-LMID/RGB/Tomato/I/Healthy/H_23_RGB_15_33.tiff
train,Tomato\I\Healthy,Healthy,H_23,23,15,34,Datasets/TOBRFV-LMID/RGB/Tomato/I/Healthy/H_23_RGB_15_34.tiff
train,Tomato\I\Healthy,Healthy,H_23,23,15,35,Datasets/TOBRFV-LMID/RGB/Tomato/I/Healthy/H_23_RGB_15_35.tiff
train,Tomato\I\Healthy,Healthy,H_23,23,15,36,Datasets/TOBRFV-LMID/RGB/Tomato/I/Healthy/H_23_RGB_15_36.tiff
train,Tomato\I\Healthy,Healthy,H_23,23,15,37,Datasets/TOBRFV-LMID/RGB/Tomato/I/Healthy/H_23_RGB_15_37.tiff
train,Tomato\I\Healthy,Healthy,H_23,23,15,4,Datasets/TOBRFV-LMID/RGB/Tomato/I/Healthy/H_23_RGB_15_4.tiff
train,Tomato\I\Healthy,Healthy,H_23,23,15,5,Datasets/TOBRFV-LMID/RGB/Tomato/I/Healthy/H_23_RGB_15_5.tiff
train,Tomato\I\Healthy,Healthy,H_23,23,15,6,Datasets/TOBRFV-LMID/RGB/Tomato/I/Healthy/H_23_RGB_15_6.tiff
train,Tomato\I\Healthy,Healthy,H_23,23,15,7,Datasets/TOBRFV-LMID/RGB/Tomato/I/Healthy/H_23_RGB_15_7.tiff
train,Tomato\I\Healthy,Healthy,H_23,23,15,8,Datasets/TOBRFV-LMID/RGB/Tomato/I/Healthy/H_23_RGB_15_8.tiff
train,Tomato\I\Healthy,Healthy,H_23,23,15,9,Datasets/TOBRFV-LMID/RGB/Tomato/I/Healthy/H_23_RGB_15_9.tiff
train,Tomato\I\Healthy,Healthy,H_25,25,0,1,Datasets/TOBRFV-LMID/RGB/Tomato/I/Healthy/H_25_RGB_0_1.tiff
train,Tomato\I\Healthy,Healthy,H_25,25,0,10,Datasets/TOBRFV-LMID/RGB/Tomato/I/Healthy/H_25_RGB_0_10.tiff
train,Tomato\I\Healthy,Healthy,H_25,25,0,11,Datasets/TOBRFV-LMID/RGB/Tomato/I/Healthy/H_25_RGB_0_11.tiff
train,Tomato\I\Healthy,Healthy,H_25,25,0,12,Datasets/TOBRFV-LMID/RGB/Tomato/I/Healthy/H_25_RGB_0_12.tiff
train,Tomato\I\Healthy,Healthy,H_25,25,0,13,Datasets/TOBRFV-LMID/RGB/Tomato/I/Healthy/H_25_RGB_0_13.tiff
train,Tomato\I\Healthy,Healthy,H_25,25,0,14,Datasets/TOBRFV-LMID/RGB/Tomato/I/Healthy/H_25_RGB_0_14.tiff
train,Tomato\I\Healthy,Healthy,H_25,25,0,15,Datasets/TOBRFV-LMID/RGB/Tomato/I/Healthy/H_25_RGB_0_15.tiff
train,Tomato\I\Healthy,Healthy,H_25,25,0,16,Datasets/TOBRFV-LMID/RGB/Tomato/I/Healthy/H_25_RGB_0_16.tiff
train,Tomato\I\Healthy,Healthy,H_25,25,0,18,Datasets/TOBRFV-LMID/RGB/Tomato/I/Healthy/H_25_RGB_0_18.tiff
train,Tomato\I\Healthy,Healthy,H_25,25,0,19,Datasets/TOBRFV-LMID/RGB/Tomato/I/Healthy/H_25_RGB_0_19.tiff
train,Tomato\I\Healthy,Healthy,H_25,25,0,2,Datasets/TOBRFV-LMID/RGB/Tomato/I/Healthy/H_25_RGB_0_2.tiff
train,Tomato\I\Healthy,Healthy,H_25,25,0,20,Datasets/TOBRFV-LMID/RGB/Tomato/I/Healthy/H_25_RGB_0_20.tiff
train,Tomato\I\Healthy,Healthy,H_25,25,0,21,Datasets/TOBRFV-LMID/RGB/Tomato/I/Healthy/H_25_RGB_0_21.tiff
train,Tomato\I\Healthy,Healthy,H_25,25,0,22,Datasets/TOBRFV-LMID/RGB/Tomato/I/Healthy/H_25_RGB_0_22.tiff
train,Tomato\I\Healthy,Healthy,H_25,25,0,23,Datasets/TOBRFV-LMID/RGB/Tomato/I/Healthy/H_25_RGB_0_23.tiff
train,Tomato\I\Healthy,Healthy,H_25,25,0,24,Datasets/TOBRFV-LMID/RGB/Tomato/I/Healthy/H_25_RGB_0_24.tiff
train,Tomato\I\Healthy,Healthy,H_25,25,0,25,Datasets/TOBRFV-LMID/RGB/Tomato/I/Healthy/H_25_RGB_0_25.tiff
train,Tomato\I\Healthy,Healthy,H_25,25,0,26,Datasets/TOBRFV-LMID/RGB/Tomato/I/Healthy/H_25_RGB_0_26.tiff
train,Tomato\I\Healthy,Healthy,H_25,25,0,27,Datasets/TOBRFV-LMID/RGB/Tomato/I/Healthy/H_25_RGB_0_27.tiff
train,Tomato\I\Healthy,Healthy,H_25,25,0,29,Datasets/TOBRFV-LMID/RGB/Tomato/I/Healthy/H_25_RGB_0_29.tiff
train,Tomato\I\Healthy,Healthy,H_25,25,0,3,Datasets/TOBRFV-LMID/RGB/Tomato/I/Healthy/H_25_RGB_0_3.tiff
train,Tomato\I\Healthy,Healthy,H_25,25,0,30,Datasets/TOBRFV-LMID/RGB/Tomato/I/Healthy/H_25_RGB_0_30.tiff
train,Tomato\I\Healthy,Healthy,H_25,25,0,31,Datasets/TOBRFV-LMID/RGB/Tomato/I/Healthy/H_25_RGB_0_31.tiff
train,Tomato\I\Healthy,Healthy,H_25,25,0,32,Datasets/TOBRFV-LMID/RGB/Tomato/I/Healthy/H_25_RGB_0_32.tiff
train,Tomato\I\Healthy,Healthy,H_25,25,0,33,Datasets/TOBRFV-LMID/RGB/Tomato/I/Healthy/H_25_RGB_0_33.tiff
train,Tomato\I\Healthy,Healthy,H_25,25,0,34,Datasets/TOBRFV-LMID/RGB/Tomato/I/Healthy/H_25_RGB_0_34.tiff
train,Tomato\I\Healthy,Healthy,H_25,25,0,35,Datasets/TOBRFV-LMID/RGB/Tomato/I/Healthy/H_25_RGB_0_35.tiff
train,Tomato\I\Healthy,Healthy,H_25,25,0,36,Datasets/TOBRFV-LMID/RGB/Tomato/I/Healthy/H_25_RGB_0_36.tiff
train,Tomato\I\Healthy,Healthy,H_25,25,0,37,Datasets/TOBRFV-LMID/RGB/Tomato/I/Healthy/H_25_RGB_0_37.tiff
train,Tomato\I\Healthy,Healthy,H_25,25,0,4,Datasets/TOBRFV-LMID/RGB/Tomato/I/Healthy/H_25_RGB_0_4.tiff
train,Tomato\I\Healthy,Healthy,H_25,25,0,5,Datasets/TOBRFV-LMID/RGB/Tomato/I/Healthy/H_25_RGB_0_5.tiff
train,Tomato\I\Healthy,Healthy,H_25,25,0,6,Datasets/TOBRFV-LMID/RGB/Tomato/I/Healthy/H_25_RGB_0_6.tiff
train,Tomato\I\Healthy,Healthy,H_25,25,0,7,Datasets/TOBRFV-LMID/RGB/Tomato/I/Healthy/H_25_RGB_0_7.tiff
train,Tomato\I\Healthy,Healthy,H_25,25,0,8,Datasets/TOBRFV-LMID/RGB/Tomato/I/Healthy/H_25_RGB_0_8.tiff
train,Tomato\I\Healthy,Healthy,H_25,25,0,9,Datasets/TOBRFV-LMID/RGB/Tomato/I/Healthy/H_25_RGB_0_9.tiff
train,Tomato\I\Healthy,Healthy,H_25,25,15,1,Datasets/TOBRFV-LMID/RGB/Tomato/I/Healthy/H_25_RGB_15_1.tiff
train,Tomato\I\Healthy,Healthy,H_25,25,15,10,Datasets/TOBRFV-LMID/RGB/Tomato/I/Healthy/H_25_RGB_15_10.tiff
train,Tomato\I\Healthy,Healthy,H_25,25,15,11,Datasets/TOBRFV-LMID/RGB/Tomato/I/Healthy/H_25_RGB_15_11.tiff
train,Tomato\I\Healthy,Healthy,H_25,25,15,12,Datasets/TOBRFV-LMID/RGB/Tomato/I/Healthy/H_25_RGB_15_12.tiff
train,Tomato\I\Healthy,Healthy,H_25,25,15,13,Datasets/TOBRFV-LMID/RGB/Tomato/I/Healthy/H_25_RGB_15_13.tiff
train,Tomato\I\Healthy,Healthy,H_25,25,15,14,Datasets/TOBRFV-LMID/RGB/Tomato/I/Healthy/H_25_RGB_15_14.tiff
train,Tomato\I\Healthy,Healthy,H_25,25,15,15,Datasets/TOBRFV-LMID/RGB/Tomato/I/Healthy/H_25_RGB_15_15.tiff
train,Tomato\I\Healthy,Healthy,H_25,25,15,16,Datasets/TOBRFV-LMID/RGB/Tomato/I/Healthy/H_25_RGB_15_16.tiff
train,Tomato\I\Healthy,Healthy,H_25,25,15,17,Datasets/TOBRFV-LMID/RGB/Tomato/I/Healthy/H_25_RGB_15_17.tiff
train,Tomato\I\Healthy,Healthy,H_25,25,15,18,Datasets/TOBRFV-LMID/RGB/Tomato/I/Healthy/H_25_RGB_15_18.tiff
train,Tomato\I\Healthy,Healthy,H_25,25,15,19,Datasets/TOBRFV-LMID/RGB/Tomato/I/Healthy/H_25_RGB_15_19.tiff
train,Tomato\I\Healthy,Healthy,H_25,25,15,2,Datasets/TOBRFV-LMID/RGB/Tomato/I/Healthy/H_25_RGB_15_2.tiff
train,Tomato\I\Healthy,Healthy,H_25,25,15,21,Datasets/TOBRFV-LMID/RGB/Tomato/I/Healthy/H_25_RGB_15_21.tiff
train,Tomato\I\Healthy,Healthy,H_25,25,15,22,Datasets/TOBRFV-LMID/RGB/Tomato/I/Healthy/H_25_RGB_15_22.tiff
train,Tomato\I\Healthy,Healthy,H_25,25,15,23,Datasets/TOBRFV-LMID/RGB/Tomato/I/Healthy/H_25_RGB_15_23.tiff
train,Tomato\I\Healthy,Healthy,H_25,25,15,24,Datasets/TOBRFV-LMID/RGB/Tomato/I/Healthy/H_25_RGB_15_24.tiff
train,Tomato\I\Healthy,Healthy,H_25,25,15,25,Datasets/TOBRFV-LMID/RGB/Tomato/I/Healthy/H_25_RGB_15_25.tiff
train,Tomato\I\Healthy,Healthy,H_25,25,15,26,Datasets/TOBRFV-LMID/RGB/Tomato/I/Healthy/H_25_RGB_15_26.tiff
train,Tomato\I\Healthy,Healthy,H_25,25,15,27,Datasets/TOBRFV-LMID/RGB/Tomato/I/Healthy/H_25_RGB_15_27.tiff
train,Tomato\I\Healthy,Healthy,H_25,25,15,28,Datasets/TOBRFV-LMID/RGB/Tomato/I/Healthy/H_25_RGB_15_28.tiff
train,Tomato\I\Healthy,Healthy,H_25,25,15,29,Datasets/TOBRFV-LMID/RGB/Tomato/I/Healthy/H_25_RGB_15_29.tiff
train,Tomato\I\Healthy,Healthy,H_25,25,15,3,Datasets/TOBRFV-LMID/RGB/Tomato/I/Healthy/H_25_RGB_15_3.tiff
train,Tomato\I\Healthy,Healthy,H_25,25,15,30,Datasets/TOBRFV-LMID/RGB/Tomato/I/Healthy/H_25_RGB_15_30.tiff
train,Tomato\I\Healthy,Healthy,H_25,25,15,31,Datasets/TOBRFV-LMID/RGB/Tomato/I/Healthy/H_25_RGB_15_31.tiff
train,Tomato\I\Healthy,Healthy,H_25,25,15,32,Datasets/TOBRFV-LMID/RGB/Tomato/I/Healthy/H_25_RGB_15_32.tiff
train,Tomato\I\Healthy,Healthy,H_25,25,15,33,Datasets/TOBRFV-LMID/RGB/Tomato/I/Healthy/H_25_RGB_15_33.tiff
train,Tomato\I\Healthy,Healthy,H_25,25,15,34,Datasets/TOBRFV-LMID/RGB/Tomato/I/Healthy/H_25_RGB_15_34.tiff
train,Tomato\I\Healthy,Healthy,H_25,25,15,35,Datasets/TOBRFV-LMID/RGB/Tomato/I/Healthy/H_25_RGB_15_35.tiff
train,Tomato\I\Healthy,Healthy,H_25,25,15,36,Datasets/TOBRFV-LMID/RGB/Tomato/I/Healthy/H_25_RGB_15_36.tiff
train,Tomato\I\Healthy,Healthy,H_25,25,15,37,Datasets/TOBRFV-LMID/RGB/Tomato/I/Healthy/H_25_RGB_15_37.tiff
train,Tomato\I\Healthy,Healthy,H_25,25,15,4,Datasets/TOBRFV-LMID/RGB/Tomato/I/Healthy/H_25_RGB_15_4.tiff
train,Tomato\I\Healthy,Healthy,H_25,25,15,5,Datasets/TOBRFV-LMID/RGB/Tomato/I/Healthy/H_25_RGB_15_5.tiff
train,Tomato\I\Healthy,Healthy,H_25,25,15,6,Datasets/TOBRFV-LMID/RGB/Tomato/I/Healthy/H_25_RGB_15_6.tiff
train,Tomato\I\Healthy,Healthy,H_25,25,15,7,Datasets/TOBRFV-LMID/RGB/Tomato/I/Healthy/H_25_RGB_15_7.tiff
train,Tomato\I\Healthy,Healthy,H_25,25,15,8,Datasets/TOBRFV-LMID/RGB/Tomato/I/Healthy/H_25_RGB_15_8.tiff
train,Tomato\I\Healthy,Healthy,H_25,25,15,9,Datasets/TOBRFV-LMID/RGB/Tomato/I/Healthy/H_25_RGB_15_9.tiff
train,Tomato\I\Healthy,Healthy,H_15,15,0,1,Datasets/TOBRFV-LMID/RGB/Tomato/I/Healthy/H_15_RGB_0_1.tiff
train,Tomato\I\Healthy,Healthy,H_15,15,0,10,Datasets/TOBRFV-LMID/RGB/Tomato/I/Healthy/H_15_RGB_0_10.tiff
train,Tomato\I\Healthy,Healthy,H_15,15,0,11,Datasets/TOBRFV-LMID/RGB/Tomato/I/Healthy/H_15_RGB_0_11.tiff
train,Tomato\I\Healthy,Healthy,H_15,15,0,12,Datasets/TOBRFV-LMID/RGB/Tomato/I/Healthy/H_15_RGB_0_12.tiff
train,Tomato\I\Healthy,Healthy,H_15,15,0,13,Datasets/TOBRFV-LMID/RGB/Tomato/I/Healthy/H_15_RGB_0_13.tiff
train,Tomato\I\Healthy,Healthy,H_15,15,0,16,Datasets/TOBRFV-LMID/RGB/Tomato/I/Healthy/H_15_RGB_0_16.tiff
train,Tomato\I\Healthy,Healthy,H_15,15,0,17,Datasets/TOBRFV-LMID/RGB/Tomato/I/Healthy/H_15_RGB_0_17.tiff
train,Tomato\I\Healthy,Healthy,H_15,15,0,18,Datasets/TOBRFV-LMID/RGB/Tomato/I/Healthy/H_15_RGB_0_18.tiff
train,Tomato\I\Healthy,Healthy,H_15,15,0,19,Datasets/TOBRFV-LMID/RGB/Tomato/I/Healthy/H_15_RGB_0_19.tiff
train,Tomato\I\Healthy,Healthy,H_15,15,0,2,Datasets/TOBRFV-LMID/RGB/Tomato/I/Healthy/H_15_RGB_0_2.tiff
train,Tomato\I\Healthy,Healthy,H_15,15,0,20,Datasets/TOBRFV-LMID/RGB/Tomato/I/Healthy/H_15_RGB_0_20.tiff
train,Tomato\I\Healthy,Healthy,H_15,15,0,22,Datasets/TOBRFV-LMID/RGB/Tomato/I/Healthy/H_15_RGB_0_22.tiff
train,Tomato\I\Healthy,Healthy,H_15,15,0,23,Datasets/TOBRFV-LMID/RGB/Tomato/I/Healthy/H_15_RGB_0_23.tiff
train,Tomato\I\Healthy,Healthy,H_15,15,0,24,Datasets/TOBRFV-LMID/RGB/Tomato/I/Healthy/H_15_RGB_0_24.tiff
train,Tomato\I\Healthy,Healthy,H_15,15,0,25,Datasets/TOBRFV-LMID/RGB/Tomato/I/Healthy/H_15_RGB_0_25.tiff
train,Tomato\I\Healthy,Healthy,H_15,15,0,26,Datasets/TOBRFV-LMID/RGB/Tomato/I/Healthy/H_15_RGB_0_26.tiff
train,Tomato\I\Healthy,Healthy,H_15,15,0,28,Datasets/TOBRFV-LMID/RGB/Tomato/I/Healthy/H_15_RGB_0_28.tiff
train,Tomato\I\Healthy,Healthy,H_15,15,0,3,Datasets/TOBRFV-LMID/RGB/Tomato/I/Healthy/H_15_RGB_0_3.tiff
train,Tomato\I\Healthy,Healthy,H_15,15,0,31,Datasets/TOBRFV-LMID/RGB/Tomato/I/Healthy/H_15_RGB_0_31.tiff
train,Tomato\I\Healthy,Healthy,H_15,15,0,32,Datasets/TOBRFV-LMID/RGB/Tomato/I/Healthy/H_15_RGB_0_32.tiff
train,Tomato\I\Healthy,Healthy,H_15,15,0,33,Datasets/TOBRFV-LMID/RGB/Tomato/I/Healthy/H_15_RGB_0_33.tiff
train,Tomato\I\Healthy,Healthy,H_15,15,0,36,Datasets/TOBRFV-LMID/RGB/Tomato/I/Healthy/H_15_RGB_0_36.tiff
train,Tomato\I\Healthy,Healthy,H_15,15,0,37,Datasets/TOBRFV-LMID/RGB/Tomato/I/Healthy/H_15_RGB_0_37.tiff
train,Tomato\I\Healthy,Healthy,H_15,15,0,4,Datasets/TOBRFV-LMID/RGB/Tomato/I/Healthy/H_15_RGB_0_4.tiff
train,Tomato\I\Healthy,Healthy,H_15,15,0,5,Datasets/TOBRFV-LMID/RGB/Tomato/I/Healthy/H_15_RGB_0_5.tiff
train,Tomato\I\Healthy,Healthy,H_15,15,0,6,Datasets/TOBRFV-LMID/RGB/Tomato/I/Healthy/H_15_RGB_0_6.tiff
train,Tomato\I\Healthy,Healthy,H_15,15,0,7,Datasets/TOBRFV-LMID/RGB/Tomato/I/Healthy/H_15_RGB_0_7.tiff
train,Tomato\I\Healthy,Healthy,H_15,15,0,8,Datasets/TOBRFV-LMID/RGB/Tomato/I/Healthy/H_15_RGB_0_8.tiff
train,Tomato\I\Healthy,Healthy,H_15,15,0,9,Datasets/TOBRFV-LMID/RGB/Tomato/I/Healthy/H_15_RGB_0_9.tiff
train,Tomato\I\Healthy,Healthy,H_15,15,5,1,Datasets/TOBRFV-LMID/RGB/Tomato/I/Healthy/H_15_RGB_5_1.tiff
train,Tomato\I\Healthy,Healthy,H_15,15,5,10,Datasets/TOBRFV-LMID/RGB/Tomato/I/Healthy/H_15_RGB_5_10.tiff
train,Tomato\I\Healthy,Healthy,H_15,15,5,13,Datasets/TOBRFV-LMID/RGB/Tomato/I/Healthy/H_15_RGB_5_13.tiff
train,Tomato\I\Healthy,Healthy,H_15,15,5,18,Datasets/TOBRFV-LMID/RGB/Tomato/I/Healthy/H_15_RGB_5_18.tiff
train,Tomato\I\Healthy,Healthy,H_15,15,5,19,Datasets/TOBRFV-LMID/RGB/Tomato/I/Healthy/H_15_RGB_5_19.tiff
train,Tomato\I\Healthy,Healthy,H_15,15,5,2,Datasets/TOBRFV-LMID/RGB/Tomato/I/Healthy/H_15_RGB_5_2.tiff
train,Tomato\I\Healthy,Healthy,H_15,15,5,20,Datasets/TOBRFV-LMID/RGB/Tomato/I/Healthy/H_15_RGB_5_20.tiff
train,Tomato\I\Healthy,Healthy,H_15,15,5,21,Datasets/TOBRFV-LMID/RGB/Tomato/I/Healthy/H_15_RGB_5_21.tiff
train,Tomato\I\Healthy,Healthy,H_15,15,5,22,Datasets/TOBRFV-LMID/RGB/Tomato/I/Healthy/H_15_RGB_5_22.tiff
train,Tomato\I\Healthy,Healthy,H_15,15,5,23,Datasets/TOBRFV-LMID/RGB/Tomato/I/Healthy/H_15_RGB_5_23.tiff
train,Tomato\I\Healthy,Healthy,H_15,15,5,24,Datasets/TOBRFV-LMID/RGB/Tomato/I/Healthy/H_15_RGB_5_24.tiff
train,Tomato\I\Healthy,Healthy,H_15,15,5,26,Datasets/TOBRFV-LMID/RGB/Tomato/I/Healthy/H_15_RGB_5_26.tiff
train,Tomato\I\Healthy,Healthy,H_15,15,5,28,Datasets/TOBRFV-LMID/RGB/Tomato/I/Healthy/H_15_RGB_5_28.tiff
train,Tomato\I\Healthy,Healthy,H_15,15,5,3,Datasets/TOBRFV-LMID/RGB/Tomato/I/Healthy/H_15_RGB_5_3.tiff
train,Tomato\I\Healthy,Healthy,H_15,15,5,30,Datasets/TOBRFV-LMID/RGB/Tomato/I/Healthy/H_15_RGB_5_30.tiff
train,Tomato\I\Healthy,Healthy,H_15,15,5,31,Datasets/TOBRFV-LMID/RGB/Tomato/I/Healthy/H_15_RGB_5_31.tiff
train,Tomato\I\Healthy,Healthy,H_15,15,5,33,Datasets/TOBRFV-LMID/RGB/Tomato/I/Healthy/H_15_RGB_5_33.tiff
train,Tomato\I\Healthy,Healthy,H_15,15,5,36,Datasets/TOBRFV-LMID/RGB/Tomato/I/Healthy/H_15_RGB_5_36.tiff
train,Tomato\I\Healthy,Healthy,H_15,15,5,37,Datasets/TOBRFV-LMID/RGB/Tomato/I/Healthy/H_15_RGB_5_37.tiff
train,Tomato\I\Healthy,Healthy,H_15,15,5,4,Datasets/TOBRFV-LMID/RGB/Tomato/I/Healthy/H_15_RGB_5_4.tiff
train,Tomato\I\Healthy,Healthy,H_15,15,5,5,Datasets/TOBRFV-LMID/RGB/Tomato/I/Healthy/H_15_RGB_5_5.tiff
train,Tomato\I\Healthy,Healthy,H_15,15,5,6,Datasets/TOBRFV-LMID/RGB/Tomato/I/Healthy/H_15_RGB_5_6.tiff
train,Tomato\I\Healthy,Healthy,H_15,15,5,7,Datasets/TOBRFV-LMID/RGB/Tomato/I/Healthy/H_15_RGB_5_7.tiff
train,Tomato\I\Healthy,Healthy,H_15,15,5,8,Datasets/TOBRFV-LMID/RGB/Tomato/I/Healthy/H_15_RGB_5_8.tiff
train,Tomato\I\Healthy,Healthy,H_15,15,5,9,Datasets/TOBRFV-LMID/RGB/Tomato/I/Healthy/H_15_RGB_5_9.tiff
train,Tomato\I\Virus,Virus,V_16,16,0,1,Datasets/TOBRFV-LMID/RGB/Tomato/I/Virus/V_16_RGB_0_1.tiff
train,Tomato\I\Virus,Virus,V_16,16,0,10,Datasets/TOBRFV-LMID/RGB/Tomato/I/Virus/V_16_RGB_0_10.tiff
train,Tomato\I\Virus,Virus,V_16,16,0,12,Datasets/TOBRFV-LMID/RGB/Tomato/I/Virus/V_16_RGB_0_12.tiff
train,Tomato\I\Virus,Virus,V_16,16,0,13,Datasets/TOBRFV-LMID/RGB/Tomato/I/Virus/V_16_RGB_0_13.tiff
train,Tomato\I\Virus,Virus,V_16,16,0,14,Datasets/TOBRFV-LMID/RGB/Tomato/I/Virus/V_16_RGB_0_14.tiff
train,Tomato\I\Virus,Virus,V_16,16,0,15,Datasets/TOBRFV-LMID/RGB/Tomato/I/Virus/V_16_RGB_0_15.tiff
train,Tomato\I\Virus,Virus,V_16,16,0,16,Datasets/TOBRFV-LMID/RGB/Tomato/I/Virus/V_16_RGB_0_16.tiff
train,Tomato\I\Virus,Virus,V_16,16,0,2,Datasets/TOBRFV-LMID/RGB/Tomato/I/Virus/V_16_RGB_0_2.tiff
train,Tomato\I\Virus,Virus,V_16,16,0,20,Datasets/TOBRFV-LMID/RGB/Tomato/I/Virus/V_16_RGB_0_20.tiff
train,Tomato\I\Virus,Virus,V_16,16,0,21,Datasets/TOBRFV-LMID/RGB/Tomato/I/Virus/V_16_RGB_0_21.tiff
train,Tomato\I\Virus,Virus,V_16,16,0,22,Datasets/TOBRFV-LMID/RGB/Tomato/I/Virus/V_16_RGB_0_22.tiff
train,Tomato\I\Virus,Virus,V_16,16,0,23,Datasets/TOBRFV-LMID/RGB/Tomato/I/Virus/V_16_RGB_0_23.tiff
train,Tomato\I\Virus,Virus,V_16,16,0,25,Datasets/TOBRFV-LMID/RGB/Tomato/I/Virus/V_16_RGB_0_25.tiff
train,Tomato\I\Virus,Virus,V_16,16,0,26,Datasets/TOBRFV-LMID/RGB/Tomato/I/Virus/V_16_RGB_0_26.tiff
train,Tomato\I\Virus,Virus,V_16,16,0,27,Datasets/TOBRFV-LMID/RGB/Tomato/I/Virus/V_16_RGB_0_27.tiff
train,Tomato\I\Virus,Virus,V_16,16,0,28,Datasets/TOBRFV-LMID/RGB/Tomato/I/Virus/V_16_RGB_0_28.tiff
train,Tomato\I\Virus,Virus,V_16,16,0,29,Datasets/TOBRFV-LMID/RGB/Tomato/I/Virus/V_16_RGB_0_29.tiff
train,Tomato\I\Virus,Virus,V_16,16,0,3,Datasets/TOBRFV-LMID/RGB/Tomato/I/Virus/V_16_RGB_0_3.tiff
train,Tomato\I\Virus,Virus,V_16,16,0,30,Datasets/TOBRFV-LMID/RGB/Tomato/I/Virus/V_16_RGB_0_30.tiff
train,Tomato\I\Virus,Virus,V_16,16,0,31,Datasets/TOBRFV-LMID/RGB/Tomato/I/Virus/V_16_RGB_0_31.tiff
train,Tomato\I\Virus,Virus,V_16,16,0,32,Datasets/TOBRFV-LMID/RGB/Tomato/I/Virus/V_16_RGB_0_32.tiff
train,Tomato\I\Virus,Virus,V_16,16,0,33,Datasets/TOBRFV-LMID/RGB/Tomato/I/Virus/V_16_RGB_0_33.tiff
train,Tomato\I\Virus,Virus,V_16,16,0,34,Datasets/TOBRFV-LMID/RGB/Tomato/I/Virus/V_16_RGB_0_34.tiff
train,Tomato\I\Virus,Virus,V_16,16,0,35,Datasets/TOBRFV-LMID/RGB/Tomato/I/Virus/V_16_RGB_0_35.tiff
train,Tomato\I\Virus,Virus,V_16,16,0,36,Datasets/TOBRFV-LMID/RGB/Tomato/I/Virus/V_16_RGB_0_36.tiff
train,Tomato\I\Virus,Virus,V_16,16,0,37,Datasets/TOBRFV-LMID/RGB/Tomato/I/Virus/V_16_RGB_0_37.tiff
train,Tomato\I\Virus,Virus,V_16,16,0,38,Datasets/TOBRFV-LMID/RGB/Tomato/I/Virus/V_16_RGB_0_38.tiff
train,Tomato\I\Virus,Virus,V_16,16,0,39,Datasets/TOBRFV-LMID/RGB/Tomato/I/Virus/V_16_RGB_0_39.tiff
train,Tomato\I\Virus,Virus,V_16,16,0,4,Datasets/TOBRFV-LMID/RGB/Tomato/I/Virus/V_16_RGB_0_4.tiff
train,Tomato\I\Virus,Virus,V_16,16,0,40,Datasets/TOBRFV-LMID/RGB/Tomato/I/Virus/V_16_RGB_0_40.tiff
train,Tomato\I\Virus,Virus,V_16,16,0,41,Datasets/TOBRFV-LMID/RGB/Tomato/I/Virus/V_16_RGB_0_41.tiff
train,Tomato\I\Virus,Virus,V_16,16,0,42,Datasets/TOBRFV-LMID/RGB/Tomato/I/Virus/V_16_RGB_0_42.tiff
train,Tomato\I\Virus,Virus,V_16,16,0,43,Datasets/TOBRFV-LMID/RGB/Tomato/I/Virus/V_16_RGB_0_43.tiff
train,Tomato\I\Virus,Virus,V_16,16,0,44,Datasets/TOBRFV-LMID/RGB/Tomato/I/Virus/V_16_RGB_0_44.tiff
train,Tomato\I\Virus,Virus,V_16,16,0,45,Datasets/TOBRFV-LMID/RGB/Tomato/I/Virus/V_16_RGB_0_45.tiff
train,Tomato\I\Virus,Virus,V_16,16,0,5,Datasets/TOBRFV-LMID/RGB/Tomato/I/Virus/V_16_RGB_0_5.tiff
train,Tomato\I\Virus,Virus,V_16,16,0,6,Datasets/TOBRFV-LMID/RGB/Tomato/I/Virus/V_16_RGB_0_6.tiff
train,Tomato\I\Virus,Virus,V_16,16,0,8,Datasets/TOBRFV-LMID/RGB/Tomato/I/Virus/V_16_RGB_0_8.tiff
train,Tomato\I\Virus,Virus,V_16,16,0,9,Datasets/TOBRFV-LMID/RGB/Tomato/I/Virus/V_16_RGB_0_9.tiff
train,Tomato\I\Virus,Virus,V_16,16,15,1,Datasets/TOBRFV-LMID/RGB/Tomato/I/Virus/V_16_RGB_15_1.tiff
train,Tomato\I\Virus,Virus,V_16,16,15,10,Datasets/TOBRFV-LMID/RGB/Tomato/I/Virus/V_16_RGB_15_10.tiff
train,Tomato\I\Virus,Virus,V_16,16,15,11,Datasets/TOBRFV-LMID/RGB/Tomato/I/Virus/V_16_RGB_15_11.tiff
train,Tomato\I\Virus,Virus,V_16,16,15,12,Datasets/TOBRFV-LMID/RGB/Tomato/I/Virus/V_16_RGB_15_12.tiff
train,Tomato\I\Virus,Virus,V_16,16,15,13,Datasets/TOBRFV-LMID/RGB/Tomato/I/Virus/V_16_RGB_15_13.tiff
train,Tomato\I\Virus,Virus,V_16,16,15,15,Datasets/TOBRFV-LMID/RGB/Tomato/I/Virus/V_16_RGB_15_15.tiff
train,Tomato\I\Virus,Virus,V_16,16,15,16,Datasets/TOBRFV-LMID/RGB/Tomato/I/Virus/V_16_RGB_15_16.tiff
train,Tomato\I\Virus,Virus,V_16,16,15,17,Datasets/TOBRFV-LMID/RGB/Tomato/I/Virus/V_16_RGB_15_17.tiff
train,Tomato\I\Virus,Virus,V_16,16,15,18,Datasets/TOBRFV-LMID/RGB/Tomato/I/Virus/V_16_RGB_15_18.tiff
train,Tomato\I\Virus,Virus,V_16,16,15,19,Datasets/TOBRFV-LMID/RGB/Tomato/I/Virus/V_16_RGB_15_19.tiff
train,Tomato\I\Virus,Virus,V_16,16,15,2,Datasets/TOBRFV-LMID/RGB/Tomato/I/Virus/V_16_RGB_15_2.tiff
train,Tomato\I\Virus,Virus,V_16,16,15,20,Datasets/TOBRFV-LMID/RGB/Tomato/I/Virus/V_16_RGB_15_20.tiff
train,Tomato\I\Virus,Virus,V_16,16,15,21,Datasets/TOBRFV-LMID/RGB/Tomato/I/Virus/V_16_RGB_15_21.tiff
train,Tomato\I\Virus,Virus,V_16,16,15,22,Datasets/TOBRFV-LMID/RGB/Tomato/I/Virus/V_16_RGB_15_22.tiff
train,Tomato\I\Virus,Virus,V_16,16,15,23,Datasets/TOBRFV-LMID/RGB/Tomato/I/Virus/V_16_RGB_15_23.tiff
train,Tomato\I\Virus,Virus,V_16,16,15,24,Datasets/TOBRFV-LMID/RGB/Tomato/I/Virus/V_16_RGB_15_24.tiff
train,Tomato\I\Virus,Virus,V_16,16,15,25,Datasets/TOBRFV-LMID/RGB/Tomato/I/Virus/V_16_RGB_15_25.tiff
train,Tomato\I\Virus,Virus,V_16,16,15,26,Datasets/TOBRFV-LMID/RGB/Tomato/I/Virus/V_16_RGB_15_26.tiff
train,Tomato\I\Virus,Virus,V_16,16,15,27,Datasets/TOBRFV-LMID/RGB/Tomato/I/Virus/V_16_RGB_15_27.tiff
train,Tomato\I\Virus,Virus,V_16,16,15,28,Datasets/TOBRFV-LMID/RGB/Tomato/I/Virus/V_16_RGB_15_28.tiff
train,Tomato\I\Virus,Virus,V_16,16,15,29,Datasets/TOBRFV-LMID/RGB/Tomato/I/Virus/V_16_RGB_15_29.tiff
train,Tomato\I\Virus,Virus,V_16,16,15,30,Datasets/TOBRFV-LMID/RGB/Tomato/I/Virus/V_16_RGB_15_30.tiff
train,Tomato\I\Virus,Virus,V_16,16,15,31,Datasets/TOBRFV-LMID/RGB/Tomato/I/Virus/V_16_RGB_15_31.tiff
train,Tomato\I\Virus,Virus,V_16,16,15,32,Datasets/TOBRFV-LMID/RGB/Tomato/I/Virus/V_16_RGB_15_32.tiff
train,Tomato\I\Virus,Virus,V_16,16,15,33,Datasets/TOBRFV-LMID/RGB/Tomato/I/Virus/V_16_RGB_15_33.tiff
train,Tomato\I\Virus,Virus,V_16,16,15,34,Datasets/TOBRFV-LMID/RGB/Tomato/I/Virus/V_16_RGB_15_34.tiff
train,Tomato\I\Virus,Virus,V_16,16,15,35,Datasets/TOBRFV-LMID/RGB/Tomato/I/Virus/V_16_RGB_15_35.tiff
train,Tomato\I\Virus,Virus,V_16,16,15,36,Datasets/TOBRFV-LMID/RGB/Tomato/I/Virus/V_16_RGB_15_36.tiff
train,Tomato\I\Virus,Virus,V_16,16,15,37,Datasets/TOBRFV-LMID/RGB/Tomato/I/Virus/V_16_RGB_15_37.tiff
train,Tomato\I\Virus,Virus,V_16,16,15,38,Datasets/TOBRFV-LMID/RGB/Tomato/I/Virus/V_16_RGB_15_38.tiff
train,Tomato\I\Virus,Virus,V_16,16,15,39,Datasets/TOBRFV-LMID/RGB/Tomato/I/Virus/V_16_RGB_15_39.tiff
train,Tomato\I\Virus,Virus,V_16,16,15,4,Datasets/TOBRFV-LMID/RGB/Tomato/I/Virus/V_16_RGB_15_4.tiff
train,Tomato\I\Virus,Virus,V_16,16,15,40,Datasets/TOBRFV-LMID/RGB/Tomato/I/Virus/V_16_RGB_15_40.tiff
train,Tomato\I\Virus,Virus,V_16,16,15,41,Datasets/TOBRFV-LMID/RGB/Tomato/I/Virus/V_16_RGB_15_41.tiff
train,Tomato\I\Virus,Virus,V_16,16,15,42,Datasets/TOBRFV-LMID/RGB/Tomato/I/Virus/V_16_RGB_15_42.tiff
train,Tomato\I\Virus,Virus,V_16,16,15,43,Datasets/TOBRFV-LMID/RGB/Tomato/I/Virus/V_16_RGB_15_43.tiff
train,Tomato\I\Virus,Virus,V_16,16,15,44,Datasets/TOBRFV-LMID/RGB/Tomato/I/Virus/V_16_RGB_15_44.tiff
train,Tomato\I\Virus,Virus,V_16,16,15,45,Datasets/TOBRFV-LMID/RGB/Tomato/I/Virus/V_16_RGB_15_45.tiff
train,Tomato\I\Virus,Virus,V_16,16,15,5,Datasets/TOBRFV-LMID/RGB/Tomato/I/Virus/V_16_RGB_15_5.tiff
train,Tomato\I\Virus,Virus,V_16,16,15,6,Datasets/TOBRFV-LMID/RGB/Tomato/I/Virus/V_16_RGB_15_6.tiff
train,Tomato\I\Virus,Virus,V_16,16,15,7,Datasets/TOBRFV-LMID/RGB/Tomato/I/Virus/V_16_RGB_15_7.tiff
train,Tomato\I\Virus,Virus,V_16,16,15,8,Datasets/TOBRFV-LMID/RGB/Tomato/I/Virus/V_16_RGB_15_8.tiff
train,Tomato\I\Virus,Virus,V_16,16,15,9,Datasets/TOBRFV-LMID/RGB/Tomato/I/Virus/V_16_RGB_15_9.tiff
train,Tomato\I\Virus,Virus,V_19,19,0,1,Datasets/TOBRFV-LMID/RGB/Tomato/I/Virus/V_19_RGB_0_1.tiff
train,Tomato\I\Virus,Virus,V_19,19,0,10,Datasets/TOBRFV-LMID/RGB/Tomato/I/Virus/V_19_RGB_0_10.tiff
train,Tomato\I\Virus,Virus,V_19,19,0,11,Datasets/TOBRFV-LMID/RGB/Tomato/I/Virus/V_19_RGB_0_11.tiff
train,Tomato\I\Virus,Virus,V_19,19,0,12,Datasets/TOBRFV-LMID/RGB/Tomato/I/Virus/V_19_RGB_0_12.tiff
train,Tomato\I\Virus,Virus,V_19,19,0,13,Datasets/TOBRFV-LMID/RGB/Tomato/I/Virus/V_19_RGB_0_13.tiff
train,Tomato\I\Virus,Virus,V_19,19,0,14,Datasets/TOBRFV-LMID/RGB/Tomato/I/Virus/V_19_RGB_0_14.tiff
train,Tomato\I\Virus,Virus,V_19,19,0,18,Datasets/TOBRFV-LMID/RGB/Tomato/I/Virus/V_19_RGB_0_18.tiff
train,Tomato\I\Virus,Virus,V_19,19,0,19,Datasets/TOBRFV-LMID/RGB/Tomato/I/Virus/V_19_RGB_0_19.tiff
train,Tomato\I\Virus,Virus,V_19,19,0,2,Datasets/TOBRFV-LMID/RGB/Tomato/I/Virus/V_19_RGB_0_2.tiff
train,Tomato\I\Virus,Virus,V_19,19,0,20,Datasets/TOBRFV-LMID/RGB/Tomato/I/Virus/V_19_RGB_0_20.tiff
train,Tomato\I\Virus,Virus,V_19,19,0,21,Datasets/TOBRFV-LMID/RGB/Tomato/I/Virus/V_19_RGB_0_21.tiff
train,Tomato\I\Virus,Virus,V_19,19,0,22,Datasets/TOBRFV-LMID/RGB/Tomato/I/Virus/V_19_RGB_0_22.tiff
train,Tomato\I\Virus,Virus,V_19,19,0,23,Datasets/TOBRFV-LMID/RGB/Tomato/I/Virus/V_19_RGB_0_23.tiff
train,Tomato\I\Virus,Virus,V_19,19,0,24,Datasets/TOBRFV-LMID/RGB/Tomato/I/Virus/V_19_RGB_0_24.tiff
train,Tomato\I\Virus,Virus,V_19,19,0,25,Datasets/TOBRFV-LMID/RGB/Tomato/I/Virus/V_19_RGB_0_25.tiff
train,Tomato\I\Virus,Virus,V_19,19,0,26,Datasets/TOBRFV-LMID/RGB/Tomato/I/Virus/V_19_RGB_0_26.tiff
train,Tomato\I\Virus,Virus,V_19,19,0,27,Datasets/TOBRFV-LMID/RGB/Tomato/I/Virus/V_19_RGB_0_27.tiff
train,Tomato\I\Virus,Virus,V_19,19,0,28,Datasets/TOBRFV-LMID/RGB/Tomato/I/Virus/V_19_RGB_0_28.tiff
train,Tomato\I\Virus,Virus,V_19,19,0,29,Datasets/TOBRFV-LMID/RGB/Tomato/I/Virus/V_19_RGB_0_29.tiff
train,Tomato\I\Virus,Virus,V_19,19,0,3,Datasets/TOBRFV-LMID/RGB/Tomato/I/Virus/V_19_RGB_0_3.tiff
train,Tomato\I\Virus,Virus,V_19,19,0,30,Datasets/TOBRFV-LMID/RGB/Tomato/I/Virus/V_19_RGB_0_30.tiff
train,Tomato\I\Virus,Virus,V_19,19,0,31,Datasets/TOBRFV-LMID/RGB/Tomato/I/Virus/V_19_RGB_0_31.tiff
train,Tomato\I\Virus,Virus,V_19,19,0,32,Datasets/TOBRFV-LMID/RGB/Tomato/I/Virus/V_19_RGB_0_32.tiff
train,Tomato\I\Virus,Virus,V_19,19,0,33,Datasets/TOBRFV-LMID/RGB/Tomato/I/Virus/V_19_RGB_0_33.tiff
train,Tomato\I\Virus,Virus,V_19,19,0,34,Datasets/TOBRFV-LMID/RGB/Tomato/I/Virus/V_19_RGB_0_34.tiff
train,Tomato\I\Virus,Virus,V_19,19,0,35,Datasets/TOBRFV-LMID/RGB/Tomato/I/Virus/V_19_RGB_0_35.tiff
train,Tomato\I\Virus,Virus,V_19,19,0,36,Datasets/TOBRFV-LMID/RGB/Tomato/I/Virus/V_19_RGB_0_36.tiff
train,Tomato\I\Virus,Virus,V_19,19,0,37,Datasets/TOBRFV-LMID/RGB/Tomato/I/Virus/V_19_RGB_0_37.tiff
train,Tomato\I\Virus,Virus,V_19,19,0,38,Datasets/TOBRFV-LMID/RGB/Tomato/I/Virus/V_19_RGB_0_38.tiff
train,Tomato\I\Virus,Virus,V_19,19,0,39,Datasets/TOBRFV-LMID/RGB/Tomato/I/Virus/V_19_RGB_0_39.tiff
train,Tomato\I\Virus,Virus,V_19,19,0,40,Datasets/TOBRFV-LMID/RGB/Tomato/I/Virus/V_19_RGB_0_40.tiff
train,Tomato\I\Virus,Virus,V_19,19,0,41,Datasets/TOBRFV-LMID/RGB/Tomato/I/Virus/V_19_RGB_0_41.tiff
train,Tomato\I\Virus,Virus,V_19,19,0,42,Datasets/TOBRFV-LMID/RGB/Tomato/I/Virus/V_19_RGB_0_42.tiff
train,Tomato\I\Virus,Virus,V_19,19,0,43,Datasets/TOBRFV-LMID/RGB/Tomato/I/Virus/V_19_RGB_0_43.tiff
train,Tomato\I\Virus,Virus,V_19,19,0,44,Datasets/TOBRFV-LMID/RGB/Tomato/I/Virus/V_19_RGB_0_44.tiff
train,Tomato\I\Virus,Virus,V_19,19,0,45,Datasets/TOBRFV-LMID/RGB/Tomato/I/Virus/V_19_RGB_0_45.tiff
train,Tomato\I\Virus,Virus,V_19,19,0,5,Datasets/TOBRFV-LMID/RGB/Tomato/I/Virus/V_19_RGB_0_5.tiff
train,Tomato\I\Virus,Virus,V_19,19,0,6,Datasets/TOBRFV-LMID/RGB/Tomato/I/Virus/V_19_RGB_0_6.tiff
train,Tomato\I\Virus,Virus,V_19,19,0,7,Datasets/TOBRFV-LMID/RGB/Tomato/I/Virus/V_19_RGB_0_7.tiff
train,Tomato\I\Virus,Virus,V_19,19,0,8,Datasets/TOBRFV-LMID/RGB/Tomato/I/Virus/V_19_RGB_0_8.tiff
train,Tomato\I\Virus,Virus,V_19,19,0,9,Datasets/TOBRFV-LMID/RGB/Tomato/I/Virus/V_19_RGB_0_9.tiff
train,Tomato\I\Virus,Virus,V_25,25,0,1,Datasets/TOBRFV-LMID/RGB/Tomato/I/Virus/V_25_RGB_0_1.tiff
train,Tomato\I\Virus,Virus,V_25,25,0,10,Datasets/TOBRFV-LMID/RGB/Tomato/I/Virus/V_25_RGB_0_10.tiff
train,Tomato\I\Virus,Virus,V_25,25,0,11,Datasets/TOBRFV-LMID/RGB/Tomato/I/Virus/V_25_RGB_0_11.tiff
train,Tomato\I\Virus,Virus,V_25,25,0,13,Datasets/TOBRFV-LMID/RGB/Tomato/I/Virus/V_25_RGB_0_13.tiff
train,Tomato\I\Virus,Virus,V_25,25,0,14,Datasets/TOBRFV-LMID/RGB/Tomato/I/Virus/V_25_RGB_0_14.tiff
train,Tomato\I\Virus,Virus,V_25,25,0,15,Datasets/TOBRFV-LMID/RGB/Tomato/I/Virus/V_25_RGB_0_15.tiff
train,Tomato\I\Virus,Virus,V_25,25,0,16,Datasets/TOBRFV-LMID/RGB/Tomato/I/Virus/V_25_RGB_0_16.tiff
train,Tomato\I\Virus,Virus,V_25,25,0,17,Datasets/TOBRFV-LMID/RGB/Tomato/I/Virus/V_25_RGB_0_17.tiff
train,Tomato\I\Virus,Virus,V_25,25,0,18,Datasets/TOBRFV-LMID/RGB/Tomato/I/Virus/V_25_RGB_0_18.tiff
train,Tomato\I\Virus,Virus,V_25,25,0,19,Datasets/TOBRFV-LMID/RGB/Tomato/I/Virus/V_25_RGB_0_19.tiff
train,Tomato\I\Virus,Virus,V_25,25,0,2,Datasets/TOBRFV-LMID/RGB/Tomato/I/Virus/V_25_RGB_0_2.tiff
train,Tomato\I\Virus,Virus,V_25,25,0,20,Datasets/TOBRFV-LMID/RGB/Tomato/I/Virus/V_25_RGB_0_20.tiff
train,Tomato\I\Virus,Virus,V_25,25,0,21,Datasets/TOBRFV-LMID/RGB/Tomato/I/Virus/V_25_RGB_0_21.tiff
train,Tomato\I\Virus,Virus,V_25,25,0,22,Datasets/TOBRFV-LMID/RGB/Tomato/I/Virus/V_25_RGB_0_22.tiff
train,Tomato\I\Virus,Virus,V_25,25,0,23,Datasets/TOBRFV-LMID/RGB/Tomato/I/Virus/V_25_RGB_0_23.tiff
train,Tomato\I\Virus,Virus,V_25,25,0,24,Datasets/TOBRFV-LMID/RGB/Tomato/I/Virus/V_25_RGB_0_24.tiff
train,Tomato\I\Virus,Virus,V_25,25,0,25,Datasets/TOBRFV-LMID/RGB/Tomato/I/Virus/V_25_RGB_0_25.tiff
train,Tomato\I\Virus,Virus,V_25,25,0,26,Datasets/TOBRFV-LMID/RGB/Tomato/I/Virus/V_25_RGB_0_26.tiff
train,Tomato\I\Virus,Virus,V_25,25,0,27,Datasets/TOBRFV-LMID/RGB/Tomato/I/Virus/V_25_RGB_0_27.tiff
train,Tomato\I\Virus,Virus,V_25,25,0,28,Datasets/TOBRFV-LMID/RGB/Tomato/I/Virus/V_25_RGB_0_28.tiff
train,Tomato\I\Virus,Virus,V_25,25,0,29,Datasets/TOBRFV-LMID/RGB/Tomato/I/Virus/V_25_RGB_0_29.tiff
train,Tomato\I\Virus,Virus,V_25,25,0,3,Datasets/TOBRFV-LMID/RGB/Tomato/I/Virus/V_25_RGB_0_3.tiff
train,Tomato\I\Virus,Virus,V_25,25,0,30,Datasets/TOBRFV-LMID/RGB/Tomato/I/Virus/V_25_RGB_0_30.tiff
train,Tomato\I\Virus,Virus,V_25,25,0,31,Datasets/TOBRFV-LMID/RGB/Tomato/I/Virus/V_25_RGB_0_31.tiff
train,Tomato\I\Virus,Virus,V_25,25,0,32,Datasets/TOBRFV-LMID/RGB/Tomato/I/Virus/V_25_RGB_0_32.tiff
train,Tomato\I\Virus,Virus,V_25,25,0,33,Datasets/TOBRFV-LMID/RGB/Tomato/I/Virus/V_25_RGB_0_33.tiff
train,Tomato\I\Virus,Virus,V_25,25,0,34,Datasets/TOBRFV-LMID/RGB/Tomato/I/Virus/V_25_RGB_0_34.tiff
train,Tomato\I\Virus,Virus,V_25,25,0,35,Datasets/TOBRFV-LMID/RGB/Tomato/I/Virus/V_25_RGB_0_35.tiff
train,Tomato\I\Virus,Virus,V_25,25,0,36,Datasets/TOBRFV-LMID/RGB/Tomato/I/Virus/V_25_RGB_0_36.tiff
train,Tomato\I\Virus,Virus,V_25,25,0,37,Datasets/TOBRFV-LMID/RGB/Tomato/I/Virus/V_25_RGB_0_37.tiff
train,Tomato\I\Virus,Virus,V_25,25,0,38,Datasets/TOBRFV-LMID/RGB/Tomato/I/Virus/V_25_RGB_0_38.tiff
train,Tomato\I\Virus,Virus,V_25,25,0,39,Datasets/TOBRFV-LMID/RGB/Tomato/I/Virus/V_25_RGB_0_39.tiff
train,Tomato\I\Virus,Virus,V_25,25,0,4,Datasets/TOBRFV-LMID/RGB/Tomato/I/Virus/V_25_RGB_0_4.tiff
train,Tomato\I\Virus,Virus,V_25,25,0,41,Datasets/TOBRFV-LMID/RGB/Tomato/I/Virus/V_25_RGB_0_41.tiff
train,Tomato\I\Virus,Virus,V_25,25,0,42,Datasets/TOBRFV-LMID/RGB/Tomato/I/Virus/V_25_RGB_0_42.tiff
train,Tomato\I\Virus,Virus,V_25,25,0,43,Datasets/TOBRFV-LMID/RGB/Tomato/I/Virus/V_25_RGB_0_43.tiff
train,Tomato\I\Virus,Virus,V_25,25,0,44,Datasets/TOBRFV-LMID/RGB/Tomato/I/Virus/V_25_RGB_0_44.tiff
train,Tomato\I\Virus,Virus,V_25,25,0,45,Datasets/TOBRFV-LMID/RGB/Tomato/I/Virus/V_25_RGB_0_45.tiff
train,Tomato\I\Virus,Virus,V_25,25,0,5,Datasets/TOBRFV-LMID/RGB/Tomato/I/Virus/V_25_RGB_0_5.tiff
train,Tomato\I\Virus,Virus,V_25,25,0,6,Datasets/TOBRFV-LMID/RGB/Tomato/I/Virus/V_25_RGB_0_6.tiff
train,Tomato\I\Virus,Virus,V_25,25,0,7,Datasets/TOBRFV-LMID/RGB/Tomato/I/Virus/V_25_RGB_0_7.tiff
train,Tomato\I\Virus,Virus,V_25,25,0,8,Datasets/TOBRFV-LMID/RGB/Tomato/I/Virus/V_25_RGB_0_8.tiff
train,Tomato\I\Virus,Virus,V_7,7,0,1,Datasets/TOBRFV-LMID/RGB/Tomato/I/Virus/V_7_RGB_0_1.tiff
train,Tomato\I\Virus,Virus,V_7,7,0,11,Datasets/TOBRFV-LMID/RGB/Tomato/I/Virus/V_7_RGB_0_11.tiff
train,Tomato\I\Virus,Virus,V_7,7,0,12,Datasets/TOBRFV-LMID/RGB/Tomato/I/Virus/V_7_RGB_0_12.tiff
train,Tomato\I\Virus,Virus,V_7,7,0,13,Datasets/TOBRFV-LMID/RGB/Tomato/I/Virus/V_7_RGB_0_13.tiff
train,Tomato\I\Virus,Virus,V_7,7,0,14,Datasets/TOBRFV-LMID/RGB/Tomato/I/Virus/V_7_RGB_0_14.tiff
train,Tomato\I\Virus,Virus,V_7,7,0,15,Datasets/TOBRFV-LMID/RGB/Tomato/I/Virus/V_7_RGB_0_15.tiff
train,Tomato\I\Virus,Virus,V_7,7,0,16,Datasets/TOBRFV-LMID/RGB/Tomato/I/Virus/V_7_RGB_0_16.tiff
train,Tomato\I\Virus,Virus,V_7,7,0,17,Datasets/TOBRFV-LMID/RGB/Tomato/I/Virus/V_7_RGB_0_17.tiff
train,Tomato\I\Virus,Virus,V_7,7,0,18,Datasets/TOBRFV-LMID/RGB/Tomato/I/Virus/V_7_RGB_0_18.tiff
train,Tomato\I\Virus,Virus,V_7,7,0,19,Datasets/TOBRFV-LMID/RGB/Tomato/I/Virus/V_7_RGB_0_19.tiff
train,Tomato\I\Virus,Virus,V_7,7,0,2,Datasets/TOBRFV-LMID/RGB/Tomato/I/Virus/V_7_RGB_0_2.tiff
train,Tomato\I\Virus,Virus,V_7,7,0,20,Datasets/TOBRFV-LMID/RGB/Tomato/I/Virus/V_7_RGB_0_20.tiff
train,Tomato\I\Virus,Virus,V_7,7,0,21,Datasets/TOBRFV-LMID/RGB/Tomato/I/Virus/V_7_RGB_0_21.tiff
train,Tomato\I\Virus,Virus,V_7,7,0,22,Datasets/TOBRFV-LMID/RGB/Tomato/I/Virus/V_7_RGB_0_22.tiff
train,Tomato\I\Virus,Virus,V_7,7,0,23,Datasets/TOBRFV-LMID/RGB/Tomato/I/Virus/V_7_RGB_0_23.tiff
train,Tomato\I\Virus,Virus,V_7,7,0,24,Datasets/TOBRFV-LMID/RGB/Tomato/I/Virus/V_7_RGB_0_24.tiff
train,Tomato\I\Virus,Virus,V_7,7,0,25,Datasets/TOBRFV-LMID/RGB/Tomato/I/Virus/V_7_RGB_0_25.tiff
train,Tomato\I\Virus,Virus,V_7,7,0,26,Datasets/TOBRFV-LMID/RGB/Tomato/I/Virus/V_7_RGB_0_26.tiff
train,Tomato\I\Virus,Virus,V_7,7,0,27,Datasets/TOBRFV-LMID/RGB/Tomato/I/Virus/V_7_RGB_0_27.tiff
train,Tomato\I\Virus,Virus,V_7,7,0,28,Datasets/TOBRFV-LMID/RGB/Tomato/I/Virus/V_7_RGB_0_28.tiff
train,Tomato\I\Virus,Virus,V_7,7,0,29,Datasets/TOBRFV-LMID/RGB/Tomato/I/Virus/V_7_RGB_0_29.tiff
train,Tomato\I\Virus,Virus,V_7,7,0,3,Datasets/TOBRFV-LMID/RGB/Tomato/I/Virus/V_7_RGB_0_3.tiff
train,Tomato\I\Virus,Virus,V_7,7,0,30,Datasets/TOBRFV-LMID/RGB/Tomato/I/Virus/V_7_RGB_0_30.tiff
train,Tomato\I\Virus,Virus,V_7,7,0,31,Datasets/TOBRFV-LMID/RGB/Tomato/I/Virus/V_7_RGB_0_31.tiff
train,Tomato\I\Virus,Virus,V_7,7,0,32,Datasets/TOBRFV-LMID/RGB/Tomato/I/Virus/V_7_RGB_0_32.tiff
train,Tomato\I\Virus,Virus,V_7,7,0,33,Datasets/TOBRFV-LMID/RGB/Tomato/I/Virus/V_7_RGB_0_33.tiff
train,Tomato\I\Virus,Virus,V_7,7,0,34,Datasets/TOBRFV-LMID/RGB/Tomato/I/Virus/V_7_RGB_0_34.tiff
train,Tomato\I\Virus,Virus,V_7,7,0,35,Datasets/TOBRFV-LMID/RGB/Tomato/I/Virus/V_7_RGB_0_35.tiff
train,Tomato\I\Virus,Virus,V_7,7,0,36,Datasets/TOBRFV-LMID/RGB/Tomato/I/Virus/V_7_RGB_0_36.tiff
train,Tomato\I\Virus,Virus,V_7,7,0,37,Datasets/TOBRFV-LMID/RGB/Tomato/I/Virus/V_7_RGB_0_37.tiff
train,Tomato\I\Virus,Virus,V_7,7,0,38,Datasets/TOBRFV-LMID/RGB/Tomato/I/Virus/V_7_RGB_0_38.tiff
train,Tomato\I\Virus,Virus,V_7,7,0,39,Datasets/TOBRFV-LMID/RGB/Tomato/I/Virus/V_7_RGB_0_39.tiff
train,Tomato\I\Virus,Virus,V_7,7,0,4,Datasets/TOBRFV-LMID/RGB/Tomato/I/Virus/V_7_RGB_0_4.tiff
train,Tomato\I\Virus,Virus,V_7,7,0,40,Datasets/TOBRFV-LMID/RGB/Tomato/I/Virus/V_7_RGB_0_40.tiff
train,Tomato\I\Virus,Virus,V_7,7,0,41,Datasets/TOBRFV-LMID/RGB/Tomato/I/Virus/V_7_RGB_0_41.tiff
train,Tomato\I\Virus,Virus,V_7,7,0,42,Datasets/TOBRFV-LMID/RGB/Tomato/I/Virus/V_7_RGB_0_42.tiff
train,Tomato\I\Virus,Virus,V_7,7,0,43,Datasets/TOBRFV-LMID/RGB/Tomato/I/Virus/V_7_RGB_0_43.tiff
train,Tomato\I\Virus,Virus,V_7,7,0,44,Datasets/TOBRFV-LMID/RGB/Tomato/I/Virus/V_7_RGB_0_44.tiff
train,Tomato\I\Virus,Virus,V_7,7,0,45,Datasets/TOBRFV-LMID/RGB/Tomato/I/Virus/V_7_RGB_0_45.tiff
train,Tomato\I\Virus,Virus,V_7,7,0,5,Datasets/TOBRFV-LMID/RGB/Tomato/I/Virus/V_7_RGB_0_5.tiff
train,Tomato\I\Virus,Virus,V_7,7,0,7,Datasets/TOBRFV-LMID/RGB/Tomato/I/Virus/V_7_RGB_0_7.tiff
train,Tomato\I\Virus,Virus,V_7,7,0,9,Datasets/TOBRFV-LMID/RGB/Tomato/I/Virus/V_7_RGB_0_9.tiff
train,Tomato\I\Virus,Virus,V_17,17,0,1,Datasets/TOBRFV-LMID/RGB/Tomato/I/Virus/V_17_RGB_0_1.tiff
train,Tomato\I\Virus,Virus,V_17,17,0,10,Datasets/TOBRFV-LMID/RGB/Tomato/I/Virus/V_17_RGB_0_10.tiff
train,Tomato\I\Virus,Virus,V_17,17,0,11,Datasets/TOBRFV-LMID/RGB/Tomato/I/Virus/V_17_RGB_0_11.tiff
train,Tomato\I\Virus,Virus,V_17,17,0,12,Datasets/TOBRFV-LMID/RGB/Tomato/I/Virus/V_17_RGB_0_12.tiff
train,Tomato\I\Virus,Virus,V_17,17,0,13,Datasets/TOBRFV-LMID/RGB/Tomato/I/Virus/V_17_RGB_0_13.tiff
train,Tomato\I\Virus,Virus,V_17,17,0,14,Datasets/TOBRFV-LMID/RGB/Tomato/I/Virus/V_17_RGB_0_14.tiff
train,Tomato\I\Virus,Virus,V_17,17,0,15,Datasets/TOBRFV-LMID/RGB/Tomato/I/Virus/V_17_RGB_0_15.tiff
train,Tomato\I\Virus,Virus,V_17,17,0,16,Datasets/TOBRFV-LMID/RGB/Tomato/I/Virus/V_17_RGB_0_16.tiff
train,Tomato\I\Virus,Virus,V_17,17,0,17,Datasets/TOBRFV-LMID/RGB/Tomato/I/Virus/V_17_RGB_0_17.tiff
train,Tomato\I\Virus,Virus,V_17,17,0,18,Datasets/TOBRFV-LMID/RGB/Tomato/I/Virus/V_17_RGB_0_18.tiff
train,Tomato\I\Virus,Virus,V_17,17,0,19,Datasets/TOBRFV-LMID/RGB/Tomato/I/Virus/V_17_RGB_0_19.tiff
train,Tomato\I\Virus,Virus,V_17,17,0,20,Datasets/TOBRFV-LMID/RGB/Tomato/I/Virus/V_17_RGB_0_20.tiff
train,Tomato\I\Virus,Virus,V_17,17,0,21,Datasets/TOBRFV-LMID/RGB/Tomato/I/Virus/V_17_RGB_0_21.tiff
train,Tomato\I\Virus,Virus,V_17,17,0,22,Datasets/TOBRFV-LMID/RGB/Tomato/I/Virus/V_17_RGB_0_22.tiff
train,Tomato\I\Virus,Virus,V_17,17,0,23,Datasets/TOBRFV-LMID/RGB/Tomato/I/Virus/V_17_RGB_0_23.tiff
train,Tomato\I\Virus,Virus,V_17,17,0,24,Datasets/TOBRFV-LMID/RGB/Tomato/I/Virus/V_17_RGB_0_24.tiff
train,Tomato\I\Virus,Virus,V_17,17,0,25,Datasets/TOBRFV-LMID/RGB/Tomato/I/Virus/V_17_RGB_0_25.tiff
train,Tomato\I\Virus,Virus,V_17,17,0,26,Datasets/TOBRFV-LMID/RGB/Tomato/I/Virus/V_17_RGB_0_26.tiff
train,Tomato\I\Virus,Virus,V_17,17,0,27,Datasets/TOBRFV-LMID/RGB/Tomato/I/Virus/V_17_RGB_0_27.tiff
train,Tomato\I\Virus,Virus,V_17,17,0,28,Datasets/TOBRFV-LMID/RGB/Tomato/I/Virus/V_17_RGB_0_28.tiff
train,Tomato\I\Virus,Virus,V_17,17,0,29,Datasets/TOBRFV-LMID/RGB/Tomato/I/Virus/V_17_RGB_0_29.tiff
train,Tomato\I\Virus,Virus,V_17,17,0,3,Datasets/TOBRFV-LMID/RGB/Tomato/I/Virus/V_17_RGB_0_3.tiff
train,Tomato\I\Virus,Virus,V_17,17,0,30,Datasets/TOBRFV-LMID/RGB/Tomato/I/Virus/V_17_RGB_0_30.tiff
train,Tomato\I\Virus,Virus,V_17,17,0,31,Datasets/TOBRFV-LMID/RGB/Tomato/I/Virus/V_17_RGB_0_31.tiff
train,Tomato\I\Virus,Virus,V_17,17,0,32,Datasets/TOBRFV-LMID/RGB/Tomato/I/Virus/V_17_RGB_0_32.tiff
train,Tomato\I\Virus,Virus,V_17,17,0,33,Datasets/TOBRFV-LMID/RGB/Tomato/I/Virus/V_17_RGB_0_33.tiff
train,Tomato\I\Virus,Virus,V_17,17,0,34,Datasets/TOBRFV-LMID/RGB/Tomato/I/Virus/V_17_RGB_0_34.tiff
train,Tomato\I\Virus,Virus,V_17,17,0,35,Datasets/TOBRFV-LMID/RGB/Tomato/I/Virus/V_17_RGB_0_35.tiff
train,Tomato\I\Virus,Virus,V_17,17,0,36,Datasets/TOBRFV-LMID/RGB/Tomato/I/Virus/V_17_RGB_0_36.tiff
train,Tomato\I\Virus,Virus,V_17,17,0,4,Datasets/TOBRFV-LMID/RGB/Tomato/I/Virus/V_17_RGB_0_4.tiff
train,Tomato\I\Virus,Virus,V_17,17,0,40,Datasets/TOBRFV-LMID/RGB/Tomato/I/Virus/V_17_RGB_0_40.tiff
train,Tomato\I\Virus,Virus,V_17,17,0,42,Datasets/TOBRFV-LMID/RGB/Tomato/I/Virus/V_17_RGB_0_42.tiff
train,Tomato\I\Virus,Virus,V_17,17,0,43,Datasets/TOBRFV-LMID/RGB/Tomato/I/Virus/V_17_RGB_0_43.tiff
train,Tomato\I\Virus,Virus,V_17,17,0,44,Datasets/TOBRFV-LMID/RGB/Tomato/I/Virus/V_17_RGB_0_44.tiff
train,Tomato\I\Virus,Virus,V_17,17,0,5,Datasets/TOBRFV-LMID/RGB/Tomato/I/Virus/V_17_RGB_0_5.tiff
train,Tomato\I\Virus,Virus,V_17,17,0,9,Datasets/TOBRFV-LMID/RGB/Tomato/I/Virus/V_17_RGB_0_9.tiff
train,Tomato\I\Virus,Virus,V_13,13,0,1,Datasets/TOBRFV-LMID/RGB/Tomato/I/Virus/V_13_RGB_0_1.tiff
train,Tomato\I\Virus,Virus,V_13,13,0,10,Datasets/TOBRFV-LMID/RGB/Tomato/I/Virus/V_13_RGB_0_10.tiff
train,Tomato\I\Virus,Virus,V_13,13,0,11,Datasets/TOBRFV-LMID/RGB/Tomato/I/Virus/V_13_RGB_0_11.tiff
train,Tomato\I\Virus,Virus,V_13,13,0,12,Datasets/TOBRFV-LMID/RGB/Tomato/I/Virus/V_13_RGB_0_12.tiff
train,Tomato\I\Virus,Virus,V_13,13,0,13,Datasets/TOBRFV-LMID/RGB/Tomato/I/Virus/V_13_RGB_0_13.tiff
train,Tomato\I\Virus,Virus,V_13,13,0,14,Datasets/TOBRFV-LMID/RGB/Tomato/I/Virus/V_13_RGB_0_14.tiff
train,Tomato\I\Virus,Virus,V_13,13,0,15,Datasets/TOBRFV-LMID/RGB/Tomato/I/Virus/V_13_RGB_0_15.tiff
train,Tomato\I\Virus,Virus,V_13,13,0,16,Datasets/TOBRFV-LMID/RGB/Tomato/I/Virus/V_13_RGB_0_16.tiff
train,Tomato\I\Virus,Virus,V_13,13,0,17,Datasets/TOBRFV-LMID/RGB/Tomato/I/Virus/V_13_RGB_0_17.tiff
train,Tomato\I\Virus,Virus,V_13,13,0,18,Datasets/TOBRFV-LMID/RGB/Tomato/I/Virus/V_13_RGB_0_18.tiff
train,Tomato\I\Virus,Virus,V_13,13,0,19,Datasets/TOBRFV-LMID/RGB/Tomato/I/Virus/V_13_RGB_0_19.tiff
train,Tomato\I\Virus,Virus,V_13,13,0,2,Datasets/TOBRFV-LMID/RGB/Tomato/I/Virus/V_13_RGB_0_2.tiff
train,Tomato\I\Virus,Virus,V_13,13,0,20,Datasets/TOBRFV-LMID/RGB/Tomato/I/Virus/V_13_RGB_0_20.tiff
train,Tomato\I\Virus,Virus,V_13,13,0,21,Datasets/TOBRFV-LMID/RGB/Tomato/I/Virus/V_13_RGB_0_21.tiff
train,Tomato\I\Virus,Virus,V_13,13,0,22,Datasets/TOBRFV-LMID/RGB/Tomato/I/Virus/V_13_RGB_0_22.tiff
train,Tomato\I\Virus,Virus,V_13,13,0,23,Datasets/TOBRFV-LMID/RGB/Tomato/I/Virus/V_13_RGB_0_23.tiff
train,Tomato\I\Virus,Virus,V_13,13,0,24,Datasets/TOBRFV-LMID/RGB/Tomato/I/Virus/V_13_RGB_0_24.tiff
train,Tomato\I\Virus,Virus,V_13,13,0,25,Datasets/TOBRFV-LMID/RGB/Tomato/I/Virus/V_13_RGB_0_25.tiff
train,Tomato\I\Virus,Virus,V_13,13,0,26,Datasets/TOBRFV-LMID/RGB/Tomato/I/Virus/V_13_RGB_0_26.tiff
train,Tomato\I\Virus,Virus,V_13,13,0,27,Datasets/TOBRFV-LMID/RGB/Tomato/I/Virus/V_13_RGB_0_27.tiff
train,Tomato\I\Virus,Virus,V_13,13,0,28,Datasets/TOBRFV-LMID/RGB/Tomato/I/Virus/V_13_RGB_0_28.tiff
train,Tomato\I\Virus,Virus,V_13,13,0,29,Datasets/TOBRFV-LMID/RGB/Tomato/I/Virus/V_13_RGB_0_29.tiff
train,Tomato\I\Virus,Virus,V_13,13,0,3,Datasets/TOBRFV-LMID/RGB/Tomato/I/Virus/V_13_RGB_0_3.tiff
train,Tomato\I\Virus,Virus,V_13,13,0,30,Datasets/TOBRFV-LMID/RGB/Tomato/I/Virus/V_13_RGB_0_30.tiff
train,Tomato\I\Virus,Virus,V_13,13,0,31,Datasets/TOBRFV-LMID/RGB/Tomato/I/Virus/V_13_RGB_0_31.tiff
train,Tomato\I\Virus,Virus,V_13,13,0,32,Datasets/TOBRFV-LMID/RGB/Tomato/I/Virus/V_13_RGB_0_32.tiff
train,Tomato\I\Virus,Virus,V_13,13,0,33,Datasets/TOBRFV-LMID/RGB/Tomato/I/Virus/V_13_RGB_0_33.tiff
train,Tomato\I\Virus,Virus,V_13,13,0,34,Datasets/TOBRFV-LMID/RGB/Tomato/I/Virus/V_13_RGB_0_34.tiff
train,Tomato\I\Virus,Virus,V_13,13,0,35,Datasets/TOBRFV-LMID/RGB/Tomato/I/Virus/V_13_RGB_0_35.tiff
train,Tomato\I\Virus,Virus,V_13,13,0,36,Datasets/TOBRFV-LMID/RGB/Tomato/I/Virus/V_13_RGB_0_36.tiff
train,Tomato\I\Virus,Virus,V_13,13,0,37,Datasets/TOBRFV-LMID/RGB/Tomato/I/Virus/V_13_RGB_0_37.tiff
train,Tomato\I\Virus,Virus,V_13,13,0,38,Datasets/TOBRFV-LMID/RGB/Tomato/I/Virus/V_13_RGB_0_38.tiff
train,Tomato\I\Virus,Virus,V_13,13,0,39,Datasets/TOBRFV-LMID/RGB/Tomato/I/Virus/V_13_RGB_0_39.tiff
train,Tomato\I\Virus,Virus,V_13,13,0,4,Datasets/TOBRFV-LMID/RGB/Tomato/I/Virus/V_13_RGB_0_4.tiff
train,Tomato\I\Virus,Virus,V_13,13,0,40,Datasets/TOBRFV-LMID/RGB/Tomato/I/Virus/V_13_RGB_0_40.tiff
train,Tomato\I\Virus,Virus,V_13,13,0,41,Datasets/TOBRFV-LMID/RGB/Tomato/I/Virus/V_13_RGB_0_41.tiff
train,Tomato\I\Virus,Virus,V_13,13,0,42,Datasets/TOBRFV-LMID/RGB/Tomato/I/Virus/V_13_RGB_0_42.tiff
train,Tomato\I\Virus,Virus,V_13,13,0,43,Datasets/TOBRFV-LMID/RGB/Tomato/I/Virus/V_13_RGB_0_43.tiff
train,Tomato\I\Virus,Virus,V_13,13,0,44,Datasets/TOBRFV-LMID/RGB/Tomato/I/Virus/V_13_RGB_0_44.tiff
train,Tomato\I\Virus,Virus,V_13,13,0,45,Datasets/TOBRFV-LMID/RGB/Tomato/I/Virus/V_13_RGB_0_45.tiff
train,Tomato\I\Virus,Virus,V_13,13,0,5,Datasets/TOBRFV-LMID/RGB/Tomato/I/Virus/V_13_RGB_0_5.tiff
train,Tomato\I\Virus,Virus,V_13,13,0,7,Datasets/TOBRFV-LMID/RGB/Tomato/I/Virus/V_13_RGB_0_7.tiff
train,Tomato\I\Virus,Virus,V_13,13,0,8,Datasets/TOBRFV-LMID/RGB/Tomato/I/Virus/V_13_RGB_0_8.tiff
train,Tomato\I\Virus,Virus,V_13,13,0,9,Datasets/TOBRFV-LMID/RGB/Tomato/I/Virus/V_13_RGB_0_9.tiff
train,Tomato\I\Virus,Virus,V_8,8,0,1,Datasets/TOBRFV-LMID/RGB/Tomato/I/Virus/V_8_RGB_0_1.tiff
train,Tomato\I\Virus,Virus,V_8,8,0,11,Datasets/TOBRFV-LMID/RGB/Tomato/I/Virus/V_8_RGB_0_11.tiff
train,Tomato\I\Virus,Virus,V_8,8,0,12,Datasets/TOBRFV-LMID/RGB/Tomato/I/Virus/V_8_RGB_0_12.tiff
train,Tomato\I\Virus,Virus,V_8,8,0,13,Datasets/TOBRFV-LMID/RGB/Tomato/I/Virus/V_8_RGB_0_13.tiff
train,Tomato\I\Virus,Virus,V_8,8,0,14,Datasets/TOBRFV-LMID/RGB/Tomato/I/Virus/V_8_RGB_0_14.tiff
train,Tomato\I\Virus,Virus,V_8,8,0,15,Datasets/TOBRFV-LMID/RGB/Tomato/I/Virus/V_8_RGB_0_15.tiff
train,Tomato\I\Virus,Virus,V_8,8,0,16,Datasets/TOBRFV-LMID/RGB/Tomato/I/Virus/V_8_RGB_0_16.tiff
train,Tomato\I\Virus,Virus,V_8,8,0,17,Datasets/TOBRFV-LMID/RGB/Tomato/I/Virus/V_8_RGB_0_17.tiff
train,Tomato\I\Virus,Virus,V_8,8,0,18,Datasets/TOBRFV-LMID/RGB/Tomato/I/Virus/V_8_RGB_0_18.tiff
train,Tomato\I\Virus,Virus,V_8,8,0,19,Datasets/TOBRFV-LMID/RGB/Tomato/I/Virus/V_8_RGB_0_19.tiff
train,Tomato\I\Virus,Virus,V_8,8,0,2,Datasets/TOBRFV-LMID/RGB/Tomato/I/Virus/V_8_RGB_0_2.tiff
train,Tomato\I\Virus,Virus,V_8,8,0,20,Datasets/TOBRFV-LMID/RGB/Tomato/I/Virus/V_8_RGB_0_20.tiff
train,Tomato\I\Virus,Virus,V_8,8,0,21,Datasets/TOBRFV-LMID/RGB/Tomato/I/Virus/V_8_RGB_0_21.tiff
train,Tomato\I\Virus,Virus,V_8,8,0,22,Datasets/TOBRFV-LMID/RGB/Tomato/I/Virus/V_8_RGB_0_22.tiff
train,Tomato\I\Virus,Virus,V_8,8,0,23,Datasets/TOBRFV-LMID/RGB/Tomato/I/Virus/V_8_RGB_0_23.tiff
train,Tomato\I\Virus,Virus,V_8,8,0,25,Datasets/TOBRFV-LMID/RGB/Tomato/I/Virus/V_8_RGB_0_25.tiff
train,Tomato\I\Virus,Virus,V_8,8,0,26,Datasets/TOBRFV-LMID/RGB/Tomato/I/Virus/V_8_RGB_0_26.tiff
train,Tomato\I\Virus,Virus,V_8,8,0,27,Datasets/TOBRFV-LMID/RGB/Tomato/I/Virus/V_8_RGB_0_27.tiff
train,Tomato\I\Virus,Virus,V_8,8,0,28,Datasets/TOBRFV-LMID/RGB/Tomato/I/Virus/V_8_RGB_0_28.tiff
train,Tomato\I\Virus,Virus,V_8,8,0,29,Datasets/TOBRFV-LMID/RGB/Tomato/I/Virus/V_8_RGB_0_29.tiff
train,Tomato\I\Virus,Virus,V_8,8,0,3,Datasets/TOBRFV-LMID/RGB/Tomato/I/Virus/V_8_RGB_0_3.tiff
train,Tomato\I\Virus,Virus,V_8,8,0,30,Datasets/TOBRFV-LMID/RGB/Tomato/I/Virus/V_8_RGB_0_30.tiff
train,Tomato\I\Virus,Virus,V_8,8,0,31,Datasets/TOBRFV-LMID/RGB/Tomato/I/Virus/V_8_RGB_0_31.tiff
train,Tomato\I\Virus,Virus,V_8,8,0,32,Datasets/TOBRFV-LMID/RGB/Tomato/I/Virus/V_8_RGB_0_32.tiff
train,Tomato\I\Virus,Virus,V_8,8,0,33,Datasets/TOBRFV-LMID/RGB/Tomato/I/Virus/V_8_RGB_0_33.tiff
train,Tomato\I\Virus,Virus,V_8,8,0,34,Datasets/TOBRFV-LMID/RGB/Tomato/I/Virus/V_8_RGB_0_34.tiff
train,Tomato\I\Virus,Virus,V_8,8,0,35,Datasets/TOBRFV-LMID/RGB/Tomato/I/Virus/V_8_RGB_0_35.tiff
train,Tomato\I\Virus,Virus,V_8,8,0,36,Datasets/TOBRFV-LMID/RGB/Tomato/I/Virus/V_8_RGB_0_36.tiff
train,Tomato\I\Virus,Virus,V_8,8,0,37,Datasets/TOBRFV-LMID/RGB/Tomato/I/Virus/V_8_RGB_0_37.tiff
train,Tomato\I\Virus,Virus,V_8,8,0,38,Datasets/TOBRFV-LMID/RGB/Tomato/I/Virus/V_8_RGB_0_38.tiff
train,Tomato\I\Virus,Virus,V_8,8,0,39,Datasets/TOBRFV-LMID/RGB/Tomato/I/Virus/V_8_RGB_0_39.tiff
train,Tomato\I\Virus,Virus,V_8,8,0,4,Datasets/TOBRFV-LMID/RGB/Tomato/I/Virus/V_8_RGB_0_4.tiff
train,Tomato\I\Virus,Virus,V_8,8,0,40,Datasets/TOBRFV-LMID/RGB/Tomato/I/Virus/V_8_RGB_0_40.tiff
train,Tomato\I\Virus,Virus,V_8,8,0,41,Datasets/TOBRFV-LMID/RGB/Tomato/I/Virus/V_8_RGB_0_41.tiff
train,Tomato\I\Virus,Virus,V_8,8,0,42,Datasets/TOBRFV-LMID/RGB/Tomato/I/Virus/V_8_RGB_0_42.tiff
train,Tomato\I\Virus,Virus,V_8,8,0,43,Datasets/TOBRFV-LMID/RGB/Tomato/I/Virus/V_8_RGB_0_43.tiff
train,Tomato\I\Virus,Virus,V_8,8,0,44,Datasets/TOBRFV-LMID/RGB/Tomato/I/Virus/V_8_RGB_0_44.tiff
train,Tomato\I\Virus,Virus,V_8,8,0,45,Datasets/TOBRFV-LMID/RGB/Tomato/I/Virus/V_8_RGB_0_45.tiff
train,Tomato\I\Virus,Virus,V_8,8,0,5,Datasets/TOBRFV-LMID/RGB/Tomato/I/Virus/V_8_RGB_0_5.tiff
train,Tomato\I\Virus,Virus,V_8,8,0,6,Datasets/TOBRFV-LMID/RGB/Tomato/I/Virus/V_8_RGB_0_6.tiff
train,Tomato\I\Virus,Virus,V_8,8,0,9,Datasets/TOBRFV-LMID/RGB/Tomato/I/Virus/V_8_RGB_0_9.tiff
train,Tomato\I\Virus,Virus,V_8,8,5,1,Datasets/TOBRFV-LMID/RGB/Tomato/I/Virus/V_8_RGB_5_1.tiff
train,Tomato\I\Virus,Virus,V_8,8,5,12,Datasets/TOBRFV-LMID/RGB/Tomato/I/Virus/V_8_RGB_5_12.tiff
train,Tomato\I\Virus,Virus,V_8,8,5,15,Datasets/TOBRFV-LMID/RGB/Tomato/I/Virus/V_8_RGB_5_15.tiff
train,Tomato\I\Virus,Virus,V_8,8,5,16,Datasets/TOBRFV-LMID/RGB/Tomato/I/Virus/V_8_RGB_5_16.tiff
train,Tomato\I\Virus,Virus,V_8,8,5,18,Datasets/TOBRFV-LMID/RGB/Tomato/I/Virus/V_8_RGB_5_18.tiff
train,Tomato\I\Virus,Virus,V_8,8,5,19,Datasets/TOBRFV-LMID/RGB/Tomato/I/Virus/V_8_RGB_5_19.tiff
train,Tomato\I\Virus,Virus,V_8,8,5,2,Datasets/TOBRFV-LMID/RGB/Tomato/I/Virus/V_8_RGB_5_2.tiff
train,Tomato\I\Virus,Virus,V_8,8,5,20,Datasets/TOBRFV-LMID/RGB/Tomato/I/Virus/V_8_RGB_5_20.tiff
train,Tomato\I\Virus,Virus,V_8,8,5,25,Datasets/TOBRFV-LMID/RGB/Tomato/I/Virus/V_8_RGB_5_25.tiff
train,Tomato\I\Virus,Virus,V_8,8,5,26,Datasets/TOBRFV-LMID/RGB/Tomato/I/Virus/V_8_RGB_5_26.tiff
train,Tomato\I\Virus,Virus,V_8,8,5,27,Datasets/TOBRFV-LMID/RGB/Tomato/I/Virus/V_8_RGB_5_27.tiff
train,Tomato\I\Virus,Virus,V_8,8,5,28,Datasets/TOBRFV-LMID/RGB/Tomato/I/Virus/V_8_RGB_5_28.tiff
train,Tomato\I\Virus,Virus,V_8,8,5,30,Datasets/TOBRFV-LMID/RGB/Tomato/I/Virus/V_8_RGB_5_30.tiff
train,Tomato\I\Virus,Virus,V_8,8,5,31,Datasets/TOBRFV-LMID/RGB/Tomato/I/Virus/V_8_RGB_5_31.tiff
train,Tomato\I\Virus,Virus,V_8,8,5,32,Datasets/TOBRFV-LMID/RGB/Tomato/I/Virus/V_8_RGB_5_32.tiff
train,Tomato\I\Virus,Virus,V_8,8,5,33,Datasets/TOBRFV-LMID/RGB/Tomato/I/Virus/V_8_RGB_5_33.tiff
train,Tomato\I\Virus,Virus,V_8,8,5,34,Datasets/TOBRFV-LMID/RGB/Tomato/I/Virus/V_8_RGB_5_34.tiff
train,Tomato\I\Virus,Virus,V_8,8,5,35,Datasets/TOBRFV-LMID/RGB/Tomato/I/Virus/V_8_RGB_5_35.tiff
train,Tomato\I\Virus,Virus,V_8,8,5,36,Datasets/TOBRFV-LMID/RGB/Tomato/I/Virus/V_8_RGB_5_36.tiff
train,Tomato\I\Virus,Virus,V_8,8,5,37,Datasets/TOBRFV-LMID/RGB/Tomato/I/Virus/V_8_RGB_5_37.tiff
train,Tomato\I\Virus,Virus,V_8,8,5,38,Datasets/TOBRFV-LMID/RGB/Tomato/I/Virus/V_8_RGB_5_38.tiff
train,Tomato\I\Virus,Virus,V_8,8,5,39,Datasets/TOBRFV-LMID/RGB/Tomato/I/Virus/V_8_RGB_5_39.tiff
train,Tomato\I\Virus,Virus,V_8,8,5,40,Datasets/TOBRFV-LMID/RGB/Tomato/I/Virus/V_8_RGB_5_40.tiff
train,Tomato\I\Virus,Virus,V_8,8,5,41,Datasets/TOBRFV-LMID/RGB/Tomato/I/Virus/V_8_RGB_5_41.tiff
train,Tomato\I\Virus,Virus,V_8,8,5,42,Datasets/TOBRFV-LMID/RGB/Tomato/I/Virus/V_8_RGB_5_42.tiff
train,Tomato\I\Virus,Virus,V_8,8,5,43,Datasets/TOBRFV-LMID/RGB/Tomato/I/Virus/V_8_RGB_5_43.tiff
train,Tomato\I\Virus,Virus,V_8,8,5,44,Datasets/TOBRFV-LMID/RGB/Tomato/I/Virus/V_8_RGB_5_44.tiff
train,Tomato\I\Virus,Virus,V_8,8,5,45,Datasets/TOBRFV-LMID/RGB/Tomato/I/Virus/V_8_RGB_5_45.tiff
train,Tomato\I\Virus,Virus,V_8,8,5,5,Datasets/TOBRFV-LMID/RGB/Tomato/I/Virus/V_8_RGB_5_5.tiff
train,Tomato\I\Virus,Virus,V_8,8,5,9,Datasets/TOBRFV-LMID/RGB/Tomato/I/Virus/V_8_RGB_5_9.tiff
train,Tomato\I\Virus,Virus,V_6,6,0,10,Datasets/TOBRFV-LMID/RGB/Tomato/I/Virus/V_6_RGB_0_10.tiff
train,Tomato\I\Virus,Virus,V_6,6,0,11,Datasets/TOBRFV-LMID/RGB/Tomato/I/Virus/V_6_RGB_0_11.tiff
train,Tomato\I\Virus,Virus,V_6,6,0,12,Datasets/TOBRFV-LMID/RGB/Tomato/I/Virus/V_6_RGB_0_12.tiff
train,Tomato\I\Virus,Virus,V_6,6,0,13,Datasets/TOBRFV-LMID/RGB/Tomato/I/Virus/V_6_RGB_0_13.tiff
train,Tomato\I\Virus,Virus,V_6,6,0,14,Datasets/TOBRFV-LMID/RGB/Tomato/I/Virus/V_6_RGB_0_14.tiff
train,Tomato\I\Virus,Virus,V_6,6,0,15,Datasets/TOBRFV-LMID/RGB/Tomato/I/Virus/V_6_RGB_0_15.tiff
train,Tomato\I\Virus,Virus,V_6,6,0,19,Datasets/TOBRFV-LMID/RGB/Tomato/I/Virus/V_6_RGB_0_19.tiff
train,Tomato\I\Virus,Virus,V_6,6,0,2,Datasets/TOBRFV-LMID/RGB/Tomato/I/Virus/V_6_RGB_0_2.tiff
train,Tomato\I\Virus,Virus,V_6,6,0,20,Datasets/TOBRFV-LMID/RGB/Tomato/I/Virus/V_6_RGB_0_20.tiff
train,Tomato\I\Virus,Virus,V_6,6,0,21,Datasets/TOBRFV-LMID/RGB/Tomato/I/Virus/V_6_RGB_0_21.tiff
train,Tomato\I\Virus,Virus,V_6,6,0,22,Datasets/TOBRFV-LMID/RGB/Tomato/I/Virus/V_6_RGB_0_22.tiff
train,Tomato\I\Virus,Virus,V_6,6,0,24,Datasets/TOBRFV-LMID/RGB/Tomato/I/Virus/V_6_RGB_0_24.tiff
train,Tomato\I\Virus,Virus,V_6,6,0,25,Datasets/TOBRFV-LMID/RGB/Tomato/I/Virus/V_6_RGB_0_25.tiff
train,Tomato\I\Virus,Virus,V_6,6,0,26,Datasets/TOBRFV-LMID/RGB/Tomato/I/Virus/V_6_RGB_0_26.tiff
train,Tomato\I\Virus,Virus,V_6,6,0,27,Datasets/TOBRFV-LMID/RGB/Tomato/I/Virus/V_6_RGB_0_27.tiff
train,Tomato\I\Virus,Virus,V_6,6,0,28,Datasets/TOBRFV-LMID/RGB/Tomato/I/Virus/V_6_RGB_0_28.tiff
train,Tomato\I\Virus,Virus,V_6,6,0,29,Datasets/TOBRFV-LMID/RGB/Tomato/I/Virus/V_6_RGB_0_29.tiff
train,Tomato\I\Virus,Virus,V_6,6,0,3,Datasets/TOBRFV-LMID/RGB/Tomato/I/Virus/V_6_RGB_0_3.tiff
train,Tomato\I\Virus,Virus,V_6,6,0,30,Datasets/TOBRFV-LMID/RGB/Tomato/I/Virus/V_6_RGB_0_30.tiff
train,Tomato\I\Virus,Virus,V_6,6,0,31,Datasets/TOBRFV-LMID/RGB/Tomato/I/Virus/V_6_RGB_0_31.tiff
train,Tomato\I\Virus,Virus,V_6,6,0,32,Datasets/TOBRFV-LMID/RGB/Tomato/I/Virus/V_6_RGB_0_32.tiff
train,Tomato\I\Virus,Virus,V_6,6,0,36,Datasets/TOBRFV-LMID/RGB/Tomato/I/Virus/V_6_RGB_0_36.tiff
train,Tomato\I\Virus,Virus,V_6,6,0,37,Datasets/TOBRFV-LMID/RGB/Tomato/I/Virus/V_6_RGB_0_37.tiff
train,Tomato\I\Virus,Virus,V_6,6,0,38,Datasets/TOBRFV-LMID/RGB/Tomato/I/Virus/V_6_RGB_0_38.tiff
train,Tomato\I\Virus,Virus,V_6,6,0,4,Datasets/TOBRFV-LMID/RGB/Tomato/I/Virus/V_6_RGB_0_4.tiff
train,Tomato\I\Virus,Virus,V_6,6,0,42,Datasets/TOBRFV-LMID/RGB/Tomato/I/Virus/V_6_RGB_0_42.tiff
train,Tomato\I\Virus,Virus,V_6,6,0,43,Datasets/TOBRFV-LMID/RGB/Tomato/I/Virus/V_6_RGB_0_43.tiff
train,Tomato\I\Virus,Virus,V_6,6,0,44,Datasets/TOBRFV-LMID/RGB/Tomato/I/Virus/V_6_RGB_0_44.tiff
train,Tomato\I\Virus,Virus,V_6,6,0,45,Datasets/TOBRFV-LMID/RGB/Tomato/I/Virus/V_6_RGB_0_45.tiff
train,Tomato\I\Virus,Virus,V_6,6,0,5,Datasets/TOBRFV-LMID/RGB/Tomato/I/Virus/V_6_RGB_0_5.tiff
train,Tomato\I\Virus,Virus,V_6,6,0,6,Datasets/TOBRFV-LMID/RGB/Tomato/I/Virus/V_6_RGB_0_6.tiff
train,Tomato\I\Virus,Virus,V_6,6,0,7,Datasets/TOBRFV-LMID/RGB/Tomato/I/Virus/V_6_RGB_0_7.tiff
train,Tomato\I\Virus,Virus,V_6,6,0,8,Datasets/TOBRFV-LMID/RGB/Tomato/I/Virus/V_6_RGB_0_8.tiff
train,Tomato\I\Virus,Virus,V_6,6,0,9,Datasets/TOBRFV-LMID/RGB/Tomato/I/Virus/V_6_RGB_0_9.tiff
train,Tomato\I\Virus,Virus,V_6,6,5,1,Datasets/TOBRFV-LMID/RGB/Tomato/I/Virus/V_6_RGB_5_1.tiff
train,Tomato\I\Virus,Virus,V_6,6,5,10,Datasets/TOBRFV-LMID/RGB/Tomato/I/Virus/V_6_RGB_5_10.tiff
train,Tomato\I\Virus,Virus,V_6,6,5,11,Datasets/TOBRFV-LMID/RGB/Tomato/I/Virus/V_6_RGB_5_11.tiff
train,Tomato\I\Virus,Virus,V_6,6,5,12,Datasets/TOBRFV-LMID/RGB/Tomato/I/Virus/V_6_RGB_5_12.tiff
train,Tomato\I\Virus,Virus,V_6,6,5,13,Datasets/TOBRFV-LMID/RGB/Tomato/I/Virus/V_6_RGB_5_13.tiff
train,Tomato\I\Virus,Virus,V_6,6,5,14,Datasets/TOBRFV-LMID/RGB/Tomato/I/Virus/V_6_RGB_5_14.tiff
train,Tomato\I\Virus,Virus,V_6,6,5,16,Datasets/TOBRFV-LMID/RGB/Tomato/I/Virus/V_6_RGB_5_16.tiff
train,Tomato\I\Virus,Virus,V_6,6,5,18,Datasets/TOBRFV-LMID/RGB/Tomato/I/Virus/V_6_RGB_5_18.tiff
train,Tomato\I\Virus,Virus,V_6,6,5,19,Datasets/TOBRFV-LMID/RGB/Tomato/I/Virus/V_6_RGB_5_19.tiff
train,Tomato\I\Virus,Virus,V_6,6,5,20,Datasets/TOBRFV-LMID/RGB/Tomato/I/Virus/V_6_RGB_5_20.tiff
train,Tomato\I\Virus,Virus,V_6,6,5,21,Datasets/TOBRFV-LMID/RGB/Tomato/I/Virus/V_6_RGB_5_21.tiff
train,Tomato\I\Virus,Virus,V_6,6,5,24,Datasets/TOBRFV-LMID/RGB/Tomato/I/Virus/V_6_RGB_5_24.tiff
train,Tomato\I\Virus,Virus,V_6,6,5,27,Datasets/TOBRFV-LMID/RGB/Tomato/I/Virus/V_6_RGB_5_27.tiff
train,Tomato\I\Virus,Virus,V_6,6,5,28,Datasets/TOBRFV-LMID/RGB/Tomato/I/Virus/V_6_RGB_5_28.tiff
train,Tomato\I\Virus,Virus,V_6,6,5,29,Datasets/TOBRFV-LMID/RGB/Tomato/I/Virus/V_6_RGB_5_29.tiff
train,Tomato\I\Virus,Virus,V_6,6,5,3,Datasets/TOBRFV-LMID/RGB/Tomato/I/Virus/V_6_RGB_5_3.tiff
train,Tomato\I\Virus,Virus,V_6,6,5,30,Datasets/TOBRFV-LMID/RGB/Tomato/I/Virus/V_6_RGB_5_30.tiff
train,Tomato\I\Virus,Virus,V_6,6,5,31,Datasets/TOBRFV-LMID/RGB/Tomato/I/Virus/V_6_RGB_5_31.tiff
train,Tomato\I\Virus,Virus,V_6,6,5,32,Datasets/TOBRFV-LMID/RGB/Tomato/I/Virus/V_6_RGB_5_32.tiff
train,Tomato\I\Virus,Virus,V_6,6,5,33,Datasets/TOBRFV-LMID/RGB/Tomato/I/Virus/V_6_RGB_5_33.tiff
train,Tomato\I\Virus,Virus,V_6,6,5,34,Datasets/TOBRFV-LMID/RGB/Tomato/I/Virus/V_6_RGB_5_34.tiff
train,Tomato\I\Virus,Virus,V_6,6,5,35,Datasets/TOBRFV-LMID/RGB/Tomato/I/Virus/V_6_RGB_5_35.tiff
train,Tomato\I\Virus,Virus,V_6,6,5,37,Datasets/TOBRFV-LMID/RGB/Tomato/I/Virus/V_6_RGB_5_37.tiff
train,Tomato\I\Virus,Virus,V_6,6,5,38,Datasets/TOBRFV-LMID/RGB/Tomato/I/Virus/V_6_RGB_5_38.tiff
train,Tomato\I\Virus,Virus,V_6,6,5,39,Datasets/TOBRFV-LMID/RGB/Tomato/I/Virus/V_6_RGB_5_39.tiff
train,Tomato\I\Virus,Virus,V_6,6,5,40,Datasets/TOBRFV-LMID/RGB/Tomato/I/Virus/V_6_RGB_5_40.tiff
train,Tomato\I\Virus,Virus,V_6,6,5,41,Datasets/TOBRFV-LMID/RGB/Tomato/I/Virus/V_6_RGB_5_41.tiff
train,Tomato\I\Virus,Virus,V_6,6,5,42,Datasets/TOBRFV-LMID/RGB/Tomato/I/Virus/V_6_RGB_5_42.tiff
train,Tomato\I\Virus,Virus,V_6,6,5,43,Datasets/TOBRFV-LMID/RGB/Tomato/I/Virus/V_6_RGB_5_43.tiff
train,Tomato\I\Virus,Virus,V_6,6,5,44,Datasets/TOBRFV-LMID/RGB/Tomato/I/Virus/V_6_RGB_5_44.tiff
train,Tomato\I\Virus,Virus,V_6,6,5,45,Datasets/TOBRFV-LMID/RGB/Tomato/I/Virus/V_6_RGB_5_45.tiff
train,Tomato\I\Virus,Virus,V_6,6,5,5,Datasets/TOBRFV-LMID/RGB/Tomato/I/Virus/V_6_RGB_5_5.tiff
train,Tomato\I\Virus,Virus,V_6,6,5,6,Datasets/TOBRFV-LMID/RGB/Tomato/I/Virus/V_6_RGB_5_6.tiff
train,Tomato\I\Virus,Virus,V_6,6,5,8,Datasets/TOBRFV-LMID/RGB/Tomato/I/Virus/V_6_RGB_5_8.tiff
train,Tomato\I\Virus,Virus,V_6,6,5,9,Datasets/TOBRFV-LMID/RGB/Tomato/I/Virus/V_6_RGB_5_9.tiff
train,Tomato\I\Virus,Virus,V_15,15,0,1,Datasets/TOBRFV-LMID/RGB/Tomato/I/Virus/V_15_RGB_0_1.tiff
train,Tomato\I\Virus,Virus,V_15,15,0,10,Datasets/TOBRFV-LMID/RGB/Tomato/I/Virus/V_15_RGB_0_10.tiff
train,Tomato\I\Virus,Virus,V_15,15,0,11,Datasets/TOBRFV-LMID/RGB/Tomato/I/Virus/V_15_RGB_0_11.tiff
train,Tomato\I\Virus,Virus,V_15,15,0,12,Datasets/TOBRFV-LMID/RGB/Tomato/I/Virus/V_15_RGB_0_12.tiff
train,Tomato\I\Virus,Virus,V_15,15,0,13,Datasets/TOBRFV-LMID/RGB/Tomato/I/Virus/V_15_RGB_0_13.tiff
train,Tomato\I\Virus,Virus,V_15,15,0,14,Datasets/TOBRFV-LMID/RGB/Tomato/I/Virus/V_15_RGB_0_14.tiff
train,Tomato\I\Virus,Virus,V_15,15,0,15,Datasets/TOBRFV-LMID/RGB/Tomato/I/Virus/V_15_RGB_0_15.tiff
train,Tomato\I\Virus,Virus,V_15,15,0,16,Datasets/TOBRFV-LMID/RGB/Tomato/I/Virus/V_15_RGB_0_16.tiff
train,Tomato\I\Virus,Virus,V_15,15,0,17,Datasets/TOBRFV-LMID/RGB/Tomato/I/Virus/V_15_RGB_0_17.tiff
train,Tomato\I\Virus,Virus,V_15,15,0,18,Datasets/TOBRFV-LMID/RGB/Tomato/I/Virus/V_15_RGB_0_18.tiff
train,Tomato\I\Virus,Virus,V_15,15,0,19,Datasets/TOBRFV-LMID/RGB/Tomato/I/Virus/V_15_RGB_0_19.tiff
train,Tomato\I\Virus,Virus,V_15,15,0,2,Datasets/TOBRFV-LMID/RGB/Tomato/I/Virus/V_15_RGB_0_2.tiff
train,Tomato\I\Virus,Virus,V_15,15,0,20,Datasets/TOBRFV-LMID/RGB/Tomato/I/Virus/V_15_RGB_0_20.tiff
train,Tomato\I\Virus,Virus,V_15,15,0,21,Datasets/TOBRFV-LMID/RGB/Tomato/I/Virus/V_15_RGB_0_21.tiff
train,Tomato\I\Virus,Virus,V_15,15,0,22,Datasets/TOBRFV-LMID/RGB/Tomato/I/Virus/V_15_RGB_0_22.tiff
train,Tomato\I\Virus,Virus,V_15,15,0,23,Datasets/TOBRFV-LMID/RGB/Tomato/I/Virus/V_15_RGB_0_23.tiff
train,Tomato\I\Virus,Virus,V_15,15,0,24,Datasets/TOBRFV-LMID/RGB/Tomato/I/Virus/V_15_RGB_0_24.tiff
train,Tomato\I\Virus,Virus,V_15,15,0,25,Datasets/TOBRFV-LMID/RGB/Tomato/I/Virus/V_15_RGB_0_25.tiff
train,Tomato\I\Virus,Virus,V_15,15,0,26,Datasets/TOBRFV-LMID/RGB/Tomato/I/Virus/V_15_RGB_0_26.tiff
train,Tomato\I\Virus,Virus,V_15,15,0,27,Datasets/TOBRFV-LMID/RGB/Tomato/I/Virus/V_15_RGB_0_27.tiff
train,Tomato\I\Virus,Virus,V_15,15,0,28,Datasets/TOBRFV-LMID/RGB/Tomato/I/Virus/V_15_RGB_0_28.tiff
train,Tomato\I\Virus,Virus,V_15,15,0,3,Datasets/TOBRFV-LMID/RGB/Tomato/I/Virus/V_15_RGB_0_3.tiff
train,Tomato\I\Virus,Virus,V_15,15,0,30,Datasets/TOBRFV-LMID/RGB/Tomato/I/Virus/V_15_RGB_0_30.tiff
train,Tomato\I\Virus,Virus,V_15,15,0,33,Datasets/TOBRFV-LMID/RGB/Tomato/I/Virus/V_15_RGB_0_33.tiff
train,Tomato\I\Virus,Virus,V_15,15,0,34,Datasets/TOBRFV-LMID/RGB/Tomato/I/Virus/V_15_RGB_0_34.tiff
train,Tomato\I\Virus,Virus,V_15,15,0,35,Datasets/TOBRFV-LMID/RGB/Tomato/I/Virus/V_15_RGB_0_35.tiff
train,Tomato\I\Virus,Virus,V_15,15,0,36,Datasets/TOBRFV-LMID/RGB/Tomato/I/Virus/V_15_RGB_0_36.tiff
train,Tomato\I\Virus,Virus,V_15,15,0,37,Datasets/TOBRFV-LMID/RGB/Tomato/I/Virus/V_15_RGB_0_37.tiff
train,Tomato\I\Virus,Virus,V_15,15,0,38,Datasets/TOBRFV-LMID/RGB/Tomato/I/Virus/V_15_RGB_0_38.tiff
train,Tomato\I\Virus,Virus,V_15,15,0,39,Datasets/TOBRFV-LMID/RGB/Tomato/I/Virus/V_15_RGB_0_39.tiff
train,Tomato\I\Virus,Virus,V_15,15,0,40,Datasets/TOBRFV-LMID/RGB/Tomato/I/Virus/V_15_RGB_0_40.tiff
train,Tomato\I\Virus,Virus,V_15,15,0,41,Datasets/TOBRFV-LMID/RGB/Tomato/I/Virus/V_15_RGB_0_41.tiff
train,Tomato\I\Virus,Virus,V_15,15,0,42,Datasets/TOBRFV-LMID/RGB/Tomato/I/Virus/V_15_RGB_0_42.tiff
train,Tomato\I\Virus,Virus,V_15,15,0,43,Datasets/TOBRFV-LMID/RGB/Tomato/I/Virus/V_15_RGB_0_43.tiff
train,Tomato\I\Virus,Virus,V_15,15,0,44,Datasets/TOBRFV-LMID/RGB/Tomato/I/Virus/V_15_RGB_0_44.tiff
train,Tomato\I\Virus,Virus,V_15,15,0,45,Datasets/TOBRFV-LMID/RGB/Tomato/I/Virus/V_15_RGB_0_45.tiff
train,Tomato\I\Virus,Virus,V_15,15,0,5,Datasets/TOBRFV-LMID/RGB/Tomato/I/Virus/V_15_RGB_0_5.tiff
train,Tomato\I\Virus,Virus,V_15,15,0,7,Datasets/TOBRFV-LMID/RGB/Tomato/I/Virus/V_15_RGB_0_7.tiff
train,Tomato\I\Virus,Virus,V_15,15,0,8,Datasets/TOBRFV-LMID/RGB/Tomato/I/Virus/V_15_RGB_0_8.tiff
train,Tomato\I\Virus,Virus,V_15,15,0,9,Datasets/TOBRFV-LMID/RGB/Tomato/I/Virus/V_15_RGB_0_9.tiff
train,Tomato\I\Virus,Virus,V_14,14,0,1,Datasets/TOBRFV-LMID/RGB/Tomato/I/Virus/V_14_RGB_0_1.tiff
train,Tomato\I\Virus,Virus,V_14,14,0,10,Datasets/TOBRFV-LMID/RGB/Tomato/I/Virus/V_14_RGB_0_10.tiff
train,Tomato\I\Virus,Virus,V_14,14,0,11,Datasets/TOBRFV-LMID/RGB/Tomato/I/Virus/V_14_RGB_0_11.tiff
train,Tomato\I\Virus,Virus,V_14,14,0,12,Datasets/TOBRFV-LMID/RGB/Tomato/I/Virus/V_14_RGB_0_12.tiff
train,Tomato\I\Virus,Virus,V_14,14,0,13,Datasets/TOBRFV-LMID/RGB/Tomato/I/Virus/V_14_RGB_0_13.tiff
train,Tomato\I\Virus,Virus,V_14,14,0,14,Datasets/TOBRFV-LMID/RGB/Tomato/I/Virus/V_14_RGB_0_14.tiff
train,Tomato\I\Virus,Virus,V_14,14,0,15,Datasets/TOBRFV-LMID/RGB/Tomato/I/Virus/V_14_RGB_0_15.tiff
train,Tomato\I\Virus,Virus,V_14,14,0,16,Datasets/TOBRFV-LMID/RGB/Tomato/I/Virus/V_14_RGB_0_16.tiff
train,Tomato\I\Virus,Virus,V_14,14,0,17,Datasets/TOBRFV-LMID/RGB/Tomato/I/Virus/V_14_RGB_0_17.tiff
train,Tomato\I\Virus,Virus,V_14,14,0,18,Datasets/TOBRFV-LMID/RGB/Tomato/I/Virus/V_14_RGB_0_18.tiff
train,Tomato\I\Virus,Virus,V_14,14,0,19,Datasets/TOBRFV-LMID/RGB/Tomato/I/Virus/V_14_RGB_0_19.tiff
train,Tomato\I\Virus,Virus,V_14,14,0,2,Datasets/TOBRFV-LMID/RGB/Tomato/I/Virus/V_14_RGB_0_2.tiff
train,Tomato\I\Virus,Virus,V_14,14,0,20,Datasets/TOBRFV-LMID/RGB/Tomato/I/Virus/V_14_RGB_0_20.tiff
train,Tomato\I\Virus,Virus,V_14,14,0,21,Datasets/TOBRFV-LMID/RGB/Tomato/I/Virus/V_14_RGB_0_21.tiff
train,Tomato\I\Virus,Virus,V_14,14,0,22,Datasets/TOBRFV-LMID/RGB/Tomato/I/Virus/V_14_RGB_0_22.tiff
train,Tomato\I\Virus,Virus,V_14,14,0,23,Datasets/TOBRFV-LMID/RGB/Tomato/I/Virus/V_14_RGB_0_23.tiff
train,Tomato\I\Virus,Virus,V_14,14,0,24,Datasets/TOBRFV-LMID/RGB/Tomato/I/Virus/V_14_RGB_0_24.tiff
train,Tomato\I\Virus,Virus,V_14,14,0,25,Datasets/TOBRFV-LMID/RGB/Tomato/I/Virus/V_14_RGB_0_25.tiff
train,Tomato\I\Virus,Virus,V_14,14,0,26,Datasets/TOBRFV-LMID/RGB/Tomato/I/Virus/V_14_RGB_0_26.tiff
train,Tomato\I\Virus,Virus,V_14,14,0,27,Datasets/TOBRFV-LMID/RGB/Tomato/I/Virus/V_14_RGB_0_27.tiff
train,Tomato\I\Virus,Virus,V_14,14,0,28,Datasets/TOBRFV-LMID/RGB/Tomato/I/Virus/V_14_RGB_0_28.tiff
train,Tomato\I\Virus,Virus,V_14,14,0,29,Datasets/TOBRFV-LMID/RGB/Tomato/I/Virus/V_14_RGB_0_29.tiff
train,Tomato\I\Virus,Virus,V_14,14,0,3,Datasets/TOBRFV-LMID/RGB/Tomato/I/Virus/V_14_RGB_0_3.tiff
train,Tomato\I\Virus,Virus,V_14,14,0,30,Datasets/TOBRFV-LMID/RGB/Tomato/I/Virus/V_14_RGB_0_30.tiff
train,Tomato\I\Virus,Virus,V_14,14,0,31,Datasets/TOBRFV-LMID/RGB/Tomato/I/Virus/V_14_RGB_0_31.tiff
train,Tomato\I\Virus,Virus,V_14,14,0,32,Datasets/TOBRFV-LMID/RGB/Tomato/I/Virus/V_14_RGB_0_32.tiff
train,Tomato\I\Virus,Virus,V_14,14,0,33,Datasets/TOBRFV-LMID/RGB/Tomato/I/Virus/V_14_RGB_0_33.tiff
train,Tomato\I\Virus,Virus,V_14,14,0,34,Datasets/TOBRFV-LMID/RGB/Tomato/I/Virus/V_14_RGB_0_34.tiff
train,Tomato\I\Virus,Virus,V_14,14,0,35,Datasets/TOBRFV-LMID/RGB/Tomato/I/Virus/V_14_RGB_0_35.tiff
train,Tomato\I\Virus,Virus,V_14,14,0,36,Datasets/TOBRFV-LMID/RGB/Tomato/I/Virus/V_14_RGB_0_36.tiff
train,Tomato\I\Virus,Virus,V_14,14,0,37,Datasets/TOBRFV-LMID/RGB/Tomato/I/Virus/V_14_RGB_0_37.tiff
train,Tomato\I\Virus,Virus,V_14,14,0,38,Datasets/TOBRFV-LMID/RGB/Tomato/I/Virus/V_14_RGB_0_38.tiff
train,Tomato\I\Virus,Virus,V_14,14,0,39,Datasets/TOBRFV-LMID/RGB/Tomato/I/Virus/V_14_RGB_0_39.tiff
train,Tomato\I\Virus,Virus,V_14,14,0,4,Datasets/TOBRFV-LMID/RGB/Tomato/I/Virus/V_14_RGB_0_4.tiff
train,Tomato\I\Virus,Virus,V_14,14,0,40,Datasets/TOBRFV-LMID/RGB/Tomato/I/Virus/V_14_RGB_0_40.tiff
train,Tomato\I\Virus,Virus,V_14,14,0,41,Datasets/TOBRFV-LMID/RGB/Tomato/I/Virus/V_14_RGB_0_41.tiff
train,Tomato\I\Virus,Virus,V_14,14,0,42,Datasets/TOBRFV-LMID/RGB/Tomato/I/Virus/V_14_RGB_0_42.tiff
train,Tomato\I\Virus,Virus,V_14,14,0,43,Datasets/TOBRFV-LMID/RGB/Tomato/I/Virus/V_14_RGB_0_43.tiff
train,Tomato\I\Virus,Virus,V_14,14,0,44,Datasets/TOBRFV-LMID/RGB/Tomato/I/Virus/V_14_RGB_0_44.tiff
train,Tomato\I\Virus,Virus,V_14,14,0,45,Datasets/TOBRFV-LMID/RGB/Tomato/I/Virus/V_14_RGB_0_45.tiff
train,Tomato\I\Virus,Virus,V_14,14,0,5,Datasets/TOBRFV-LMID/RGB/Tomato/I/Virus/V_14_RGB_0_5.tiff
train,Tomato\I\Virus,Virus,V_14,14,0,6,Datasets/TOBRFV-LMID/RGB/Tomato/I/Virus/V_14_RGB_0_6.tiff
train,Tomato\I\Virus,Virus,V_14,14,0,8,Datasets/TOBRFV-LMID/RGB/Tomato/I/Virus/V_14_RGB_0_8.tiff
train,Tomato\I\Virus,Virus,V_14,14,5,1,Datasets/TOBRFV-LMID/RGB/Tomato/I/Virus/V_14_RGB_5_1.tiff
train,Tomato\I\Virus,Virus,V_14,14,5,10,Datasets/TOBRFV-LMID/RGB/Tomato/I/Virus/V_14_RGB_5_10.tiff
train,Tomato\I\Virus,Virus,V_14,14,5,11,Datasets/TOBRFV-LMID/RGB/Tomato/I/Virus/V_14_RGB_5_11.tiff
train,Tomato\I\Virus,Virus,V_14,14,5,12,Datasets/TOBRFV-LMID/RGB/Tomato/I/Virus/V_14_RGB_5_12.tiff
train,Tomato\I\Virus,Virus,V_14,14,5,13,Datasets/TOBRFV-LMID/RGB/Tomato/I/Virus/V_14_RGB_5_13.tiff
train,Tomato\I\Virus,Virus,V_14,14,5,14,Datasets/TOBRFV-LMID/RGB/Tomato/I/Virus/V_14_RGB_5_14.tiff
train,Tomato\I\Virus,Virus,V_14,14,5,15,Datasets/TOBRFV-LMID/RGB/Tomato/I/Virus/V_14_RGB_5_15.tiff
train,Tomato\I\Virus,Virus,V_14,14,5,16,Datasets/TOBRFV-LMID/RGB/Tomato/I/Virus/V_14_RGB_5_16.tiff
train,Tomato\I\Virus,Virus,V_14,14,5,18,Datasets/TOBRFV-LMID/RGB/Tomato/I/Virus/V_14_RGB_5_18.tiff
train,Tomato\I\Virus,Virus,V_14,14,5,19,Datasets/TOBRFV-LMID/RGB/Tomato/I/Virus/V_14_RGB_5_19.tiff
train,Tomato\I\Virus,Virus,V_14,14,5,20,Datasets/TOBRFV-LMID/RGB/Tomato/I/Virus/V_14_RGB_5_20.tiff
train,Tomato\I\Virus,Virus,V_14,14,5,21,Datasets/TOBRFV-LMID/RGB/Tomato/I/Virus/V_14_RGB_5_21.tiff
train,Tomato\I\Virus,Virus,V_14,14,5,23,Datasets/TOBRFV-LMID/RGB/Tomato/I/Virus/V_14_RGB_5_23.tiff
train,Tomato\I\Virus,Virus,V_14,14,5,24,Datasets/TOBRFV-LMID/RGB/Tomato/I/Virus/V_14_RGB_5_24.tiff
train,Tomato\I\Virus,Virus,V_14,14,5,25,Datasets/TOBRFV-LMID/RGB/Tomato/I/Virus/V_14_RGB_5_25.tiff
train,Tomato\I\Virus,Virus,V_14,14,5,26,Datasets/TOBRFV-LMID/RGB/Tomato/I/Virus/V_14_RGB_5_26.tiff
train,Tomato\I\Virus,Virus,V_14,14,5,27,Datasets/TOBRFV-LMID/RGB/Tomato/I/Virus/V_14_RGB_5_27.tiff
train,Tomato\I\Virus,Virus,V_14,14,5,28,Datasets/TOBRFV-LMID/RGB/Tomato/I/Virus/V_14_RGB_5_28.tiff
train,Tomato\I\Virus,Virus,V_14,14,5,29,Datasets/TOBRFV-LMID/RGB/Tomato/I/Virus/V_14_RGB_5_29.tiff
train,Tomato\I\Virus,Virus,V_14,14,5,3,Datasets/TOBRFV-LMID/RGB/Tomato/I/Virus/V_14_RGB_5_3.tiff
train,Tomato\I\Virus,Virus,V_14,14,5,30,Datasets/TOBRFV-LMID/RGB/Tomato/I/Virus/V_14_RGB_5_30.tiff
train,Tomato\I\Virus,Virus,V_14,14,5,31,Datasets/TOBRFV-LMID/RGB/Tomato/I/Virus/V_14_RGB_5_31.tiff
train,Tomato\I\Virus,Virus,V_14,14,5,32,Datasets/TOBRFV-LMID/RGB/Tomato/I/Virus/V_14_RGB_5_32.tiff
train,Tomato\I\Virus,Virus,V_14,14,5,33,Datasets/TOBRFV-LMID/RGB/Tomato/I/Virus/V_14_RGB_5_33.tiff
train,Tomato\I\Virus,Virus,V_14,14,5,34,Datasets/TOBRFV-LMID/RGB/Tomato/I/Virus/V_14_RGB_5_34.tiff
train,Tomato\I\Virus,Virus,V_14,14,5,35,Datasets/TOBRFV-LMID/RGB/Tomato/I/Virus/V_14_RGB_5_35.tiff
train,Tomato\I\Virus,Virus,V_14,14,5,36,Datasets/TOBRFV-LMID/RGB/Tomato/I/Virus/V_14_RGB_5_36.tiff
train,Tomato\I\Virus,Virus,V_14,14,5,37,Datasets/TOBRFV-LMID/RGB/Tomato/I/Virus/V_14_RGB_5_37.tiff
train,Tomato\I\Virus,Virus,V_14,14,5,38,Datasets/TOBRFV-LMID/RGB/Tomato/I/Virus/V_14_RGB_5_38.tiff
train,Tomato\I\Virus,Virus,V_14,14,5,39,Datasets/TOBRFV-LMID/RGB/Tomato/I/Virus/V_14_RGB_5_39.tiff
train,Tomato\I\Virus,Virus,V_14,14,5,4,Datasets/TOBRFV-LMID/RGB/Tomato/I/Virus/V_14_RGB_5_4.tiff
train,Tomato\I\Virus,Virus,V_14,14,5,40,Datasets/TOBRFV-LMID/RGB/Tomato/I/Virus/V_14_RGB_5_40.tiff
train,Tomato\I\Virus,Virus,V_14,14,5,41,Datasets/TOBRFV-LMID/RGB/Tomato/I/Virus/V_14_RGB_5_41.tiff
train,Tomato\I\Virus,Virus,V_14,14,5,42,Datasets/TOBRFV-LMID/RGB/Tomato/I/Virus/V_14_RGB_5_42.tiff
train,Tomato\I\Virus,Virus,V_14,14,5,43,Datasets/TOBRFV-LMID/RGB/Tomato/I/Virus/V_14_RGB_5_43.tiff
train,Tomato\I\Virus,Virus,V_14,14,5,44,Datasets/TOBRFV-LMID/RGB/Tomato/I/Virus/V_14_RGB_5_44.tiff
train,Tomato\I\Virus,Virus,V_14,14,5,45,Datasets/TOBRFV-LMID/RGB/Tomato/I/Virus/V_14_RGB_5_45.tiff
train,Tomato\I\Virus,Virus,V_14,14,5,5,Datasets/TOBRFV-LMID/RGB/Tomato/I/Virus/V_14_RGB_5_5.tiff
train,Tomato\I\Virus,Virus,V_14,14,5,6,Datasets/TOBRFV-LMID/RGB/Tomato/I/Virus/V_14_RGB_5_6.tiff
train,Tomato\I\Virus,Virus,V_14,14,5,7,Datasets/TOBRFV-LMID/RGB/Tomato/I/Virus/V_14_RGB_5_7.tiff
train,Tomato\I\Virus,Virus,V_14,14,5,8,Datasets/TOBRFV-LMID/RGB/Tomato/I/Virus/V_14_RGB_5_8.tiff
train,Tomato\I\Virus,Virus,V_14,14,5,9,Datasets/TOBRFV-LMID/RGB/Tomato/I/Virus/V_14_RGB_5_9.tiff
train,Tomato\I\Virus,Virus,V_27,27,0,1,Datasets/TOBRFV-LMID/RGB/Tomato/I/Virus/V_27_RGB_0_1.tiff
train,Tomato\I\Virus,Virus,V_27,27,0,10,Datasets/TOBRFV-LMID/RGB/Tomato/I/Virus/V_27_RGB_0_10.tiff
train,Tomato\I\Virus,Virus,V_27,27,0,11,Datasets/TOBRFV-LMID/RGB/Tomato/I/Virus/V_27_RGB_0_11.tiff
train,Tomato\I\Virus,Virus,V_27,27,0,12,Datasets/TOBRFV-LMID/RGB/Tomato/I/Virus/V_27_RGB_0_12.tiff
train,Tomato\I\Virus,Virus,V_27,27,0,13,Datasets/TOBRFV-LMID/RGB/Tomato/I/Virus/V_27_RGB_0_13.tiff
train,Tomato\I\Virus,Virus,V_27,27,0,14,Datasets/TOBRFV-LMID/RGB/Tomato/I/Virus/V_27_RGB_0_14.tiff
train,Tomato\I\Virus,Virus,V_27,27,0,15,Datasets/TOBRFV-LMID/RGB/Tomato/I/Virus/V_27_RGB_0_15.tiff
train,Tomato\I\Virus,Virus,V_27,27,0,2,Datasets/TOBRFV-LMID/RGB/Tomato/I/Virus/V_27_RGB_0_2.tiff
train,Tomato\I\Virus,Virus,V_27,27,0,24,Datasets/TOBRFV-LMID/RGB/Tomato/I/Virus/V_27_RGB_0_24.tiff
train,Tomato\I\Virus,Virus,V_27,27,0,25,Datasets/TOBRFV-LMID/RGB/Tomato/I/Virus/V_27_RGB_0_25.tiff
train,Tomato\I\Virus,Virus,V_27,27,0,26,Datasets/TOBRFV-LMID/RGB/Tomato/I/Virus/V_27_RGB_0_26.tiff
train,Tomato\I\Virus,Virus,V_27,27,0,27,Datasets/TOBRFV-LMID/RGB/Tomato/I/Virus/V_27_RGB_0_27.tiff
train,Tomato\I\Virus,Virus,V_27,27,0,28,Datasets/TOBRFV-LMID/RGB/Tomato/I/Virus/V_27_RGB_0_28.tiff
train,Tomato\I\Virus,Virus,V_27,27,0,29,Datasets/TOBRFV-LMID/RGB/Tomato/I/Virus/V_27_RGB_0_29.tiff
train,Tomato\I\Virus,Virus,V_27,27,0,3,Datasets/TOBRFV-LMID/RGB/Tomato/I/Virus/V_27_RGB_0_3.tiff
train,Tomato\I\Virus,Virus,V_27,27,0,30,Datasets/TOBRFV-LMID/RGB/Tomato/I/Virus/V_27_RGB_0_30.tiff
train,Tomato\I\Virus,Virus,V_27,27,0,31,Datasets/TOBRFV-LMID/RGB/Tomato/I/Virus/V_27_RGB_0_31.tiff
train,Tomato\I\Virus,Virus,V_27,27,0,32,Datasets/TOBRFV-LMID/RGB/Tomato/I/Virus/V_27_RGB_0_32.tiff
train,Tomato\I\Virus,Virus,V_27,27,0,33,Datasets/TOBRFV-LMID/RGB/Tomato/I/Virus/V_27_RGB_0_33.tiff
train,Tomato\I\Virus,Virus,V_27,27,0,34,Datasets/TOBRFV-LMID/RGB/Tomato/I/Virus/V_27_RGB_0_34.tiff
train,Tomato\I\Virus,Virus,V_27,27,0,35,Datasets/TOBRFV-LMID/RGB/Tomato/I/Virus/V_27_RGB_0_35.tiff
train,Tomato\I\Virus,Virus,V_27,27,0,36,Datasets/TOBRFV-LMID/RGB/Tomato/I/Virus/V_27_RGB_0_36.tiff
train,Tomato\I\Virus,Virus,V_27,27,0,37,Datasets/TOBRFV-LMID/RGB/Tomato/I/Virus/V_27_RGB_0_37.tiff
train,Tomato\I\Virus,Virus,V_27,27,0,38,Datasets/TOBRFV-LMID/RGB/Tomato/I/Virus/V_27_RGB_0_38.tiff
train,Tomato\I\Virus,Virus,V_27,27,0,39,Datasets/TOBRFV-LMID/RGB/Tomato/I/Virus/V_27_RGB_0_39.tiff
train,Tomato\I\Virus,Virus,V_27,27,0,4,Datasets/TOBRFV-LMID/RGB/Tomato/I/Virus/V_27_RGB_0_4.tiff
train,Tomato\I\Virus,Virus,V_27,27,0,40,Datasets/TOBRFV-LMID/RGB/Tomato/I/Virus/V_27_RGB_0_40.tiff
train,Tomato\I\Virus,Virus,V_27,27,0,41,Datasets/TOBRFV-LMID/RGB/Tomato/I/Virus/V_27_RGB_0_41.tiff
train,Tomato\I\Virus,Virus,V_27,27,0,42,Datasets/TOBRFV-LMID/RGB/Tomato/I/Virus/V_27_RGB_0_42.tiff
train,Tomato\I\Virus,Virus,V_27,27,0,43,Datasets/TOBRFV-LMID/RGB/Tomato/I/Virus/V_27_RGB_0_43.tiff
train,Tomato\I\Virus,Virus,V_27,27,0,44,Datasets/TOBRFV-LMID/RGB/Tomato/I/Virus/V_27_RGB_0_44.tiff
train,Tomato\I\Virus,Virus,V_27,27,0,45,Datasets/TOBRFV-LMID/RGB/Tomato/I/Virus/V_27_RGB_0_45.tiff
train,Tomato\I\Virus,Virus,V_27,27,0,5,Datasets/TOBRFV-LMID/RGB/Tomato/I/Virus/V_27_RGB_0_5.tiff
train,Tomato\I\Virus,Virus,V_27,27,0,6,Datasets/TOBRFV-LMID/RGB/Tomato/I/Virus/V_27_RGB_0_6.tiff
train,Tomato\I\Virus,Virus,V_27,27,0,7,Datasets/TOBRFV-LMID/RGB/Tomato/I/Virus/V_27_RGB_0_7.tiff
train,Tomato\I\Virus,Virus,V_27,27,0,8,Datasets/TOBRFV-LMID/RGB/Tomato/I/Virus/V_27_RGB_0_8.tiff
train,Tomato\I\Virus,Virus,V_27,27,0,9,Datasets/TOBRFV-LMID/RGB/Tomato/I/Virus/V_27_RGB_0_9.tiff
train,Tomato\I\Virus,Virus,V_28,28,0,10,Datasets/TOBRFV-LMID/RGB/Tomato/I/Virus/V_28_RGB_0_10.tiff
train,Tomato\I\Virus,Virus,V_28,28,0,11,Datasets/TOBRFV-LMID/RGB/Tomato/I/Virus/V_28_RGB_0_11.tiff
train,Tomato\I\Virus,Virus,V_28,28,0,12,Datasets/TOBRFV-LMID/RGB/Tomato/I/Virus/V_28_RGB_0_12.tiff
train,Tomato\I\Virus,Virus,V_28,28,0,17,Datasets/TOBRFV-LMID/RGB/Tomato/I/Virus/V_28_RGB_0_17.tiff
train,Tomato\I\Virus,Virus,V_28,28,0,18,Datasets/TOBRFV-LMID/RGB/Tomato/I/Virus/V_28_RGB_0_18.tiff
train,Tomato\I\Virus,Virus,V_28,28,0,19,Datasets/TOBRFV-LMID/RGB/Tomato/I/Virus/V_28_RGB_0_19.tiff
train,Tomato\I\Virus,Virus,V_28,28,0,20,Datasets/TOBRFV-LMID/RGB/Tomato/I/Virus/V_28_RGB_0_20.tiff
train,Tomato\I\Virus,Virus,V_28,28,0,23,Datasets/TOBRFV-LMID/RGB/Tomato/I/Virus/V_28_RGB_0_23.tiff
train,Tomato\I\Virus,Virus,V_28,28,0,34,Datasets/TOBRFV-LMID/RGB/Tomato/I/Virus/V_28_RGB_0_34.tiff
train,Tomato\I\Virus,Virus,V_28,28,0,38,Datasets/TOBRFV-LMID/RGB/Tomato/I/Virus/V_28_RGB_0_38.tiff
train,Tomato\I\Virus,Virus,V_28,28,0,40,Datasets/TOBRFV-LMID/RGB/Tomato/I/Virus/V_28_RGB_0_40.tiff
train,Tomato\I\Virus,Virus,V_28,28,0,41,Datasets/TOBRFV-LMID/RGB/Tomato/I/Virus/V_28_RGB_0_41.tiff
train,Tomato\I\Virus,Virus,V_28,28,15,1,Datasets/TOBRFV-LMID/RGB/Tomato/I/Virus/V_28_RGB_15_1.tiff
train,Tomato\I\Virus,Virus,V_28,28,15,10,Datasets/TOBRFV-LMID/RGB/Tomato/I/Virus/V_28_RGB_15_10.tiff
train,Tomato\I\Virus,Virus,V_28,28,15,11,Datasets/TOBRFV-LMID/RGB/Tomato/I/Virus/V_28_RGB_15_11.tiff
train,Tomato\I\Virus,Virus,V_28,28,15,12,Datasets/TOBRFV-LMID/RGB/Tomato/I/Virus/V_28_RGB_15_12.tiff
train,Tomato\I\Virus,Virus,V_28,28,15,13,Datasets/TOBRFV-LMID/RGB/Tomato/I/Virus/V_28_RGB_15_13.tiff
train,Tomato\I\Virus,Virus,V_28,28,15,14,Datasets/TOBRFV-LMID/RGB/Tomato/I/Virus/V_28_RGB_15_14.tiff
train,Tomato\I\Virus,Virus,V_28,28,15,15,Datasets/TOBRFV-LMID/RGB/Tomato/I/Virus/V_28_RGB_15_15.tiff
train,Tomato\I\Virus,Virus,V_28,28,15,16,Datasets/TOBRFV-LMID/RGB/Tomato/I/Virus/V_28_RGB_15_16.tiff
train,Tomato\I\Virus,Virus,V_28,28,15,17,Datasets/TOBRFV-LMID/RGB/Tomato/I/Virus/V_28_RGB_15_17.tiff
train,Tomato\I\Virus,Virus,V_28,28,15,19,Datasets/TOBRFV-LMID/RGB/Tomato/I/Virus/V_28_RGB_15_19.tiff
train,Tomato\I\Virus,Virus,V_28,28,15,2,Datasets/TOBRFV-LMID/RGB/Tomato/I/Virus/V_28_RGB_15_2.tiff
train,Tomato\I\Virus,Virus,V_28,28,15,20,Datasets/TOBRFV-LMID/RGB/Tomato/I/Virus/V_28_RGB_15_20.tiff
train,Tomato\I\Virus,Virus,V_28,28,15,21,Datasets/TOBRFV-LMID/RGB/Tomato/I/Virus/V_28_RGB_15_21.tiff
train,Tomato\I\Virus,Virus,V_28,28,15,22,Datasets/TOBRFV-LMID/RGB/Tomato/I/Virus/V_28_RGB_15_22.tiff
train,Tomato\I\Virus,Virus,V_28,28,15,23,Datasets/TOBRFV-LMID/RGB/Tomato/I/Virus/V_28_RGB_15_23.tiff
train,Tomato\I\Virus,Virus,V_28,28,15,24,Datasets/TOBRFV-LMID/RGB/Tomato/I/Virus/V_28_RGB_15_24.tiff
train,Tomato\I\Virus,Virus,V_28,28,15,25,Datasets/TOBRFV-LMID/RGB/Tomato/I/Virus/V_28_RGB_15_25.tiff
train,Tomato\I\Virus,Virus,V_28,28,15,26,Datasets/TOBRFV-LMID/RGB/Tomato/I/Virus/V_28_RGB_15_26.tiff
train,Tomato\I\Virus,Virus,V_28,28,15,27,Datasets/TOBRFV-LMID/RGB/Tomato/I/Virus/V_28_RGB_15_27.tiff
train,Tomato\I\Virus,Virus,V_28,28,15,28,Datasets/TOBRFV-LMID/RGB/Tomato/I/Virus/V_28_RGB_15_28.tiff
train,Tomato\I\Virus,Virus,V_28,28,15,29,Datasets/TOBRFV-LMID/RGB/Tomato/I/Virus/V_28_RGB_15_29.tiff
train,Tomato\I\Virus,Virus,V_28,28,15,3,Datasets/TOBRFV-LMID/RGB/Tomato/I/Virus/V_28_RGB_15_3.tiff
train,Tomato\I\Virus,Virus,V_28,28,15,30,Datasets/TOBRFV-LMID/RGB/Tomato/I/Virus/V_28_RGB_15_30.tiff
train,Tomato\I\Virus,Virus,V_28,28,15,31,Datasets/TOBRFV-LMID/RGB/Tomato/I/Virus/V_28_RGB_15_31.tiff
train,Tomato\I\Virus,Virus,V_28,28,15,32,Datasets/TOBRFV-LMID/RGB/Tomato/I/Virus/V_28_RGB_15_32.tiff
train,Tomato\I\Virus,Virus,V_28,28,15,33,Datasets/TOBRFV-LMID/RGB/Tomato/I/Virus/V_28_RGB_15_33.tiff
train,Tomato\I\Virus,Virus,V_28,28,15,36,Datasets/TOBRFV-LMID/RGB/Tomato/I/Virus/V_28_RGB_15_36.tiff
train,Tomato\I\Virus,Virus,V_28,28,15,37,Datasets/TOBRFV-LMID/RGB/Tomato/I/Virus/V_28_RGB_15_37.tiff
train,Tomato\I\Virus,Virus,V_28,28,15,38,Datasets/TOBRFV-LMID/RGB/Tomato/I/Virus/V_28_RGB_15_38.tiff
train,Tomato\I\Virus,Virus,V_28,28,15,39,Datasets/TOBRFV-LMID/RGB/Tomato/I/Virus/V_28_RGB_15_39.tiff
train,Tomato\I\Virus,Virus,V_28,28,15,4,Datasets/TOBRFV-LMID/RGB/Tomato/I/Virus/V_28_RGB_15_4.tiff
train,Tomato\I\Virus,Virus,V_28,28,15,40,Datasets/TOBRFV-LMID/RGB/Tomato/I/Virus/V_28_RGB_15_40.tiff
train,Tomato\I\Virus,Virus,V_28,28,15,41,Datasets/TOBRFV-LMID/RGB/Tomato/I/Virus/V_28_RGB_15_41.tiff
train,Tomato\I\Virus,Virus,V_28,28,15,42,Datasets/TOBRFV-LMID/RGB/Tomato/I/Virus/V_28_RGB_15_42.tiff
train,Tomato\I\Virus,Virus,V_28,28,15,43,Datasets/TOBRFV-LMID/RGB/Tomato/I/Virus/V_28_RGB_15_43.tiff
train,Tomato\I\Virus,Virus,V_28,28,15,44,Datasets/TOBRFV-LMID/RGB/Tomato/I/Virus/V_28_RGB_15_44.tiff
train,Tomato\I\Virus,Virus,V_28,28,15,45,Datasets/TOBRFV-LMID/RGB/Tomato/I/Virus/V_28_RGB_15_45.tiff
train,Tomato\I\Virus,Virus,V_28,28,15,5,Datasets/TOBRFV-LMID/RGB/Tomato/I/Virus/V_28_RGB_15_5.tiff
train,Tomato\I\Virus,Virus,V_28,28,15,6,Datasets/TOBRFV-LMID/RGB/Tomato/I/Virus/V_28_RGB_15_6.tiff
train,Tomato\I\Virus,Virus,V_28,28,15,7,Datasets/TOBRFV-LMID/RGB/Tomato/I/Virus/V_28_RGB_15_7.tiff
train,Tomato\I\Virus,Virus,V_28,28,15,8,Datasets/TOBRFV-LMID/RGB/Tomato/I/Virus/V_28_RGB_15_8.tiff
train,Tomato\I\Virus,Virus,V_28,28,15,9,Datasets/TOBRFV-LMID/RGB/Tomato/I/Virus/V_28_RGB_15_9.tiff
train,Tomato\I\Virus,Virus,V_11,11,0,1,Datasets/TOBRFV-LMID/RGB/Tomato/I/Virus/V_11_RGB_0_1.tiff
train,Tomato\I\Virus,Virus,V_11,11,0,13,Datasets/TOBRFV-LMID/RGB/Tomato/I/Virus/V_11_RGB_0_13.tiff
train,Tomato\I\Virus,Virus,V_11,11,0,15,Datasets/TOBRFV-LMID/RGB/Tomato/I/Virus/V_11_RGB_0_15.tiff
train,Tomato\I\Virus,Virus,V_11,11,0,16,Datasets/TOBRFV-LMID/RGB/Tomato/I/Virus/V_11_RGB_0_16.tiff
train,Tomato\I\Virus,Virus,V_11,11,0,17,Datasets/TOBRFV-LMID/RGB/Tomato/I/Virus/V_11_RGB_0_17.tiff
train,Tomato\I\Virus,Virus,V_11,11,0,18,Datasets/TOBRFV-LMID/RGB/Tomato/I/Virus/V_11_RGB_0_18.tiff
train,Tomato\I\Virus,Virus,V_11,11,0,19,Datasets/TOBRFV-LMID/RGB/Tomato/I/Virus/V_11_RGB_0_19.tiff
train,Tomato\I\Virus,Virus,V_11,11,0,2,Datasets/TOBRFV-LMID/RGB/Tomato/I/Virus/V_11_RGB_0_2.tiff
train,Tomato\I\Virus,Virus,V_11,11,0,20,Datasets/TOBRFV-LMID/RGB/Tomato/I/Virus/V_11_RGB_0_20.tiff
train,Tomato\I\Virus,Virus,V_11,11,0,21,Datasets/TOBRFV-LMID/RGB/Tomato/I/Virus/V_11_RGB_0_21.tiff
train,Tomato\I\Virus,Virus,V_11,11,0,23,Datasets/TOBRFV-LMID/RGB/Tomato/I/Virus/V_11_RGB_0_23.tiff
train,Tomato\I\Virus,Virus,V_11,11,0,24,Datasets/TOBRFV-LMID/RGB/Tomato/I/Virus/V_11_RGB_0_24.tiff
train,Tomato\I\Virus,Virus,V_11,11,0,25,Datasets/TOBRFV-LMID/RGB/Tomato/I/Virus/V_11_RGB_0_25.tiff
train,Tomato\I\Virus,Virus,V_11,11,0,26,Datasets/TOBRFV-LMID/RGB/Tomato/I/Virus/V_11_RGB_0_26.tiff
train,Tomato\I\Virus,Virus,V_11,11,0,27,Datasets/TOBRFV-LMID/RGB/Tomato/I/Virus/V_11_RGB_0_27.tiff
train,Tomato\I\Virus,Virus,V_11,11,0,28,Datasets/TOBRFV-LMID/RGB/Tomato/I/Virus/V_11_RGB_0_28.tiff
train,Tomato\I\Virus,Virus,V_11,11,0,29,Datasets/TOBRFV-LMID/RGB/Tomato/I/Virus/V_11_RGB_0_29.tiff
train,Tomato\I\Virus,Virus,V_11,11,0,3,Datasets/TOBRFV-LMID/RGB/Tomato/I/Virus/V_11_RGB_0_3.tiff
train,Tomato\I\Virus,Virus,V_11,11,0,30,Datasets/TOBRFV-LMID/RGB/Tomato/I/Virus/V_11_RGB_0_30.tiff
train,Tomato\I\Virus,Virus,V_11,11,0,31,Datasets/TOBRFV-LMID/RGB/Tomato/I/Virus/V_11_RGB_0_31.tiff
train,Tomato\I\Virus,Virus,V_11,11,0,32,Datasets/TOBRFV-LMID/RGB/Tomato/I/Virus/V_11_RGB_0_32.tiff
train,Tomato\I\Virus,Virus,V_11,11,0,33,Datasets/TOBRFV-LMID/RGB/Tomato/I/Virus/V_11_RGB_0_33.tiff
train,Tomato\I\Virus,Virus,V_11,11,0,34,Datasets/TOBRFV-LMID/RGB/Tomato/I/Virus/V_11_RGB_0_34.tiff
train,Tomato\I\Virus,Virus,V_11,11,0,35,Datasets/TOBRFV-LMID/RGB/Tomato/I/Virus/V_11_RGB_0_35.tiff
train,Tomato\I\Virus,Virus,V_11,11,0,36,Datasets/TOBRFV-LMID/RGB/Tomato/I/Virus/V_11_RGB_0_36.tiff
train,Tomato\I\Virus,Virus,V_11,11,0,37,Datasets/TOBRFV-LMID/RGB/Tomato/I/Virus/V_11_RGB_0_37.tiff
train,Tomato\I\Virus,Virus,V_11,11,0,38,Datasets/TOBRFV-LMID/RGB/Tomato/I/Virus/V_11_RGB_0_38.tiff
train,Tomato\I\Virus,Virus,V_11,11,0,39,Datasets/TOBRFV-LMID/RGB/Tomato/I/Virus/V_11_RGB_0_39.tiff
train,Tomato\I\Virus,Virus,V_11,11,0,4,Datasets/TOBRFV-LMID/RGB/Tomato/I/Virus/V_11_RGB_0_4.tiff
train,Tomato\I\Virus,Virus,V_11,11,0,40,Datasets/TOBRFV-LMID/RGB/Tomato/I/Virus/V_11_RGB_0_40.tiff
train,Tomato\I\Virus,Virus,V_11,11,0,41,Datasets/TOBRFV-LMID/RGB/Tomato/I/Virus/V_11_RGB_0_41.tiff
train,Tomato\I\Virus,Virus,V_11,11,0,42,Datasets/TOBRFV-LMID/RGB/Tomato/I/Virus/V_11_RGB_0_42.tiff
train,Tomato\I\Virus,Virus,V_11,11,0,43,Datasets/TOBRFV-LMID/RGB/Tomato/I/Virus/V_11_RGB_0_43.tiff
train,Tomato\I\Virus,Virus,V_11,11,0,44,Datasets/TOBRFV-LMID/RGB/Tomato/I/Virus/V_11_RGB_0_44.tiff
train,Tomato\I\Virus,Virus,V_11,11,0,45,Datasets/TOBRFV-LMID/RGB/Tomato/I/Virus/V_11_RGB_0_45.tiff
train,Tomato\I\Virus,Virus,V_11,11,0,5,Datasets/TOBRFV-LMID/RGB/Tomato/I/Virus/V_11_RGB_0_5.tiff
train,Tomato\I\Virus,Virus,V_21,21,0,1,Datasets/TOBRFV-LMID/RGB/Tomato/I/Virus/V_21_RGB_0_1.tiff
train,Tomato\I\Virus,Virus,V_21,21,0,10,Datasets/TOBRFV-LMID/RGB/Tomato/I/Virus/V_21_RGB_0_10.tiff
train,Tomato\I\Virus,Virus,V_21,21,0,11,Datasets/TOBRFV-LMID/RGB/Tomato/I/Virus/V_21_RGB_0_11.tiff
train,Tomato\I\Virus,Virus,V_21,21,0,12,Datasets/TOBRFV-LMID/RGB/Tomato/I/Virus/V_21_RGB_0_12.tiff
train,Tomato\I\Virus,Virus,V_21,21,0,13,Datasets/TOBRFV-LMID/RGB/Tomato/I/Virus/V_21_RGB_0_13.tiff
train,Tomato\I\Virus,Virus,V_21,21,0,14,Datasets/TOBRFV-LMID/RGB/Tomato/I/Virus/V_21_RGB_0_14.tiff
train,Tomato\I\Virus,Virus,V_21,21,0,15,Datasets/TOBRFV-LMID/RGB/Tomato/I/Virus/V_21_RGB_0_15.tiff
train,Tomato\I\Virus,Virus,V_21,21,0,16,Datasets/TOBRFV-LMID/RGB/Tomato/I/Virus/V_21_RGB_0_16.tiff
train,Tomato\I\Virus,Virus,V_21,21,0,17,Datasets/TOBRFV-LMID/RGB/Tomato/I/Virus/V_21_RGB_0_17.tiff
train,Tomato\I\Virus,Virus,V_21,21,0,18,Datasets/TOBRFV-LMID/RGB/Tomato/I/Virus/V_21_RGB_0_18.tiff
train,Tomato\I\Virus,Virus,V_21,21,0,19,Datasets/TOBRFV-LMID/RGB/Tomato/I/Virus/V_21_RGB_0_19.tiff
train,Tomato\I\Virus,Virus,V_21,21,0,2,Datasets/TOBRFV-LMID/RGB/Tomato/I/Virus/V_21_RGB_0_2.tiff
train,Tomato\I\Virus,Virus,V_21,21,0,20,Datasets/TOBRFV-LMID/RGB/Tomato/I/Virus/V_21_RGB_0_20.tiff
train,Tomato\I\Virus,Virus,V_21,21,0,21,Datasets/TOBRFV-LMID/RGB/Tomato/I/Virus/V_21_RGB_0_21.tiff
train,Tomato\I\Virus,Virus,V_21,21,0,22,Datasets/TOBRFV-LMID/RGB/Tomato/I/Virus/V_21_RGB_0_22.tiff
train,Tomato\I\Virus,Virus,V_21,21,0,23,Datasets/TOBRFV-LMID/RGB/Tomato/I/Virus/V_21_RGB_0_23.tiff
train,Tomato\I\Virus,Virus,V_21,21,0,24,Datasets/TOBRFV-LMID/RGB/Tomato/I/Virus/V_21_RGB_0_24.tiff
train,Tomato\I\Virus,Virus,V_21,21,0,26,Datasets/TOBRFV-LMID/RGB/Tomato/I/Virus/V_21_RGB_0_26.tiff
train,Tomato\I\Virus,Virus,V_21,21,0,27,Datasets/TOBRFV-LMID/RGB/Tomato/I/Virus/V_21_RGB_0_27.tiff
train,Tomato\I\Virus,Virus,V_21,21,0,28,Datasets/TOBRFV-LMID/RGB/Tomato/I/Virus/V_21_RGB_0_28.tiff
train,Tomato\I\Virus,Virus,V_21,21,0,29,Datasets/TOBRFV-LMID/RGB/Tomato/I/Virus/V_21_RGB_0_29.tiff
train,Tomato\I\Virus,Virus,V_21,21,0,3,Datasets/TOBRFV-LMID/RGB/Tomato/I/Virus/V_21_RGB_0_3.tiff
train,Tomato\I\Virus,Virus,V_21,21,0,30,Datasets/TOBRFV-LMID/RGB/Tomato/I/Virus/V_21_RGB_0_30.tiff
train,Tomato\I\Virus,Virus,V_21,21,0,31,Datasets/TOBRFV-LMID/RGB/Tomato/I/Virus/V_21_RGB_0_31.tiff
train,Tomato\I\Virus,Virus,V_21,21,0,32,Datasets/TOBRFV-LMID/RGB/Tomato/I/Virus/V_21_RGB_0_32.tiff
train,Tomato\I\Virus,Virus,V_21,21,0,33,Datasets/TOBRFV-LMID/RGB/Tomato/I/Virus/V_21_RGB_0_33.tiff
train,Tomato\I\Virus,Virus,V_21,21,0,34,Datasets/TOBRFV-LMID/RGB/Tomato/I/Virus/V_21_RGB_0_34.tiff
train,Tomato\I\Virus,Virus,V_21,21,0,35,Datasets/TOBRFV-LMID/RGB/Tomato/I/Virus/V_21_RGB_0_35.tiff
train,Tomato\I\Virus,Virus,V_21,21,0,36,Datasets/TOBRFV-LMID/RGB/Tomato/I/Virus/V_21_RGB_0_36.tiff
train,Tomato\I\Virus,Virus,V_21,21,0,37,Datasets/TOBRFV-LMID/RGB/Tomato/I/Virus/V_21_RGB_0_37.tiff
train,Tomato\I\Virus,Virus,V_21,21,0,38,Datasets/TOBRFV-LMID/RGB/Tomato/I/Virus/V_21_RGB_0_38.tiff
train,Tomato\I\Virus,Virus,V_21,21,0,39,Datasets/TOBRFV-LMID/RGB/Tomato/I/Virus/V_21_RGB_0_39.tiff
train,Tomato\I\Virus,Virus,V_21,21,0,4,Datasets/TOBRFV-LMID/RGB/Tomato/I/Virus/V_21_RGB_0_4.tiff
train,Tomato\I\Virus,Virus,V_21,21,0,40,Datasets/TOBRFV-LMID/RGB/Tomato/I/Virus/V_21_RGB_0_40.tiff
train,Tomato\I\Virus,Virus,V_21,21,0,41,Datasets/TOBRFV-LMID/RGB/Tomato/I/Virus/V_21_RGB_0_41.tiff
train,Tomato\I\Virus,Virus,V_21,21,0,42,Datasets/TOBRFV-LMID/RGB/Tomato/I/Virus/V_21_RGB_0_42.tiff
train,Tomato\I\Virus,Virus,V_21,21,0,43,Datasets/TOBRFV-LMID/RGB/Tomato/I/Virus/V_21_RGB_0_43.tiff
train,Tomato\I\Virus,Virus,V_21,21,0,44,Datasets/TOBRFV-LMID/RGB/Tomato/I/Virus/V_21_RGB_0_44.tiff
train,Tomato\I\Virus,Virus,V_21,21,0,45,Datasets/TOBRFV-LMID/RGB/Tomato/I/Virus/V_21_RGB_0_45.tiff
train,Tomato\I\Virus,Virus,V_21,21,0,5,Datasets/TOBRFV-LMID/RGB/Tomato/I/Virus/V_21_RGB_0_5.tiff
train,Tomato\I\Virus,Virus,V_21,21,0,6,Datasets/TOBRFV-LMID/RGB/Tomato/I/Virus/V_21_RGB_0_6.tiff
train,Tomato\I\Virus,Virus,V_21,21,0,7,Datasets/TOBRFV-LMID/RGB/Tomato/I/Virus/V_21_RGB_0_7.tiff
train,Tomato\I\Virus,Virus,V_21,21,0,8,Datasets/TOBRFV-LMID/RGB/Tomato/I/Virus/V_21_RGB_0_8.tiff
train,Tomato\I\Virus,Virus,V_21,21,0,9,Datasets/TOBRFV-LMID/RGB/Tomato/I/Virus/V_21_RGB_0_9.tiff
train,Tomato\I\Virus,Virus,V_20,20,0,1,Datasets/TOBRFV-LMID/RGB/Tomato/I/Virus/V_20_RGB_0_1.tiff
train,Tomato\I\Virus,Virus,V_20,20,0,10,Datasets/TOBRFV-LMID/RGB/Tomato/I/Virus/V_20_RGB_0_10.tiff
train,Tomato\I\Virus,Virus,V_20,20,0,11,Datasets/TOBRFV-LMID/RGB/Tomato/I/Virus/V_20_RGB_0_11.tiff
train,Tomato\I\Virus,Virus,V_20,20,0,12,Datasets/TOBRFV-LMID/RGB/Tomato/I/Virus/V_20_RGB_0_12.tiff
train,Tomato\I\Virus,Virus,V_20,20,0,13,Datasets/TOBRFV-LMID/RGB/Tomato/I/Virus/V_20_RGB_0_13.tiff
train,Tomato\I\Virus,Virus,V_20,20,0,14,Datasets/TOBRFV-LMID/RGB/Tomato/I/Virus/V_20_RGB_0_14.tiff
train,Tomato\I\Virus,Virus,V_20,20,0,15,Datasets/TOBRFV-LMID/RGB/Tomato/I/Virus/V_20_RGB_0_15.tiff
train,Tomato\I\Virus,Virus,V_20,20,0,16,Datasets/TOBRFV-LMID/RGB/Tomato/I/Virus/V_20_RGB_0_16.tiff
train,Tomato\I\Virus,Virus,V_20,20,0,17,Datasets/TOBRFV-LMID/RGB/Tomato/I/Virus/V_20_RGB_0_17.tiff
train,Tomato\I\Virus,Virus,V_20,20,0,18,Datasets/TOBRFV-LMID/RGB/Tomato/I/Virus/V_20_RGB_0_18.tiff
train,Tomato\I\Virus,Virus,V_20,20,0,19,Datasets/TOBRFV-LMID/RGB/Tomato/I/Virus/V_20_RGB_0_19.tiff
train,Tomato\I\Virus,Virus,V_20,20,0,2,Datasets/TOBRFV-LMID/RGB/Tomato/I/Virus/V_20_RGB_0_2.tiff
train,Tomato\I\Virus,Virus,V_20,20,0,20,Datasets/TOBRFV-LMID/RGB/Tomato/I/Virus/V_20_RGB_0_20.tiff
train,Tomato\I\Virus,Virus,V_20,20,0,21,Datasets/TOBRFV-LMID/RGB/Tomato/I/Virus/V_20_RGB_0_21.tiff
train,Tomato\I\Virus,Virus,V_20,20,0,22,Datasets/TOBRFV-LMID/RGB/Tomato/I/Virus/V_20_RGB_0_22.tiff
train,Tomato\I\Virus,Virus,V_20,20,0,23,Datasets/TOBRFV-LMID/RGB/Tomato/I/Virus/V_20_RGB_0_23.tiff
train,Tomato\I\Virus,Virus,V_20,20,0,24,Datasets/TOBRFV-LMID/RGB/Tomato/I/Virus/V_20_RGB_0_24.tiff
train,Tomato\I\Virus,Virus,V_20,20,0,25,Datasets/TOBRFV-LMID/RGB/Tomato/I/Virus/V_20_RGB_0_25.tiff
train,Tomato\I\Virus,Virus,V_20,20,0,26,Datasets/TOBRFV-LMID/RGB/Tomato/I/Virus/V_20_RGB_0_26.tiff
train,Tomato\I\Virus,Virus,V_20,20,0,27,Datasets/TOBRFV-LMID/RGB/Tomato/I/Virus/V_20_RGB_0_27.tiff
train,Tomato\I\Virus,Virus,V_20,20,0,28,Datasets/TOBRFV-LMID/RGB/Tomato/I/Virus/V_20_RGB_0_28.tiff
train,Tomato\I\Virus,Virus,V_20,20,0,29,Datasets/TOBRFV-LMID/RGB/Tomato/I/Virus/V_20_RGB_0_29.tiff
train,Tomato\I\Virus,Virus,V_20,20,0,3,Datasets/TOBRFV-LMID/RGB/Tomato/I/Virus/V_20_RGB_0_3.tiff
train,Tomato\I\Virus,Virus,V_20,20,0,30,Datasets/TOBRFV-LMID/RGB/Tomato/I/Virus/V_20_RGB_0_30.tiff
train,Tomato\I\Virus,Virus,V_20,20,0,31,Datasets/TOBRFV-LMID/RGB/Tomato/I/Virus/V_20_RGB_0_31.tiff
train,Tomato\I\Virus,Virus,V_20,20,0,32,Datasets/TOBRFV-LMID/RGB/Tomato/I/Virus/V_20_RGB_0_32.tiff
train,Tomato\I\Virus,Virus,V_20,20,0,35,Datasets/TOBRFV-LMID/RGB/Tomato/I/Virus/V_20_RGB_0_35.tiff
train,Tomato\I\Virus,Virus,V_20,20,0,36,Datasets/TOBRFV-LMID/RGB/Tomato/I/Virus/V_20_RGB_0_36.tiff
train,Tomato\I\Virus,Virus,V_20,20,0,37,Datasets/TOBRFV-LMID/RGB/Tomato/I/Virus/V_20_RGB_0_37.tiff
train,Tomato\I\Virus,Virus,V_20,20,0,38,Datasets/TOBRFV-LMID/RGB/Tomato/I/Virus/V_20_RGB_0_38.tiff
train,Tomato\I\Virus,Virus,V_20,20,0,39,Datasets/TOBRFV-LMID/RGB/Tomato/I/Virus/V_20_RGB_0_39.tiff
train,Tomato\I\Virus,Virus,V_20,20,0,4,Datasets/TOBRFV-LMID/RGB/Tomato/I/Virus/V_20_RGB_0_4.tiff
train,Tomato\I\Virus,Virus,V_20,20,0,41,Datasets/TOBRFV-LMID/RGB/Tomato/I/Virus/V_20_RGB_0_41.tiff
train,Tomato\I\Virus,Virus,V_20,20,0,43,Datasets/TOBRFV-LMID/RGB/Tomato/I/Virus/V_20_RGB_0_43.tiff
train,Tomato\I\Virus,Virus,V_20,20,0,44,Datasets/TOBRFV-LMID/RGB/Tomato/I/Virus/V_20_RGB_0_44.tiff
train,Tomato\I\Virus,Virus,V_20,20,0,45,Datasets/TOBRFV-LMID/RGB/Tomato/I/Virus/V_20_RGB_0_45.tiff
train,Tomato\I\Virus,Virus,V_20,20,0,5,Datasets/TOBRFV-LMID/RGB/Tomato/I/Virus/V_20_RGB_0_5.tiff
train,Tomato\I\Virus,Virus,V_20,20,0,6,Datasets/TOBRFV-LMID/RGB/Tomato/I/Virus/V_20_RGB_0_6.tiff
train,Tomato\I\Virus,Virus,V_20,20,0,7,Datasets/TOBRFV-LMID/RGB/Tomato/I/Virus/V_20_RGB_0_7.tiff
train,Tomato\I\Virus,Virus,V_20,20,0,8,Datasets/TOBRFV-LMID/RGB/Tomato/I/Virus/V_20_RGB_0_8.tiff
train,Tomato\I\Virus,Virus,V_20,20,0,9,Datasets/TOBRFV-LMID/RGB/Tomato/I/Virus/V_20_RGB_0_9.tiff
train,Tomato\I\Virus,Virus,V_20,20,15,1,Datasets/TOBRFV-LMID/RGB/Tomato/I/Virus/V_20_RGB_15_1.tiff
train,Tomato\I\Virus,Virus,V_20,20,15,10,Datasets/TOBRFV-LMID/RGB/Tomato/I/Virus/V_20_RGB_15_10.tiff
train,Tomato\I\Virus,Virus,V_20,20,15,11,Datasets/TOBRFV-LMID/RGB/Tomato/I/Virus/V_20_RGB_15_11.tiff
train,Tomato\I\Virus,Virus,V_20,20,15,12,Datasets/TOBRFV-LMID/RGB/Tomato/I/Virus/V_20_RGB_15_12.tiff
train,Tomato\I\Virus,Virus,V_20,20,15,13,Datasets/TOBRFV-LMID/RGB/Tomato/I/Virus/V_20_RGB_15_13.tiff
train,Tomato\I\Virus,Virus,V_20,20,15,14,Datasets/TOBRFV-LMID/RGB/Tomato/I/Virus/V_20_RGB_15_14.tiff
train,Tomato\I\Virus,Virus,V_20,20,15,2,Datasets/TOBRFV-LMID/RGB/Tomato/I/Virus/V_20_RGB_15_2.tiff
train,Tomato\I\Virus,Virus,V_20,20,15,26,Datasets/TOBRFV-LMID/RGB/Tomato/I/Virus/V_20_RGB_15_26.tiff
train,Tomato\I\Virus,Virus,V_20,20,15,27,Datasets/TOBRFV-LMID/RGB/Tomato/I/Virus/V_20_RGB_15_27.tiff
train,Tomato\I\Virus,Virus,V_20,20,15,28,Datasets/TOBRFV-LMID/RGB/Tomato/I/Virus/V_20_RGB_15_28.tiff
train,Tomato\I\Virus,Virus,V_20,20,15,29,Datasets/TOBRFV-LMID/RGB/Tomato/I/Virus/V_20_RGB_15_29.tiff
train,Tomato\I\Virus,Virus,V_20,20,15,3,Datasets/TOBRFV-LMID/RGB/Tomato/I/Virus/V_20_RGB_15_3.tiff
train,Tomato\I\Virus,Virus,V_20,20,15,30,Datasets/TOBRFV-LMID/RGB/Tomato/I/Virus/V_20_RGB_15_30.tiff
train,Tomato\I\Virus,Virus,V_20,20,15,31,Datasets/TOBRFV-LMID/RGB/Tomato/I/Virus/V_20_RGB_15_31.tiff
train,Tomato\I\Virus,Virus,V_20,20,15,32,Datasets/TOBRFV-LMID/RGB/Tomato/I/Virus/V_20_RGB_15_32.tiff
train,Tomato\I\Virus,Virus,V_20,20,15,35,Datasets/TOBRFV-LMID/RGB/Tomato/I/Virus/V_20_RGB_15_35.tiff
train,Tomato\I\Virus,Virus,V_20,20,15,36,Datasets/TOBRFV-LMID/RGB/Tomato/I/Virus/V_20_RGB_15_36.tiff
train,Tomato\I\Virus,Virus,V_20,20,15,37,Datasets/TOBRFV-LMID/RGB/Tomato/I/Virus/V_20_RGB_15_37.tiff
train,Tomato\I\Virus,Virus,V_20,20,15,38,Datasets/TOBRFV-LMID/RGB/Tomato/I/Virus/V_20_RGB_15_38.tiff
train,Tomato\I\Virus,Virus,V_20,20,15,4,Datasets/TOBRFV-LMID/RGB/Tomato/I/Virus/V_20_RGB_15_4.tiff
train,Tomato\I\Virus,Virus,V_20,20,15,40,Datasets/TOBRFV-LMID/RGB/Tomato/I/Virus/V_20_RGB_15_40.tiff
train,Tomato\I\Virus,Virus,V_20,20,15,41,Datasets/TOBRFV-LMID/RGB/Tomato/I/Virus/V_20_RGB_15_41.tiff
train,Tomato\I\Virus,Virus,V_20,20,15,42,Datasets/TOBRFV-LMID/RGB/Tomato/I/Virus/V_20_RGB_15_42.tiff
train,Tomato\I\Virus,Virus,V_20,20,15,43,Datasets/TOBRFV-LMID/RGB/Tomato/I/Virus/V_20_RGB_15_43.tiff
train,Tomato\I\Virus,Virus,V_20,20,15,45,Datasets/TOBRFV-LMID/RGB/Tomato/I/Virus/V_20_RGB_15_45.tiff
train,Tomato\I\Virus,Virus,V_20,20,15,5,Datasets/TOBRFV-LMID/RGB/Tomato/I/Virus/V_20_RGB_15_5.tiff
train,Tomato\I\Virus,Virus,V_20,20,15,6,Datasets/TOBRFV-LMID/RGB/Tomato/I/Virus/V_20_RGB_15_6.tiff
train,Tomato\I\Virus,Virus,V_20,20,15,7,Datasets/TOBRFV-LMID/RGB/Tomato/I/Virus/V_20_RGB_15_7.tiff
train,Tomato\I\Virus,Virus,V_20,20,15,8,Datasets/TOBRFV-LMID/RGB/Tomato/I/Virus/V_20_RGB_15_8.tiff
train,Tomato\I\Virus,Virus,V_20,20,15,9,Datasets/TOBRFV-LMID/RGB/Tomato/I/Virus/V_20_RGB_15_9.tiff
train,Tomato\I\Virus,Virus,V_10,10,0,1,Datasets/TOBRFV-LMID/RGB/Tomato/I/Virus/V_10_RGB_0_1.tiff
train,Tomato\I\Virus,Virus,V_10,10,0,10,Datasets/TOBRFV-LMID/RGB/Tomato/I/Virus/V_10_RGB_0_10.tiff
train,Tomato\I\Virus,Virus,V_10,10,0,12,Datasets/TOBRFV-LMID/RGB/Tomato/I/Virus/V_10_RGB_0_12.tiff
train,Tomato\I\Virus,Virus,V_10,10,0,13,Datasets/TOBRFV-LMID/RGB/Tomato/I/Virus/V_10_RGB_0_13.tiff
train,Tomato\I\Virus,Virus,V_10,10,0,14,Datasets/TOBRFV-LMID/RGB/Tomato/I/Virus/V_10_RGB_0_14.tiff
train,Tomato\I\Virus,Virus,V_10,10,0,15,Datasets/TOBRFV-LMID/RGB/Tomato/I/Virus/V_10_RGB_0_15.tiff
train,Tomato\I\Virus,Virus,V_10,10,0,16,Datasets/TOBRFV-LMID/RGB/Tomato/I/Virus/V_10_RGB_0_16.tiff
train,Tomato\I\Virus,Virus,V_10,10,0,17,Datasets/TOBRFV-LMID/RGB/Tomato/I/Virus/V_10_RGB_0_17.tiff
train,Tomato\I\Virus,Virus,V_10,10,0,18,Datasets/TOBRFV-LMID/RGB/Tomato/I/Virus/V_10_RGB_0_18.tiff
train,Tomato\I\Virus,Virus,V_10,10,0,19,Datasets/TOBRFV-LMID/RGB/Tomato/I/Virus/V_10_RGB_0_19.tiff
train,Tomato\I\Virus,Virus,V_10,10,0,2,Datasets/TOBRFV-LMID/RGB/Tomato/I/Virus/V_10_RGB_0_2.tiff
train,Tomato\I\Virus,Virus,V_10,10,0,20,Datasets/TOBRFV-LMID/RGB/Tomato/I/Virus/V_10_RGB_0_20.tiff
train,Tomato\I\Virus,Virus,V_10,10,0,21,Datasets/TOBRFV-LMID/RGB/Tomato/I/Virus/V_10_RGB_0_21.tiff
train,Tomato\I\Virus,Virus,V_10,10,0,22,Datasets/TOBRFV-LMID/RGB/Tomato/I/Virus/V_10_RGB_0_22.tiff
train,Tomato\I\Virus,Virus,V_10,10,0,23,Datasets/TOBRFV-LMID/RGB/Tomato/I/Virus/V_10_RGB_0_23.tiff
train,Tomato\I\Virus,Virus,V_10,10,0,24,Datasets/TOBRFV-LMID/RGB/Tomato/I/Virus/V_10_RGB_0_24.tiff
train,Tomato\I\Virus,Virus,V_10,10,0,25,Datasets/TOBRFV-LMID/RGB/Tomato/I/Virus/V_10_RGB_0_25.tiff
train,Tomato\I\Virus,Virus,V_10,10,0,26,Datasets/TOBRFV-LMID/RGB/Tomato/I/Virus/V_10_RGB_0_26.tiff
train,Tomato\I\Virus,Virus,V_10,10,0,27,Datasets/TOBRFV-LMID/RGB/Tomato/I/Virus/V_10_RGB_0_27.tiff
train,Tomato\I\Virus,Virus,V_10,10,0,28,Datasets/TOBRFV-LMID/RGB/Tomato/I/Virus/V_10_RGB_0_28.tiff
train,Tomato\I\Virus,Virus,V_10,10,0,29,Datasets/TOBRFV-LMID/RGB/Tomato/I/Virus/V_10_RGB_0_29.tiff
train,Tomato\I\Virus,Virus,V_10,10,0,3,Datasets/TOBRFV-LMID/RGB/Tomato/I/Virus/V_10_RGB_0_3.tiff
train,Tomato\I\Virus,Virus,V_10,10,0,30,Datasets/TOBRFV-LMID/RGB/Tomato/I/Virus/V_10_RGB_0_30.tiff
train,Tomato\I\Virus,Virus,V_10,10,0,31,Datasets/TOBRFV-LMID/RGB/Tomato/I/Virus/V_10_RGB_0_31.tiff
train,Tomato\I\Virus,Virus,V_10,10,0,33,Datasets/TOBRFV-LMID/RGB/Tomato/I/Virus/V_10_RGB_0_33.tiff
train,Tomato\I\Virus,Virus,V_10,10,0,34,Datasets/TOBRFV-LMID/RGB/Tomato/I/Virus/V_10_RGB_0_34.tiff
train,Tomato\I\Virus,Virus,V_10,10,0,35,Datasets/TOBRFV-LMID/RGB/Tomato/I/Virus/V_10_RGB_0_35.tiff
train,Tomato\I\Virus,Virus,V_10,10,0,36,Datasets/TOBRFV-LMID/RGB/Tomato/I/Virus/V_10_RGB_0_36.tiff
train,Tomato\I\Virus,Virus,V_10,10,0,37,Datasets/TOBRFV-LMID/RGB/Tomato/I/Virus/V_10_RGB_0_37.tiff
train,Tomato\I\Virus,Virus,V_10,10,0,38,Datasets/TOBRFV-LMID/RGB/Tomato/I/Virus/V_10_RGB_0_38.tiff
train,Tomato\I\Virus,Virus,V_10,10,0,39,Datasets/TOBRFV-LMID/RGB/Tomato/I/Virus/V_10_RGB_0_39.tiff
train,Tomato\I\Virus,Virus,V_10,10,0,4,Datasets/TOBRFV-LMID/RGB/Tomato/I/Virus/V_10_RGB_0_4.tiff
train,Tomato\I\Virus,Virus,V_10,10,0,40,Datasets/TOBRFV-LMID/RGB/Tomato/I/Virus/V_10_RGB_0_40.tiff
train,Tomato\I\Virus,Virus,V_10,10,0,41,Datasets/TOBRFV-LMID/RGB/Tomato/I/Virus/V_10_RGB_0_41.tiff
train,Tomato\I\Virus,Virus,V_10,10,0,42,Datasets/TOBRFV-LMID/RGB/Tomato/I/Virus/V_10_RGB_0_42.tiff
train,Tomato\I\Virus,Virus,V_10,10,0,43,Datasets/TOBRFV-LMID/RGB/Tomato/I/Virus/V_10_RGB_0_43.tiff
train,Tomato\I\Virus,Virus,V_10,10,0,45,Datasets/TOBRFV-LMID/RGB/Tomato/I/Virus/V_10_RGB_0_45.tiff
train,Tomato\I\Virus,Virus,V_10,10,0,5,Datasets/TOBRFV-LMID/RGB/Tomato/I/Virus/V_10_RGB_0_5.tiff
train,Tomato\I\Virus,Virus,V_10,10,0,6,Datasets/TOBRFV-LMID/RGB/Tomato/I/Virus/V_10_RGB_0_6.tiff
train,Tomato\I\Virus,Virus,V_10,10,0,7,Datasets/TOBRFV-LMID/RGB/Tomato/I/Virus/V_10_RGB_0_7.tiff
train,Tomato\I\Virus,Virus,V_10,10,0,8,Datasets/TOBRFV-LMID/RGB/Tomato/I/Virus/V_10_RGB_0_8.tiff
train,Tomato\I\Virus,Virus,V_10,10,0,9,Datasets/TOBRFV-LMID/RGB/Tomato/I/Virus/V_10_RGB_0_9.tiff
train,Tomato\I\Virus,Virus,V_10,10,5,1,Datasets/TOBRFV-LMID/RGB/Tomato/I/Virus/V_10_RGB_5_1.tiff
train,Tomato\I\Virus,Virus,V_10,10,5,10,Datasets/TOBRFV-LMID/RGB/Tomato/I/Virus/V_10_RGB_5_10.tiff
train,Tomato\I\Virus,Virus,V_10,10,5,11,Datasets/TOBRFV-LMID/RGB/Tomato/I/Virus/V_10_RGB_5_11.tiff
train,Tomato\I\Virus,Virus,V_10,10,5,12,Datasets/TOBRFV-LMID/RGB/Tomato/I/Virus/V_10_RGB_5_12.tiff
train,Tomato\I\Virus,Virus,V_10,10,5,14,Datasets/TOBRFV-LMID/RGB/Tomato/I/Virus/V_10_RGB_5_14.tiff
train,Tomato\I\Virus,Virus,V_10,10,5,15,Datasets/TOBRFV-LMID/RGB/Tomato/I/Virus/V_10_RGB_5_15.tiff
train,Tomato\I\Virus,Virus,V_10,10,5,16,Datasets/TOBRFV-LMID/RGB/Tomato/I/Virus/V_10_RGB_5_16.tiff
train,Tomato\I\Virus,Virus,V_10,10,5,18,Datasets/TOBRFV-LMID/RGB/Tomato/I/Virus/V_10_RGB_5_18.tiff
train,Tomato\I\Virus,Virus,V_10,10,5,19,Datasets/TOBRFV-LMID/RGB/Tomato/I/Virus/V_10_RGB_5_19.tiff
train,Tomato\I\Virus,Virus,V_10,10,5,20,Datasets/TOBRFV-LMID/RGB/Tomato/I/Virus/V_10_RGB_5_20.tiff
train,Tomato\I\Virus,Virus,V_10,10,5,21,Datasets/TOBRFV-LMID/RGB/Tomato/I/Virus/V_10_RGB_5_21.tiff
train,Tomato\I\Virus,Virus,V_10,10,5,22,Datasets/TOBRFV-LMID/RGB/Tomato/I/Virus/V_10_RGB_5_22.tiff
train,Tomato\I\Virus,Virus,V_10,10,5,23,Datasets/TOBRFV-LMID/RGB/Tomato/I/Virus/V_10_RGB_5_23.tiff
train,Tomato\I\Virus,Virus,V_10,10,5,24,Datasets/TOBRFV-LMID/RGB/Tomato/I/Virus/V_10_RGB_5_24.tiff
train,Tomato\I\Virus,Virus,V_10,10,5,25,Datasets/TOBRFV-LMID/RGB/Tomato/I/Virus/V_10_RGB_5_25.tiff
train,Tomato\I\Virus,Virus,V_10,10,5,26,Datasets/TOBRFV-LMID/RGB/Tomato/I/Virus/V_10_RGB_5_26.tiff
train,Tomato\I\Virus,Virus,V_10,10,5,27,Datasets/TOBRFV-LMID/RGB/Tomato/I/Virus/V_10_RGB_5_27.tiff
train,Tomato\I\Virus,Virus,V_10,10,5,28,Datasets/TOBRFV-LMID/RGB/Tomato/I/Virus/V_10_RGB_5_28.tiff
train,Tomato\I\Virus,Virus,V_10,10,5,3,Datasets/TOBRFV-LMID/RGB/Tomato/I/Virus/V_10_RGB_5_3.tiff
train,Tomato\I\Virus,Virus,V_10,10,5,30,Datasets/TOBRFV-LMID/RGB/Tomato/I/Virus/V_10_RGB_5_30.tiff
train,Tomato\I\Virus,Virus,V_10,10,5,31,Datasets/TOBRFV-LMID/RGB/Tomato/I/Virus/V_10_RGB_5_31.tiff
train,Tomato\I\Virus,Virus,V_10,10,5,32,Datasets/TOBRFV-LMID/RGB/Tomato/I/Virus/V_10_RGB_5_32.tiff
train,Tomato\I\Virus,Virus,V_10,10,5,33,Datasets/TOBRFV-LMID/RGB/Tomato/I/Virus/V_10_RGB_5_33.tiff
train,Tomato\I\Virus,Virus,V_10,10,5,34,Datasets/TOBRFV-LMID/RGB/Tomato/I/Virus/V_10_RGB_5_34.tiff
train,Tomato\I\Virus,Virus,V_10,10,5,35,Datasets/TOBRFV-LMID/RGB/Tomato/I/Virus/V_10_RGB_5_35.tiff
train,Tomato\I\Virus,Virus,V_10,10,5,36,Datasets/TOBRFV-LMID/RGB/Tomato/I/Virus/V_10_RGB_5_36.tiff
train,Tomato\I\Virus,Virus,V_10,10,5,37,Datasets/TOBRFV-LMID/RGB/Tomato/I/Virus/V_10_RGB_5_37.tiff
train,Tomato\I\Virus,Virus,V_10,10,5,38,Datasets/TOBRFV-LMID/RGB/Tomato/I/Virus/V_10_RGB_5_38.tiff
train,Tomato\I\Virus,Virus,V_10,10,5,39,Datasets/TOBRFV-LMID/RGB/Tomato/I/Virus/V_10_RGB_5_39.tiff
train,Tomato\I\Virus,Virus,V_10,10,5,4,Datasets/TOBRFV-LMID/RGB/Tomato/I/Virus/V_10_RGB_5_4.tiff
train,Tomato\I\Virus,Virus,V_10,10,5,40,Datasets/TOBRFV-LMID/RGB/Tomato/I/Virus/V_10_RGB_5_40.tiff
train,Tomato\I\Virus,Virus,V_10,10,5,41,Datasets/TOBRFV-LMID/RGB/Tomato/I/Virus/V_10_RGB_5_41.tiff
train,Tomato\I\Virus,Virus,V_10,10,5,42,Datasets/TOBRFV-LMID/RGB/Tomato/I/Virus/V_10_RGB_5_42.tiff
train,Tomato\I\Virus,Virus,V_10,10,5,43,Datasets/TOBRFV-LMID/RGB/Tomato/I/Virus/V_10_RGB_5_43.tiff
train,Tomato\I\Virus,Virus,V_10,10,5,44,Datasets/TOBRFV-LMID/RGB/Tomato/I/Virus/V_10_RGB_5_44.tiff
train,Tomato\I\Virus,Virus,V_10,10,5,45,Datasets/TOBRFV-LMID/RGB/Tomato/I/Virus/V_10_RGB_5_45.tiff
train,Tomato\I\Virus,Virus,V_10,10,5,5,Datasets/TOBRFV-LMID/RGB/Tomato/I/Virus/V_10_RGB_5_5.tiff
train,Tomato\I\Virus,Virus,V_10,10,5,8,Datasets/TOBRFV-LMID/RGB/Tomato/I/Virus/V_10_RGB_5_8.tiff
train,Tomato\I\Virus,Virus,V_10,10,5,9,Datasets/TOBRFV-LMID/RGB/Tomato/I/Virus/V_10_RGB_5_9.tiff
train,Tomato\I\Virus,Virus,V_18,18,0,1,Datasets/TOBRFV-LMID/RGB/Tomato/I/Virus/V_18_RGB_0_1.tiff
train,Tomato\I\Virus,Virus,V_18,18,0,10,Datasets/TOBRFV-LMID/RGB/Tomato/I/Virus/V_18_RGB_0_10.tiff
train,Tomato\I\Virus,Virus,V_18,18,0,11,Datasets/TOBRFV-LMID/RGB/Tomato/I/Virus/V_18_RGB_0_11.tiff
train,Tomato\I\Virus,Virus,V_18,18,0,12,Datasets/TOBRFV-LMID/RGB/Tomato/I/Virus/V_18_RGB_0_12.tiff
train,Tomato\I\Virus,Virus,V_18,18,0,13,Datasets/TOBRFV-LMID/RGB/Tomato/I/Virus/V_18_RGB_0_13.tiff
train,Tomato\I\Virus,Virus,V_18,18,0,14,Datasets/TOBRFV-LMID/RGB/Tomato/I/Virus/V_18_RGB_0_14.tiff
train,Tomato\I\Virus,Virus,V_18,18,0,15,Datasets/TOBRFV-LMID/RGB/Tomato/I/Virus/V_18_RGB_0_15.tiff
train,Tomato\I\Virus,Virus,V_18,18,0,16,Datasets/TOBRFV-LMID/RGB/Tomato/I/Virus/V_18_RGB_0_16.tiff
train,Tomato\I\Virus,Virus,V_18,18,0,19,Datasets/TOBRFV-LMID/RGB/Tomato/I/Virus/V_18_RGB_0_19.tiff
train,Tomato\I\Virus,Virus,V_18,18,0,2,Datasets/TOBRFV-LMID/RGB/Tomato/I/Virus/V_18_RGB_0_2.tiff
train,Tomato\I\Virus,Virus,V_18,18,0,20,Datasets/TOBRFV-LMID/RGB/Tomato/I/Virus/V_18_RGB_0_20.tiff
train,Tomato\I\Virus,Virus,V_18,18,0,22,Datasets/TOBRFV-LMID/RGB/Tomato/I/Virus/V_18_RGB_0_22.tiff
train,Tomato\I\Virus,Virus,V_18,18,0,23,Datasets/TOBRFV-LMID/RGB/Tomato/I/Virus/V_18_RGB_0_23.tiff
train,Tomato\I\Virus,Virus,V_18,18,0,26,Datasets/TOBRFV-LMID/RGB/Tomato/I/Virus/V_18_RGB_0_26.tiff
train,Tomato\I\Virus,Virus,V_18,18,0,27,Datasets/TOBRFV-LMID/RGB/Tomato/I/Virus/V_18_RGB_0_27.tiff
train,Tomato\I\Virus,Virus,V_18,18,0,28,Datasets/TOBRFV-LMID/RGB/Tomato/I/Virus/V_18_RGB_0_28.tiff
train,Tomato\I\Virus,Virus,V_18,18,0,29,Datasets/TOBRFV-LMID/RGB/Tomato/I/Virus/V_18_RGB_0_29.tiff
train,Tomato\I\Virus,Virus,V_18,18,0,3,Datasets/TOBRFV-LMID/RGB/Tomato/I/Virus/V_18_RGB_0_3.tiff
train,Tomato\I\Virus,Virus,V_18,18,0,30,Datasets/TOBRFV-LMID/RGB/Tomato/I/Virus/V_18_RGB_0_30.tiff
train,Tomato\I\Virus,Virus,V_18,18,0,31,Datasets/TOBRFV-LMID/RGB/Tomato/I/Virus/V_18_RGB_0_31.tiff
train,Tomato\I\Virus,Virus,V_18,18,0,32,Datasets/TOBRFV-LMID/RGB/Tomato/I/Virus/V_18_RGB_0_32.tiff
train,Tomato\I\Virus,Virus,V_18,18,0,33,Datasets/TOBRFV-LMID/RGB/Tomato/I/Virus/V_18_RGB_0_33.tiff
train,Tomato\I\Virus,Virus,V_18,18,0,34,Datasets/TOBRFV-LMID/RGB/Tomato/I/Virus/V_18_RGB_0_34.tiff
train,Tomato\I\Virus,Virus,V_18,18,0,35,Datasets/TOBRFV-LMID/RGB/Tomato/I/Virus/V_18_RGB_0_35.tiff
train,Tomato\I\Virus,Virus,V_18,18,0,36,Datasets/TOBRFV-LMID/RGB/Tomato/I/Virus/V_18_RGB_0_36.tiff
train,Tomato\I\Virus,Virus,V_18,18,0,37,Datasets/TOBRFV-LMID/RGB/Tomato/I/Virus/V_18_RGB_0_37.tiff
train,Tomato\I\Virus,Virus,V_18,18,0,38,Datasets/TOBRFV-LMID/RGB/Tomato/I/Virus/V_18_RGB_0_38.tiff
train,Tomato\I\Virus,Virus,V_18,18,0,39,Datasets/TOBRFV-LMID/RGB/Tomato/I/Virus/V_18_RGB_0_39.tiff
train,Tomato\I\Virus,Virus,V_18,18,0,4,Datasets/TOBRFV-LMID/RGB/Tomato/I/Virus/V_18_RGB_0_4.tiff
train,Tomato\I\Virus,Virus,V_18,18,0,40,Datasets/TOBRFV-LMID/RGB/Tomato/I/Virus/V_18_RGB_0_40.tiff
train,Tomato\I\Virus,Virus,V_18,18,0,41,Datasets/TOBRFV-LMID/RGB/Tomato/I/Virus/V_18_RGB_0_41.tiff
train,Tomato\I\Virus,Virus,V_18,18,0,42,Datasets/TOBRFV-LMID/RGB/Tomato/I/Virus/V_18_RGB_0_42.tiff
train,Tomato\I\Virus,Virus,V_18,18,0,43,Datasets/TOBRFV-LMID/RGB/Tomato/I/Virus/V_18_RGB_0_43.tiff
train,Tomato\I\Virus,Virus,V_18,18,0,44,Datasets/TOBRFV-LMID/RGB/Tomato/I/Virus/V_18_RGB_0_44.tiff
train,Tomato\I\Virus,Virus,V_18,18,0,45,Datasets/TOBRFV-LMID/RGB/Tomato/I/Virus/V_18_RGB_0_45.tiff
train,Tomato\I\Virus,Virus,V_18,18,0,5,Datasets/TOBRFV-LMID/RGB/Tomato/I/Virus/V_18_RGB_0_5.tiff
train,Tomato\I\Virus,Virus,V_18,18,0,6,Datasets/TOBRFV-LMID/RGB/Tomato/I/Virus/V_18_RGB_0_6.tiff
train,Tomato\I\Virus,Virus,V_18,18,0,7,Datasets/TOBRFV-LMID/RGB/Tomato/I/Virus/V_18_RGB_0_7.tiff
train,Tomato\I\Virus,Virus,V_18,18,0,8,Datasets/TOBRFV-LMID/RGB/Tomato/I/Virus/V_18_RGB_0_8.tiff
train,Tomato\I\Virus,Virus,V_18,18,0,9,Datasets/TOBRFV-LMID/RGB/Tomato/I/Virus/V_18_RGB_0_9.tiff
train,Tomato\I\Virus,Virus,V_18,18,15,1,Datasets/TOBRFV-LMID/RGB/Tomato/I/Virus/V_18_RGB_15_1.tiff
train,Tomato\I\Virus,Virus,V_18,18,15,10,Datasets/TOBRFV-LMID/RGB/Tomato/I/Virus/V_18_RGB_15_10.tiff
train,Tomato\I\Virus,Virus,V_18,18,15,11,Datasets/TOBRFV-LMID/RGB/Tomato/I/Virus/V_18_RGB_15_11.tiff
train,Tomato\I\Virus,Virus,V_18,18,15,13,Datasets/TOBRFV-LMID/RGB/Tomato/I/Virus/V_18_RGB_15_13.tiff
train,Tomato\I\Virus,Virus,V_18,18,15,14,Datasets/TOBRFV-LMID/RGB/Tomato/I/Virus/V_18_RGB_15_14.tiff
train,Tomato\I\Virus,Virus,V_18,18,15,15,Datasets/TOBRFV-LMID/RGB/Tomato/I/Virus/V_18_RGB_15_15.tiff
train,Tomato\I\Virus,Virus,V_18,18,15,16,Datasets/TOBRFV-LMID/RGB/Tomato/I/Virus/V_18_RGB_15_16.tiff
train,Tomato\I\Virus,Virus,V_18,18,15,18,Datasets/TOBRFV-LMID/RGB/Tomato/I/Virus/V_18_RGB_15_18.tiff
train,Tomato\I\Virus,Virus,V_18,18,15,19,Datasets/TOBRFV-LMID/RGB/Tomato/I/Virus/V_18_RGB_15_19.tiff
train,Tomato\I\Virus,Virus,V_18,18,15,2,Datasets/TOBRFV-LMID/RGB/Tomato/I/Virus/V_18_RGB_15_2.tiff
train,Tomato\I\Virus,Virus,V_18,18,15,20,Datasets/TOBRFV-LMID/RGB/Tomato/I/Virus/V_18_RGB_15_20.tiff
train,Tomato\I\Virus,Virus,V_18,18,15,21,Datasets/TOBRFV-LMID/RGB/Tomato/I/Virus/V_18_RGB_15_21.tiff
train,Tomato\I\Virus,Virus,V_18,18,15,22,Datasets/TOBRFV-LMID/RGB/Tomato/I/Virus/V_18_RGB_15_22.tiff
train,Tomato\I\Virus,Virus,V_18,18,15,23,Datasets/TOBRFV-LMID/RGB/Tomato/I/Virus/V_18_RGB_15_23.tiff
train,Tomato\I\Virus,Virus,V_18,18,15,24,Datasets/TOBRFV-LMID/RGB/Tomato/I/Virus/V_18_RGB_15_24.tiff
train,Tomato\I\Virus,Virus,V_18,18,15,25,Datasets/TOBRFV-LMID/RGB/Tomato/I/Virus/V_18_RGB_15_25.tiff
train,Tomato\I\Virus,Virus,V_18,18,15,26,Datasets/TOBRFV-LMID/RGB/Tomato/I/Virus/V_18_RGB_15_26.tiff
train,Tomato\I\Virus,Virus,V_18,18,15,27,Datasets/TOBRFV-LMID/RGB/Tomato/I/Virus/V_18_RGB_15_27.tiff
train,Tomato\I\Virus,Virus,V_18,18,15,28,Datasets/TOBRFV-LMID/RGB/Tomato/I/Virus/V_18_RGB_15_28.tiff
train,Tomato\I\Virus,Virus,V_18,18,15,29,Datasets/TOBRFV-LMID/RGB/Tomato/I/Virus/V_18_RGB_15_29.tiff
train,Tomato\I\Virus,Virus,V_18,18,15,3,Datasets/TOBRFV-LMID/RGB/Tomato/I/Virus/V_18_RGB_15_3.tiff
train,Tomato\I\Virus,Virus,V_18,18,15,30,Datasets/TOBRFV-LMID/RGB/Tomato/I/Virus/V_18_RGB_15_30.tiff
train,Tomato\I\Virus,Virus,V_18,18,15,31,Datasets/TOBRFV-LMID/RGB/Tomato/I/Virus/V_18_RGB_15_31.tiff
train,Tomato\I\Virus,Virus,V_18,18,15,32,Datasets/TOBRFV-LMID/RGB/Tomato/I/Virus/V_18_RGB_15_32.tiff
train,Tomato\I\Virus,Virus,V_18,18,15,33,Datasets/TOBRFV-LMID/RGB/Tomato/I/Virus/V_18_RGB_15_33.tiff
train,Tomato\I\Virus,Virus,V_18,18,15,34,Datasets/TOBRFV-LMID/RGB/Tomato/I/Virus/V_18_RGB_15_34.tiff
train,Tomato\I\Virus,Virus,V_18,18,15,35,Datasets/TOBRFV-LMID/RGB/Tomato/I/Virus/V_18_RGB_15_35.tiff
train,Tomato\I\Virus,Virus,V_18,18,15,36,Datasets/TOBRFV-LMID/RGB/Tomato/I/Virus/V_18_RGB_15_36.tiff
train,Tomato\I\Virus,Virus,V_18,18,15,37,Datasets/TOBRFV-LMID/RGB/Tomato/I/Virus/V_18_RGB_15_37.tiff
train,Tomato\I\Virus,Virus,V_18,18,15,38,Datasets/TOBRFV-LMID/RGB/Tomato/I/Virus/V_18_RGB_15_38.tiff
train,Tomato\I\Virus,Virus,V_18,18,15,39,Datasets/TOBRFV-LMID/RGB/Tomato/I/Virus/V_18_RGB_15_39.tiff
train,Tomato\I\Virus,Virus,V_18,18,15,4,Datasets/TOBRFV-LMID/RGB/Tomato/I/Virus/V_18_RGB_15_4.tiff
train,Tomato\I\Virus,Virus,V_18,18,15,40,Datasets/TOBRFV-LMID/RGB/Tomato/I/Virus/V_18_RGB_15_40.tiff
train,Tomato\I\Virus,Virus,V_18,18,15,41,Datasets/TOBRFV-LMID/RGB/Tomato/I/Virus/V_18_RGB_15_41.tiff
train,Tomato\I\Virus,Virus,V_18,18,15,42,Datasets/TOBRFV-LMID/RGB/Tomato/I/Virus/V_18_RGB_15_42.tiff
train,Tomato\I\Virus,Virus,V_18,18,15,43,Datasets/TOBRFV-LMID/RGB/Tomato/I/Virus/V_18_RGB_15_43.tiff
train,Tomato\I\Virus,Virus,V_18,18,15,44,Datasets/TOBRFV-LMID/RGB/Tomato/I/Virus/V_18_RGB_15_44.tiff
train,Tomato\I\Virus,Virus,V_18,18,15,45,Datasets/TOBRFV-LMID/RGB/Tomato/I/Virus/V_18_RGB_15_45.tiff
train,Tomato\I\Virus,Virus,V_18,18,15,5,Datasets/TOBRFV-LMID/RGB/Tomato/I/Virus/V_18_RGB_15_5.tiff
train,Tomato\I\Virus,Virus,V_18,18,15,6,Datasets/TOBRFV-LMID/RGB/Tomato/I/Virus/V_18_RGB_15_6.tiff
train,Tomato\I\Virus,Virus,V_18,18,15,7,Datasets/TOBRFV-LMID/RGB/Tomato/I/Virus/V_18_RGB_15_7.tiff
train,Tomato\I\Virus,Virus,V_18,18,15,8,Datasets/TOBRFV-LMID/RGB/Tomato/I/Virus/V_18_RGB_15_8.tiff
train,Tomato\I\Virus,Virus,V_18,18,15,9,Datasets/TOBRFV-LMID/RGB/Tomato/I/Virus/V_18_RGB_15_9.tiff
train,Tomato\I\Virus,Virus,V_26,26,0,1,Datasets/TOBRFV-LMID/RGB/Tomato/I/Virus/V_26_RGB_0_1.tiff
train,Tomato\I\Virus,Virus,V_26,26,0,10,Datasets/TOBRFV-LMID/RGB/Tomato/I/Virus/V_26_RGB_0_10.tiff
train,Tomato\I\Virus,Virus,V_26,26,0,11,Datasets/TOBRFV-LMID/RGB/Tomato/I/Virus/V_26_RGB_0_11.tiff
train,Tomato\I\Virus,Virus,V_26,26,0,12,Datasets/TOBRFV-LMID/RGB/Tomato/I/Virus/V_26_RGB_0_12.tiff
train,Tomato\I\Virus,Virus,V_26,26,0,13,Datasets/TOBRFV-LMID/RGB/Tomato/I/Virus/V_26_RGB_0_13.tiff
train,Tomato\I\Virus,Virus,V_26,26,0,14,Datasets/TOBRFV-LMID/RGB/Tomato/I/Virus/V_26_RGB_0_14.tiff
train,Tomato\I\Virus,Virus,V_26,26,0,15,Datasets/TOBRFV-LMID/RGB/Tomato/I/Virus/V_26_RGB_0_15.tiff
train,Tomato\I\Virus,Virus,V_26,26,0,16,Datasets/TOBRFV-LMID/RGB/Tomato/I/Virus/V_26_RGB_0_16.tiff
train,Tomato\I\Virus,Virus,V_26,26,0,17,Datasets/TOBRFV-LMID/RGB/Tomato/I/Virus/V_26_RGB_0_17.tiff
train,Tomato\I\Virus,Virus,V_26,26,0,18,Datasets/TOBRFV-LMID/RGB/Tomato/I/Virus/V_26_RGB_0_18.tiff
train,Tomato\I\Virus,Virus,V_26,26,0,19,Datasets/TOBRFV-LMID/RGB/Tomato/I/Virus/V_26_RGB_0_19.tiff
train,Tomato\I\Virus,Virus,V_26,26,0,2,Datasets/TOBRFV-LMID/RGB/Tomato/I/Virus/V_26_RGB_0_2.tiff
train,Tomato\I\Virus,Virus,V_26,26,0,20,Datasets/TOBRFV-LMID/RGB/Tomato/I/Virus/V_26_RGB_0_20.tiff
train,Tomato\I\Virus,Virus,V_26,26,0,21,Datasets/TOBRFV-LMID/RGB/Tomato/I/Virus/V_26_RGB_0_21.tiff
train,Tomato\I\Virus,Virus,V_26,26,0,22,Datasets/TOBRFV-LMID/RGB/Tomato/I/Virus/V_26_RGB_0_22.tiff
train,Tomato\I\Virus,Virus,V_26,26,0,23,Datasets/TOBRFV-LMID/RGB/Tomato/I/Virus/V_26_RGB_0_23.tiff
train,Tomato\I\Virus,Virus,V_26,26,0,24,Datasets/TOBRFV-LMID/RGB/Tomato/I/Virus/V_26_RGB_0_24.tiff
train,Tomato\I\Virus,Virus,V_26,26,0,25,Datasets/TOBRFV-LMID/RGB/Tomato/I/Virus/V_26_RGB_0_25.tiff
train,Tomato\I\Virus,Virus,V_26,26,0,26,Datasets/TOBRFV-LMID/RGB/Tomato/I/Virus/V_26_RGB_0_26.tiff
train,Tomato\I\Virus,Virus,V_26,26,0,27,Datasets/TOBRFV-LMID/RGB/Tomato/I/Virus/V_26_RGB_0_27.tiff
train,Tomato\I\Virus,Virus,V_26,26,0,28,Datasets/TOBRFV-LMID/RGB/Tomato/I/Virus/V_26_RGB_0_28.tiff
train,Tomato\I\Virus,Virus,V_26,26,0,29,Datasets/TOBRFV-LMID/RGB/Tomato/I/Virus/V_26_RGB_0_29.tiff
train,Tomato\I\Virus,Virus,V_26,26,0,3,Datasets/TOBRFV-LMID/RGB/Tomato/I/Virus/V_26_RGB_0_3.tiff
train,Tomato\I\Virus,Virus,V_26,26,0,30,Datasets/TOBRFV-LMID/RGB/Tomato/I/Virus/V_26_RGB_0_30.tiff
train,Tomato\I\Virus,Virus,V_26,26,0,31,Datasets/TOBRFV-LMID/RGB/Tomato/I/Virus/V_26_RGB_0_31.tiff
train,Tomato\I\Virus,Virus,V_26,26,0,32,Datasets/TOBRFV-LMID/RGB/Tomato/I/Virus/V_26_RGB_0_32.tiff
train,Tomato\I\Virus,Virus,V_26,26,0,33,Datasets/TOBRFV-LMID/RGB/Tomato/I/Virus/V_26_RGB_0_33.tiff
train,Tomato\I\Virus,Virus,V_26,26,0,34,Datasets/TOBRFV-LMID/RGB/Tomato/I/Virus/V_26_RGB_0_34.tiff
train,Tomato\I\Virus,Virus,V_26,26,0,35,Datasets/TOBRFV-LMID/RGB/Tomato/I/Virus/V_26_RGB_0_35.tiff
train,Tomato\I\Virus,Virus,V_26,26,0,36,Datasets/TOBRFV-LMID/RGB/Tomato/I/Virus/V_26_RGB_0_36.tiff
train,Tomato\I\Virus,Virus,V_26,26,0,37,Datasets/TOBRFV-LMID/RGB/Tomato/I/Virus/V_26_RGB_0_37.tiff
train,Tomato\I\Virus,Virus,V_26,26,0,38,Datasets/TOBRFV-LMID/RGB/Tomato/I/Virus/V_26_RGB_0_38.tiff
train,Tomato\I\Virus,Virus,V_26,26,0,39,Datasets/TOBRFV-LMID/RGB/Tomato/I/Virus/V_26_RGB_0_39.tiff
train,Tomato\I\Virus,Virus,V_26,26,0,4,Datasets/TOBRFV-LMID/RGB/Tomato/I/Virus/V_26_RGB_0_4.tiff
train,Tomato\I\Virus,Virus,V_26,26,0,40,Datasets/TOBRFV-LMID/RGB/Tomato/I/Virus/V_26_RGB_0_40.tiff
train,Tomato\I\Virus,Virus,V_26,26,0,41,Datasets/TOBRFV-LMID/RGB/Tomato/I/Virus/V_26_RGB_0_41.tiff
train,Tomato\I\Virus,Virus,V_26,26,0,42,Datasets/TOBRFV-LMID/RGB/Tomato/I/Virus/V_26_RGB_0_42.tiff
train,Tomato\I\Virus,Virus,V_26,26,0,43,Datasets/TOBRFV-LMID/RGB/Tomato/I/Virus/V_26_RGB_0_43.tiff
train,Tomato\I\Virus,Virus,V_26,26,0,44,Datasets/TOBRFV-LMID/RGB/Tomato/I/Virus/V_26_RGB_0_44.tiff
train,Tomato\I\Virus,Virus,V_26,26,0,45,Datasets/TOBRFV-LMID/RGB/Tomato/I/Virus/V_26_RGB_0_45.tiff
train,Tomato\I\Virus,Virus,V_26,26,0,5,Datasets/TOBRFV-LMID/RGB/Tomato/I/Virus/V_26_RGB_0_5.tiff
train,Tomato\I\Virus,Virus,V_26,26,0,6,Datasets/TOBRFV-LMID/RGB/Tomato/I/Virus/V_26_RGB_0_6.tiff
train,Tomato\I\Virus,Virus,V_26,26,0,7,Datasets/TOBRFV-LMID/RGB/Tomato/I/Virus/V_26_RGB_0_7.tiff
train,Tomato\I\Virus,Virus,V_26,26,0,8,Datasets/TOBRFV-LMID/RGB/Tomato/I/Virus/V_26_RGB_0_8.tiff
train,Tomato\I\Virus,Virus,V_26,26,0,9,Datasets/TOBRFV-LMID/RGB/Tomato/I/Virus/V_26_RGB_0_9.tiff
train,Tomato\I\Virus,Virus,V_26,26,15,1,Datasets/TOBRFV-LMID/RGB/Tomato/I/Virus/V_26_RGB_15_1.tiff
train,Tomato\I\Virus,Virus,V_26,26,15,10,Datasets/TOBRFV-LMID/RGB/Tomato/I/Virus/V_26_RGB_15_10.tiff
train,Tomato\I\Virus,Virus,V_26,26,15,11,Datasets/TOBRFV-LMID/RGB/Tomato/I/Virus/V_26_RGB_15_11.tiff
train,Tomato\I\Virus,Virus,V_26,26,15,12,Datasets/TOBRFV-LMID/RGB/Tomato/I/Virus/V_26_RGB_15_12.tiff
train,Tomato\I\Virus,Virus,V_26,26,15,13,Datasets/TOBRFV-LMID/RGB/Tomato/I/Virus/V_26_RGB_15_13.tiff
train,Tomato\I\Virus,Virus,V_26,26,15,14,Datasets/TOBRFV-LMID/RGB/Tomato/I/Virus/V_26_RGB_15_14.tiff
train,Tomato\I\Virus,Virus,V_26,26,15,15,Datasets/TOBRFV-LMID/RGB/Tomato/I/Virus/V_26_RGB_15_15.tiff
train,Tomato\I\Virus,Virus,V_26,26,15,16,Datasets/TOBRFV-LMID/RGB/Tomato/I/Virus/V_26_RGB_15_16.tiff
train,Tomato\I\Virus,Virus,V_26,26,15,17,Datasets/TOBRFV-LMID/RGB/Tomato/I/Virus/V_26_RGB_15_17.tiff
train,Tomato\I\Virus,Virus,V_26,26,15,18,Datasets/TOBRFV-LMID/RGB/Tomato/I/Virus/V_26_RGB_15_18.tiff
train,Tomato\I\Virus,Virus,V_26,26,15,19,Datasets/TOBRFV-LMID/RGB/Tomato/I/Virus/V_26_RGB_15_19.tiff
train,Tomato\I\Virus,Virus,V_26,26,15,2,Datasets/TOBRFV-LMID/RGB/Tomato/I/Virus/V_26_RGB_15_2.tiff
train,Tomato\I\Virus,Virus,V_26,26,15,20,Datasets/TOBRFV-LMID/RGB/Tomato/I/Virus/V_26_RGB_15_20.tiff
train,Tomato\I\Virus,Virus,V_26,26,15,21,Datasets/TOBRFV-LMID/RGB/Tomato/I/Virus/V_26_RGB_15_21.tiff
train,Tomato\I\Virus,Virus,V_26,26,15,22,Datasets/TOBRFV-LMID/RGB/Tomato/I/Virus/V_26_RGB_15_22.tiff
train,Tomato\I\Virus,Virus,V_26,26,15,23,Datasets/TOBRFV-LMID/RGB/Tomato/I/Virus/V_26_RGB_15_23.tiff
train,Tomato\I\Virus,Virus,V_26,26,15,24,Datasets/TOBRFV-LMID/RGB/Tomato/I/Virus/V_26_RGB_15_24.tiff
train,Tomato\I\Virus,Virus,V_26,26,15,25,Datasets/TOBRFV-LMID/RGB/Tomato/I/Virus/V_26_RGB_15_25.tiff
train,Tomato\I\Virus,Virus,V_26,26,15,26,Datasets/TOBRFV-LMID/RGB/Tomato/I/Virus/V_26_RGB_15_26.tiff
train,Tomato\I\Virus,Virus,V_26,26,15,27,Datasets/TOBRFV-LMID/RGB/Tomato/I/Virus/V_26_RGB_15_27.tiff
train,Tomato\I\Virus,Virus,V_26,26,15,28,Datasets/TOBRFV-LMID/RGB/Tomato/I/Virus/V_26_RGB_15_28.tiff
train,Tomato\I\Virus,Virus,V_26,26,15,29,Datasets/TOBRFV-LMID/RGB/Tomato/I/Virus/V_26_RGB_15_29.tiff
train,Tomato\I\Virus,Virus,V_26,26,15,3,Datasets/TOBRFV-LMID/RGB/Tomato/I/Virus/V_26_RGB_15_3.tiff
train,Tomato\I\Virus,Virus,V_26,26,15,30,Datasets/TOBRFV-LMID/RGB/Tomato/I/Virus/V_26_RGB_15_30.tiff
train,Tomato\I\Virus,Virus,V_26,26,15,31,Datasets/TOBRFV-LMID/RGB/Tomato/I/Virus/V_26_RGB_15_31.tiff
train,Tomato\I\Virus,Virus,V_26,26,15,32,Datasets/TOBRFV-LMID/RGB/Tomato/I/Virus/V_26_RGB_15_32.tiff
train,Tomato\I\Virus,Virus,V_26,26,15,33,Datasets/TOBRFV-LMID/RGB/Tomato/I/Virus/V_26_RGB_15_33.tiff
train,Tomato\I\Virus,Virus,V_26,26,15,34,Datasets/TOBRFV-LMID/RGB/Tomato/I/Virus/V_26_RGB_15_34.tiff
train,Tomato\I\Virus,Virus,V_26,26,15,35,Datasets/TOBRFV-LMID/RGB/Tomato/I/Virus/V_26_RGB_15_35.tiff
train,Tomato\I\Virus,Virus,V_26,26,15,36,Datasets/TOBRFV-LMID/RGB/Tomato/I/Virus/V_26_RGB_15_36.tiff
train,Tomato\I\Virus,Virus,V_26,26,15,37,Datasets/TOBRFV-LMID/RGB/Tomato/I/Virus/V_26_RGB_15_37.tiff
train,Tomato\I\Virus,Virus,V_26,26,15,38,Datasets/TOBRFV-LMID/RGB/Tomato/I/Virus/V_26_RGB_15_38.tiff
train,Tomato\I\Virus,Virus,V_26,26,15,39,Datasets/TOBRFV-LMID/RGB/Tomato/I/Virus/V_26_RGB_15_39.tiff
train,Tomato\I\Virus,Virus,V_26,26,15,4,Datasets/TOBRFV-LMID/RGB/Tomato/I/Virus/V_26_RGB_15_4.tiff
train,Tomato\I\Virus,Virus,V_26,26,15,40,Datasets/TOBRFV-LMID/RGB/Tomato/I/Virus/V_26_RGB_15_40.tiff
train,Tomato\I\Virus,Virus,V_26,26,15,41,Datasets/TOBRFV-LMID/RGB/Tomato/I/Virus/V_26_RGB_15_41.tiff
train,Tomato\I\Virus,Virus,V_26,26,15,42,Datasets/TOBRFV-LMID/RGB/Tomato/I/Virus/V_26_RGB_15_42.tiff
train,Tomato\I\Virus,Virus,V_26,26,15,43,Datasets/TOBRFV-LMID/RGB/Tomato/I/Virus/V_26_RGB_15_43.tiff
train,Tomato\I\Virus,Virus,V_26,26,15,44,Datasets/TOBRFV-LMID/RGB/Tomato/I/Virus/V_26_RGB_15_44.tiff
train,Tomato\I\Virus,Virus,V_26,26,15,45,Datasets/TOBRFV-LMID/RGB/Tomato/I/Virus/V_26_RGB_15_45.tiff
train,Tomato\I\Virus,Virus,V_26,26,15,5,Datasets/TOBRFV-LMID/RGB/Tomato/I/Virus/V_26_RGB_15_5.tiff
train,Tomato\I\Virus,Virus,V_26,26,15,6,Datasets/TOBRFV-LMID/RGB/Tomato/I/Virus/V_26_RGB_15_6.tiff
train,Tomato\I\Virus,Virus,V_26,26,15,7,Datasets/TOBRFV-LMID/RGB/Tomato/I/Virus/V_26_RGB_15_7.tiff
train,Tomato\I\Virus,Virus,V_26,26,15,8,Datasets/TOBRFV-LMID/RGB/Tomato/I/Virus/V_26_RGB_15_8.tiff
train,Tomato\I\Virus,Virus,V_26,26,15,9,Datasets/TOBRFV-LMID/RGB/Tomato/I/Virus/V_26_RGB_15_9.tiff
